employee_id,department,gap_count,top_recommendation,training_duration,training_type,all_recommendations
1,Finance,1433,Business Analytics Tools,3 weeks,Software,"[{'missing_skill': 'ACL Analytics', 'recommended_course': 'Business Analytics Tools', 'type': 'Software', 'duration': '3 weeks'}]"
2,Sales,670,Accounting Software Proficiency,3 weeks,Software,"[{'missing_skill': 'ADP Drive DMS for Accounting', 'recommended_course': 'Accounting Software Proficiency', 'type': 'Software', 'duration': '3 weeks'}, {'missing_skill': 'AJAX', 'recommended_course': 'AJAX & Asynchronous Web Development', 'type': 'Technical', 'duration': '3 weeks'}, {'missing_skill': 'AMS Services AMS Sagitta', 'recommended_course': 'Git Version Control', 'type': 'Technical', 'duration': '1 week'}]"
3,Support,399,ERP Implementation & Management,6 weeks,Software,"[{'missing_skill': 'ADP Enterprise HR', 'recommended_course': 'ERP Implementation & Management', 'type': 'Software', 'duration': '6 weeks'}, {'missing_skill': 'API Healthcare ActiveStaffer', 'recommended_course': 'RESTful API Design', 'type': 'Technical', 'duration': '2 weeks'}, {'missing_skill': 'Active Learning', 'recommended_course': 'Active Learning Techniques', 'type': 'Soft Skill', 'duration': '2 weeks'}, {'missing_skill': 'Active Listening', 'recommended_course': 'Active Listening Workshop', 'type': 'Soft Skill', 'duration': '1 week'}]"
4,HR,397,ERP Implementation & Management,6 weeks,Software,"[{'missing_skill': 'ADP Enterprise HR', 'recommended_course': 'ERP Implementation & Management', 'type': 'Software', 'duration': '6 weeks'}, {'missing_skill': 'AJAX', 'recommended_course': 'AJAX & Asynchronous Web Development', 'type': 'Technical', 'duration': '3 weeks'}, {'missing_skill': 'Active Listening', 'recommended_course': 'Active Listening Workshop', 'type': 'Soft Skill', 'duration': '1 week'}, {'missing_skill': 'Adobe Acrobat', 'recommended_course': 'Adobe Acrobat Professional', 'type': 'Software', 'duration': '2 weeks'}, {'missing_skill': 'Adobe ActionScript', 'recommended_course': 'Adobe ActionScript Programming', 'type': 'Software', 'duration': '4 weeks'}, {'missing_skill': 'Adobe After Effects', 'recommended_course': 'Adobe After Effects Motion Graphics', 'type': 'Software', 'duration': '4 weeks'}]"
5,Sales,671,Accounting Software Proficiency,3 weeks,Software,"[{'missing_skill': 'ADP Drive DMS for Accounting', 'recommended_course': 'Accounting Software Proficiency', 'type': 'Software', 'duration': '3 weeks'}, {'missing_skill': 'AJAX', 'recommended_course': 'AJAX & Asynchronous Web Development', 'type': 'Technical', 'duration': '3 weeks'}, {'missing_skill': 'AMS Services AMS Sagitta', 'recommended_course': 'Git Version Control', 'type': 'Technical', 'duration': '1 week'}]"
6,Support,399,ERP Implementation & Management,6 weeks,Software,"[{'missing_skill': 'ADP Enterprise HR', 'recommended_course': 'ERP Implementation & Management', 'type': 'Software', 'duration': '6 weeks'}, {'missing_skill': 'API Healthcare ActiveStaffer', 'recommended_course': 'RESTful API Design', 'type': 'Technical', 'duration': '2 weeks'}, {'missing_skill': 'Active Learning', 'recommended_course': 'Active Learning Techniques', 'type': 'Soft Skill', 'duration': '2 weeks'}, {'missing_skill': 'Active Listening', 'recommended_course': 'Active Listening Workshop', 'type': 'Soft Skill', 'duration': '1 week'}]"
7,IT,2492,3D Graphics Fundamentals,6 weeks,Technical,"[{'missing_skill': '3D graphics software', 'recommended_course': '3D Graphics Fundamentals', 'type': 'Technical', 'duration': '6 weeks'}]"
8,HR,397,ERP Implementation & Management,6 weeks,Software,"[{'missing_skill': 'ADP Enterprise HR', 'recommended_course': 'ERP Implementation & Management', 'type': 'Software', 'duration': '6 weeks'}, {'missing_skill': 'AJAX', 'recommended_course': 'AJAX & Asynchronous Web Development', 'type': 'Technical', 'duration': '3 weeks'}, {'missing_skill': 'Active Listening', 'recommended_course': 'Active Listening Workshop', 'type': 'Soft Skill', 'duration': '1 week'}, {'missing_skill': 'Adobe Acrobat', 'recommended_course': 'Adobe Acrobat Professional', 'type': 'Software', 'duration': '2 weeks'}, {'missing_skill': 'Adobe ActionScript', 'recommended_course': 'Adobe ActionScript Programming', 'type': 'Software', 'duration': '4 weeks'}, {'missing_skill': 'Adobe After Effects', 'recommended_course': 'Adobe After Effects Motion Graphics', 'type': 'Software', 'duration': '4 weeks'}]"
9,HR,397,ERP Implementation & Management,6 weeks,Software,"[{'missing_skill': 'ADP Enterprise HR', 'recommended_course': 'ERP Implementation & Management', 'type': 'Software', 'duration': '6 weeks'}, {'missing_skill': 'AJAX', 'recommended_course': 'AJAX & Asynchronous Web Development', 'type': 'Technical', 'duration': '3 weeks'}, {'missing_skill': 'Active Listening', 'recommended_course': 'Active Listening Workshop', 'type': 'Soft Skill', 'duration': '1 week'}, {'missing_skill': 'Adobe Acrobat', 'recommended_course': 'Adobe Acrobat Professional', 'type': 'Software', 'duration': '2 weeks'}, {'missing_skill': 'Adobe ActionScript', 'recommended_course': 'Adobe ActionScript Programming', 'type': 'Software', 'duration': '4 weeks'}, {'missing_skill': 'Adobe After Effects', 'recommended_course': 'Adobe After Effects Motion Graphics', 'type': 'Software', 'duration': '4 weeks'}]"
10,Finance,1433,Business Analytics Tools,3 weeks,Software,"[{'missing_skill': 'ACL Analytics', 'recommended_course': 'Business Analytics Tools', 'type': 'Software', 'duration': '3 weeks'}]"
11,HR,397,ERP Implementation & Management,6 weeks,Software,"[{'missing_skill': 'ADP Enterprise HR', 'recommended_course': 'ERP Implementation & Management', 'type': 'Software', 'duration': '6 weeks'}, {'missing_skill': 'AJAX', 'recommended_course': 'AJAX & Asynchronous Web Development', 'type': 'Technical', 'duration': '3 weeks'}, {'missing_skill': 'Active Listening', 'recommended_course': 'Active Listening Workshop', 'type': 'Soft Skill', 'duration': '1 week'}, {'missing_skill': 'Adobe Acrobat', 'recommended_course': 'Adobe Acrobat Professional', 'type': 'Software', 'duration': '2 weeks'}, {'missing_skill': 'Adobe ActionScript', 'recommended_course': 'Adobe ActionScript Programming', 'type': 'Software', 'duration': '4 weeks'}, {'missing_skill': 'Adobe After Effects', 'recommended_course': 'Adobe After Effects Motion Graphics', 'type': 'Software', 'duration': '4 weeks'}]"
12,Support,400,ERP Implementation & Management,6 weeks,Software,"[{'missing_skill': 'ADP Enterprise HR', 'recommended_course': 'ERP Implementation & Management', 'type': 'Software', 'duration': '6 weeks'}, {'missing_skill': 'API Healthcare ActiveStaffer', 'recommended_course': 'RESTful API Design', 'type': 'Technical', 'duration': '2 weeks'}, {'missing_skill': 'Active Learning', 'recommended_course': 'Active Learning Techniques', 'type': 'Soft Skill', 'duration': '2 weeks'}, {'missing_skill': 'Active Listening', 'recommended_course': 'Active Listening Workshop', 'type': 'Soft Skill', 'duration': '1 week'}]"
13,Finance,1433,Business Analytics Tools,3 weeks,Software,"[{'missing_skill': 'ACL Analytics', 'recommended_course': 'Business Analytics Tools', 'type': 'Software', 'duration': '3 weeks'}]"
14,HR,397,ERP Implementation & Management,6 weeks,Software,"[{'missing_skill': 'ADP Enterprise HR', 'recommended_course': 'ERP Implementation & Management', 'type': 'Software', 'duration': '6 weeks'}, {'missing_skill': 'AJAX', 'recommended_course': 'AJAX & Asynchronous Web Development', 'type': 'Technical', 'duration': '3 weeks'}, {'missing_skill': 'Active Listening', 'recommended_course': 'Active Listening Workshop', 'type': 'Soft Skill', 'duration': '1 week'}, {'missing_skill': 'Adobe Acrobat', 'recommended_course': 'Adobe Acrobat Professional', 'type': 'Software', 'duration': '2 weeks'}, {'missing_skill': 'Adobe ActionScript', 'recommended_course': 'Adobe ActionScript Programming', 'type': 'Software', 'duration': '4 weeks'}, {'missing_skill': 'Adobe After Effects', 'recommended_course': 'Adobe After Effects Motion Graphics', 'type': 'Software', 'duration': '4 weeks'}]"
15,IT,2491,3D Graphics Fundamentals,6 weeks,Technical,"[{'missing_skill': '3D graphics software', 'recommended_course': '3D Graphics Fundamentals', 'type': 'Technical', 'duration': '6 weeks'}]"
16,Marketing,175,Cybersecurity Fundamentals,4 weeks,Technical,"[{'missing_skill': '2AB iLock Security Services', 'recommended_course': 'Cybersecurity Fundamentals', 'type': 'Technical', 'duration': '4 weeks'}, {'missing_skill': '911 system information databases', 'recommended_course': 'Database Reporting & BI Tools', 'type': 'Technical', 'duration': '3 weeks'}, {'missing_skill': 'Access management software', 'recommended_course': 'Access Management Systems', 'type': 'Software', 'duration': '2 weeks'}, {'missing_skill': 'Active Learning', 'recommended_course': 'Active Learning Techniques', 'type': 'Soft Skill', 'duration': '2 weeks'}, {'missing_skill': 'Active Listening', 'recommended_course': 'Active Listening Workshop', 'type': 'Soft Skill', 'duration': '1 week'}, {'missing_skill': 'Adobe Acrobat', 'recommended_course': 'Adobe Acrobat Professional', 'type': 'Software', 'duration': '2 weeks'}, {'missing_skill': 'Adobe Acrobat Reader', 'recommended_course': 'Adobe Creative Suite Mastery', 'type': 'Software', 'duration': '6 weeks'}, {'missing_skill': 'Adobe ActionScript', 'recommended_course': 'Adobe ActionScript Programming', 'type': 'Software', 'duration': '4 weeks'}]"
17,Support,400,ERP Implementation & Management,6 weeks,Software,"[{'missing_skill': 'ADP Enterprise HR', 'recommended_course': 'ERP Implementation & Management', 'type': 'Software', 'duration': '6 weeks'}, {'missing_skill': 'API Healthcare ActiveStaffer', 'recommended_course': 'RESTful API Design', 'type': 'Technical', 'duration': '2 weeks'}, {'missing_skill': 'Active Learning', 'recommended_course': 'Active Learning Techniques', 'type': 'Soft Skill', 'duration': '2 weeks'}, {'missing_skill': 'Active Listening', 'recommended_course': 'Active Listening Workshop', 'type': 'Soft Skill', 'duration': '1 week'}]"
18,IT,2492,3D Graphics Fundamentals,6 weeks,Technical,"[{'missing_skill': '3D graphics software', 'recommended_course': '3D Graphics Fundamentals', 'type': 'Technical', 'duration': '6 weeks'}]"
19,Support,400,ERP Implementation & Management,6 weeks,Software,"[{'missing_skill': 'ADP Enterprise HR', 'recommended_course': 'ERP Implementation & Management', 'type': 'Software', 'duration': '6 weeks'}, {'missing_skill': 'API Healthcare ActiveStaffer', 'recommended_course': 'RESTful API Design', 'type': 'Technical', 'duration': '2 weeks'}, {'missing_skill': 'Active Learning', 'recommended_course': 'Active Learning Techniques', 'type': 'Soft Skill', 'duration': '2 weeks'}, {'missing_skill': 'Active Listening', 'recommended_course': 'Active Listening Workshop', 'type': 'Soft Skill', 'duration': '1 week'}]"
20,Support,399,ERP Implementation & Management,6 weeks,Software,"[{'missing_skill': 'ADP Enterprise HR', 'recommended_course': 'ERP Implementation & Management', 'type': 'Software', 'duration': '6 weeks'}, {'missing_skill': 'API Healthcare ActiveStaffer', 'recommended_course': 'RESTful API Design', 'type': 'Technical', 'duration': '2 weeks'}, {'missing_skill': 'Active Learning', 'recommended_course': 'Active Learning Techniques', 'type': 'Soft Skill', 'duration': '2 weeks'}, {'missing_skill': 'Active Listening', 'recommended_course': 'Active Listening Workshop', 'type': 'Soft Skill', 'duration': '1 week'}]"
21,Support,399,ERP Implementation & Management,6 weeks,Software,"[{'missing_skill': 'ADP Enterprise HR', 'recommended_course': 'ERP Implementation & Management', 'type': 'Software', 'duration': '6 weeks'}, {'missing_skill': 'API Healthcare ActiveStaffer', 'recommended_course': 'RESTful API Design', 'type': 'Technical', 'duration': '2 weeks'}, {'missing_skill': 'Active Learning', 'recommended_course': 'Active Learning Techniques', 'type': 'Soft Skill', 'duration': '2 weeks'}, {'missing_skill': 'Active Listening', 'recommended_course': 'Active Listening Workshop', 'type': 'Soft Skill', 'duration': '1 week'}]"
22,Sales,669,Accounting Software Proficiency,3 weeks,Software,"[{'missing_skill': 'ADP Drive DMS for Accounting', 'recommended_course': 'Accounting Software Proficiency', 'type': 'Software', 'duration': '3 weeks'}, {'missing_skill': 'AJAX', 'recommended_course': 'AJAX & Asynchronous Web Development', 'type': 'Technical', 'duration': '3 weeks'}, {'missing_skill': 'AMS Services AMS Sagitta', 'recommended_course': 'Git Version Control', 'type': 'Technical', 'duration': '1 week'}]"
23,IT,2491,3D Graphics Fundamentals,6 weeks,Technical,"[{'missing_skill': '3D graphics software', 'recommended_course': '3D Graphics Fundamentals', 'type': 'Technical', 'duration': '6 weeks'}]"
24,IT,2492,3D Graphics Fundamentals,6 weeks,Technical,"[{'missing_skill': '3D graphics software', 'recommended_course': '3D Graphics Fundamentals', 'type': 'Technical', 'duration': '6 weeks'}]"
25,Marketing,175,Cybersecurity Fundamentals,4 weeks,Technical,"[{'missing_skill': '2AB iLock Security Services', 'recommended_course': 'Cybersecurity Fundamentals', 'type': 'Technical', 'duration': '4 weeks'}, {'missing_skill': '911 system information databases', 'recommended_course': 'Database Reporting & BI Tools', 'type': 'Technical', 'duration': '3 weeks'}, {'missing_skill': 'Access management software', 'recommended_course': 'Access Management Systems', 'type': 'Software', 'duration': '2 weeks'}, {'missing_skill': 'Active Learning', 'recommended_course': 'Active Learning Techniques', 'type': 'Soft Skill', 'duration': '2 weeks'}, {'missing_skill': 'Active Listening', 'recommended_course': 'Active Listening Workshop', 'type': 'Soft Skill', 'duration': '1 week'}, {'missing_skill': 'Adobe Acrobat', 'recommended_course': 'Adobe Acrobat Professional', 'type': 'Software', 'duration': '2 weeks'}, {'missing_skill': 'Adobe Acrobat Reader', 'recommended_course': 'Adobe Creative Suite Mastery', 'type': 'Software', 'duration': '6 weeks'}, {'missing_skill': 'Adobe ActionScript', 'recommended_course': 'Adobe ActionScript Programming', 'type': 'Software', 'duration': '4 weeks'}]"
26,Marketing,175,Cybersecurity Fundamentals,4 weeks,Technical,"[{'missing_skill': '2AB iLock Security Services', 'recommended_course': 'Cybersecurity Fundamentals', 'type': 'Technical', 'duration': '4 weeks'}, {'missing_skill': '911 system information databases', 'recommended_course': 'Database Reporting & BI Tools', 'type': 'Technical', 'duration': '3 weeks'}, {'missing_skill': 'Access management software', 'recommended_course': 'Access Management Systems', 'type': 'Software', 'duration': '2 weeks'}, {'missing_skill': 'Active Learning', 'recommended_course': 'Active Learning Techniques', 'type': 'Soft Skill', 'duration': '2 weeks'}, {'missing_skill': 'Active Listening', 'recommended_course': 'Active Listening Workshop', 'type': 'Soft Skill', 'duration': '1 week'}, {'missing_skill': 'Adobe Acrobat', 'recommended_course': 'Adobe Acrobat Professional', 'type': 'Software', 'duration': '2 weeks'}, {'missing_skill': 'Adobe Acrobat Reader', 'recommended_course': 'Adobe Creative Suite Mastery', 'type': 'Software', 'duration': '6 weeks'}, {'missing_skill': 'Adobe ActionScript', 'recommended_course': 'Adobe ActionScript Programming', 'type': 'Software', 'duration': '4 weeks'}]"
27,Sales,669,Accounting Software Proficiency,3 weeks,Software,"[{'missing_skill': 'ADP Drive DMS for Accounting', 'recommended_course': 'Accounting Software Proficiency', 'type': 'Software', 'duration': '3 weeks'}, {'missing_skill': 'AJAX', 'recommended_course': 'AJAX & Asynchronous Web Development', 'type': 'Technical', 'duration': '3 weeks'}, {'missing_skill': 'AMS Services AMS Sagitta', 'recommended_course': 'Git Version Control', 'type': 'Technical', 'duration': '1 week'}]"
28,Marketing,175,Cybersecurity Fundamentals,4 weeks,Technical,"[{'missing_skill': '2AB iLock Security Services', 'recommended_course': 'Cybersecurity Fundamentals', 'type': 'Technical', 'duration': '4 weeks'}, {'missing_skill': '911 system information databases', 'recommended_course': 'Database Reporting & BI Tools', 'type': 'Technical', 'duration': '3 weeks'}, {'missing_skill': 'Access management software', 'recommended_course': 'Access Management Systems', 'type': 'Software', 'duration': '2 weeks'}, {'missing_skill': 'Active Learning', 'recommended_course': 'Active Learning Techniques', 'type': 'Soft Skill', 'duration': '2 weeks'}, {'missing_skill': 'Active Listening', 'recommended_course': 'Active Listening Workshop', 'type': 'Soft Skill', 'duration': '1 week'}, {'missing_skill': 'Adobe Acrobat', 'recommended_course': 'Adobe Acrobat Professional', 'type': 'Software', 'duration': '2 weeks'}, {'missing_skill': 'Adobe Acrobat Reader', 'recommended_course': 'Adobe Creative Suite Mastery', 'type': 'Software', 'duration': '6 weeks'}, {'missing_skill': 'Adobe ActionScript', 'recommended_course': 'Adobe ActionScript Programming', 'type': 'Software', 'duration': '4 weeks'}]"
29,Finance,1433,Business Analytics Tools,3 weeks,Software,"[{'missing_skill': 'ACL Analytics', 'recommended_course': 'Business Analytics Tools', 'type': 'Software', 'duration': '3 weeks'}]"
30,Support,399,ERP Implementation & Management,6 weeks,Software,"[{'missing_skill': 'ADP Enterprise HR', 'recommended_course': 'ERP Implementation & Management', 'type': 'Software', 'duration': '6 weeks'}, {'missing_skill': 'API Healthcare ActiveStaffer', 'recommended_course': 'RESTful API Design', 'type': 'Technical', 'duration': '2 weeks'}, {'missing_skill': 'Active Learning', 'recommended_course': 'Active Learning Techniques', 'type': 'Soft Skill', 'duration': '2 weeks'}, {'missing_skill': 'Active Listening', 'recommended_course': 'Active Listening Workshop', 'type': 'Soft Skill', 'duration': '1 week'}]"
31,IT,2494,3D Graphics Fundamentals,6 weeks,Technical,"[{'missing_skill': '3D graphics software', 'recommended_course': '3D Graphics Fundamentals', 'type': 'Technical', 'duration': '6 weeks'}]"
32,Marketing,175,Cybersecurity Fundamentals,4 weeks,Technical,"[{'missing_skill': '2AB iLock Security Services', 'recommended_course': 'Cybersecurity Fundamentals', 'type': 'Technical', 'duration': '4 weeks'}, {'missing_skill': '911 system information databases', 'recommended_course': 'Database Reporting & BI Tools', 'type': 'Technical', 'duration': '3 weeks'}, {'missing_skill': 'Access management software', 'recommended_course': 'Access Management Systems', 'type': 'Software', 'duration': '2 weeks'}, {'missing_skill': 'Active Learning', 'recommended_course': 'Active Learning Techniques', 'type': 'Soft Skill', 'duration': '2 weeks'}, {'missing_skill': 'Active Listening', 'recommended_course': 'Active Listening Workshop', 'type': 'Soft Skill', 'duration': '1 week'}, {'missing_skill': 'Adobe Acrobat', 'recommended_course': 'Adobe Acrobat Professional', 'type': 'Software', 'duration': '2 weeks'}, {'missing_skill': 'Adobe Acrobat Reader', 'recommended_course': 'Adobe Creative Suite Mastery', 'type': 'Software', 'duration': '6 weeks'}, {'missing_skill': 'Adobe ActionScript', 'recommended_course': 'Adobe ActionScript Programming', 'type': 'Software', 'duration': '4 weeks'}]"
33,IT,2492,3D Graphics Fundamentals,6 weeks,Technical,"[{'missing_skill': '3D graphics software', 'recommended_course': '3D Graphics Fundamentals', 'type': 'Technical', 'duration': '6 weeks'}]"
34,IT,2491,3D Graphics Fundamentals,6 weeks,Technical,"[{'missing_skill': '3D graphics software', 'recommended_course': '3D Graphics Fundamentals', 'type': 'Technical', 'duration': '6 weeks'}]"
35,Marketing,176,Cybersecurity Fundamentals,4 weeks,Technical,"[{'missing_skill': '2AB iLock Security Services', 'recommended_course': 'Cybersecurity Fundamentals', 'type': 'Technical', 'duration': '4 weeks'}, {'missing_skill': '911 system information databases', 'recommended_course': 'Database Reporting & BI Tools', 'type': 'Technical', 'duration': '3 weeks'}, {'missing_skill': 'Access management software', 'recommended_course': 'Access Management Systems', 'type': 'Software', 'duration': '2 weeks'}, {'missing_skill': 'Active Learning', 'recommended_course': 'Active Learning Techniques', 'type': 'Soft Skill', 'duration': '2 weeks'}, {'missing_skill': 'Active Listening', 'recommended_course': 'Active Listening Workshop', 'type': 'Soft Skill', 'duration': '1 week'}, {'missing_skill': 'Adobe Acrobat', 'recommended_course': 'Adobe Acrobat Professional', 'type': 'Software', 'duration': '2 weeks'}, {'missing_skill': 'Adobe Acrobat Reader', 'recommended_course': 'Adobe Creative Suite Mastery', 'type': 'Software', 'duration': '6 weeks'}, {'missing_skill': 'Adobe ActionScript', 'recommended_course': 'Adobe ActionScript Programming', 'type': 'Software', 'duration': '4 weeks'}]"
36,Finance,1433,Business Analytics Tools,3 weeks,Software,"[{'missing_skill': 'ACL Analytics', 'recommended_course': 'Business Analytics Tools', 'type': 'Software', 'duration': '3 weeks'}]"
37,Marketing,176,Cybersecurity Fundamentals,4 weeks,Technical,"[{'missing_skill': '2AB iLock Security Services', 'recommended_course': 'Cybersecurity Fundamentals', 'type': 'Technical', 'duration': '4 weeks'}, {'missing_skill': '911 system information databases', 'recommended_course': 'Database Reporting & BI Tools', 'type': 'Technical', 'duration': '3 weeks'}, {'missing_skill': 'Access management software', 'recommended_course': 'Access Management Systems', 'type': 'Software', 'duration': '2 weeks'}, {'missing_skill': 'Active Learning', 'recommended_course': 'Active Learning Techniques', 'type': 'Soft Skill', 'duration': '2 weeks'}, {'missing_skill': 'Active Listening', 'recommended_course': 'Active Listening Workshop', 'type': 'Soft Skill', 'duration': '1 week'}, {'missing_skill': 'Adobe Acrobat', 'recommended_course': 'Adobe Acrobat Professional', 'type': 'Software', 'duration': '2 weeks'}, {'missing_skill': 'Adobe Acrobat Reader', 'recommended_course': 'Adobe Creative Suite Mastery', 'type': 'Software', 'duration': '6 weeks'}, {'missing_skill': 'Adobe ActionScript', 'recommended_course': 'Adobe ActionScript Programming', 'type': 'Software', 'duration': '4 weeks'}]"
38,Finance,1433,Business Analytics Tools,3 weeks,Software,"[{'missing_skill': 'ACL Analytics', 'recommended_course': 'Business Analytics Tools', 'type': 'Software', 'duration': '3 weeks'}]"
39,Finance,1433,Business Analytics Tools,3 weeks,Software,"[{'missing_skill': 'ACL Analytics', 'recommended_course': 'Business Analytics Tools', 'type': 'Software', 'duration': '3 weeks'}]"
40,Finance,1433,Business Analytics Tools,3 weeks,Software,"[{'missing_skill': 'ACL Analytics', 'recommended_course': 'Business Analytics Tools', 'type': 'Software', 'duration': '3 weeks'}]"
41,Sales,669,Accounting Software Proficiency,3 weeks,Software,"[{'missing_skill': 'ADP Drive DMS for Accounting', 'recommended_course': 'Accounting Software Proficiency', 'type': 'Software', 'duration': '3 weeks'}, {'missing_skill': 'AJAX', 'recommended_course': 'AJAX & Asynchronous Web Development', 'type': 'Technical', 'duration': '3 weeks'}, {'missing_skill': 'AMS Services AMS Sagitta', 'recommended_course': 'Git Version Control', 'type': 'Technical', 'duration': '1 week'}]"
42,Marketing,175,Cybersecurity Fundamentals,4 weeks,Technical,"[{'missing_skill': '2AB iLock Security Services', 'recommended_course': 'Cybersecurity Fundamentals', 'type': 'Technical', 'duration': '4 weeks'}, {'missing_skill': '911 system information databases', 'recommended_course': 'Database Reporting & BI Tools', 'type': 'Technical', 'duration': '3 weeks'}, {'missing_skill': 'Access management software', 'recommended_course': 'Access Management Systems', 'type': 'Software', 'duration': '2 weeks'}, {'missing_skill': 'Active Learning', 'recommended_course': 'Active Learning Techniques', 'type': 'Soft Skill', 'duration': '2 weeks'}, {'missing_skill': 'Active Listening', 'recommended_course': 'Active Listening Workshop', 'type': 'Soft Skill', 'duration': '1 week'}, {'missing_skill': 'Adobe Acrobat', 'recommended_course': 'Adobe Acrobat Professional', 'type': 'Software', 'duration': '2 weeks'}, {'missing_skill': 'Adobe Acrobat Reader', 'recommended_course': 'Adobe Creative Suite Mastery', 'type': 'Software', 'duration': '6 weeks'}, {'missing_skill': 'Adobe ActionScript', 'recommended_course': 'Adobe ActionScript Programming', 'type': 'Software', 'duration': '4 weeks'}]"
43,Marketing,177,Cybersecurity Fundamentals,4 weeks,Technical,"[{'missing_skill': '2AB iLock Security Services', 'recommended_course': 'Cybersecurity Fundamentals', 'type': 'Technical', 'duration': '4 weeks'}, {'missing_skill': '911 system information databases', 'recommended_course': 'Database Reporting & BI Tools', 'type': 'Technical', 'duration': '3 weeks'}, {'missing_skill': 'Access management software', 'recommended_course': 'Access Management Systems', 'type': 'Software', 'duration': '2 weeks'}, {'missing_skill': 'Active Learning', 'recommended_course': 'Active Learning Techniques', 'type': 'Soft Skill', 'duration': '2 weeks'}, {'missing_skill': 'Active Listening', 'recommended_course': 'Active Listening Workshop', 'type': 'Soft Skill', 'duration': '1 week'}, {'missing_skill': 'Adobe Acrobat', 'recommended_course': 'Adobe Acrobat Professional', 'type': 'Software', 'duration': '2 weeks'}, {'missing_skill': 'Adobe Acrobat Reader', 'recommended_course': 'Adobe Creative Suite Mastery', 'type': 'Software', 'duration': '6 weeks'}, {'missing_skill': 'Adobe ActionScript', 'recommended_course': 'Adobe ActionScript Programming', 'type': 'Software', 'duration': '4 weeks'}]"
44,IT,2494,3D Graphics Fundamentals,6 weeks,Technical,"[{'missing_skill': '3D graphics software', 'recommended_course': '3D Graphics Fundamentals', 'type': 'Technical', 'duration': '6 weeks'}]"
45,Finance,1432,Business Analytics Tools,3 weeks,Software,"[{'missing_skill': 'ACL Analytics', 'recommended_course': 'Business Analytics Tools', 'type': 'Software', 'duration': '3 weeks'}]"
46,IT,2493,3D Graphics Fundamentals,6 weeks,Technical,"[{'missing_skill': '3D graphics software', 'recommended_course': '3D Graphics Fundamentals', 'type': 'Technical', 'duration': '6 weeks'}]"
47,Sales,670,Accounting Software Proficiency,3 weeks,Software,"[{'missing_skill': 'ADP Drive DMS for Accounting', 'recommended_course': 'Accounting Software Proficiency', 'type': 'Software', 'duration': '3 weeks'}, {'missing_skill': 'AJAX', 'recommended_course': 'AJAX & Asynchronous Web Development', 'type': 'Technical', 'duration': '3 weeks'}, {'missing_skill': 'AMS Services AMS Sagitta', 'recommended_course': 'Git Version Control', 'type': 'Technical', 'duration': '1 week'}]"
48,Sales,670,Accounting Software Proficiency,3 weeks,Software,"[{'missing_skill': 'ADP Drive DMS for Accounting', 'recommended_course': 'Accounting Software Proficiency', 'type': 'Software', 'duration': '3 weeks'}, {'missing_skill': 'AJAX', 'recommended_course': 'AJAX & Asynchronous Web Development', 'type': 'Technical', 'duration': '3 weeks'}, {'missing_skill': 'AMS Services AMS Sagitta', 'recommended_course': 'Git Version Control', 'type': 'Technical', 'duration': '1 week'}]"
49,Support,399,ERP Implementation & Management,6 weeks,Software,"[{'missing_skill': 'ADP Enterprise HR', 'recommended_course': 'ERP Implementation & Management', 'type': 'Software', 'duration': '6 weeks'}, {'missing_skill': 'API Healthcare ActiveStaffer', 'recommended_course': 'RESTful API Design', 'type': 'Technical', 'duration': '2 weeks'}, {'missing_skill': 'Active Learning', 'recommended_course': 'Active Learning Techniques', 'type': 'Soft Skill', 'duration': '2 weeks'}, {'missing_skill': 'Active Listening', 'recommended_course': 'Active Listening Workshop', 'type': 'Soft Skill', 'duration': '1 week'}]"
50,IT,2494,3D Graphics Fundamentals,6 weeks,Technical,"[{'missing_skill': '3D graphics software', 'recommended_course': '3D Graphics Fundamentals', 'type': 'Technical', 'duration': '6 weeks'}]"
51,Sales,669,Accounting Software Proficiency,3 weeks,Software,"[{'missing_skill': 'ADP Drive DMS for Accounting', 'recommended_course': 'Accounting Software Proficiency', 'type': 'Software', 'duration': '3 weeks'}, {'missing_skill': 'AJAX', 'recommended_course': 'AJAX & Asynchronous Web Development', 'type': 'Technical', 'duration': '3 weeks'}, {'missing_skill': 'AMS Services AMS Sagitta', 'recommended_course': 'Git Version Control', 'type': 'Technical', 'duration': '1 week'}]"
52,Support,400,ERP Implementation & Management,6 weeks,Software,"[{'missing_skill': 'ADP Enterprise HR', 'recommended_course': 'ERP Implementation & Management', 'type': 'Software', 'duration': '6 weeks'}, {'missing_skill': 'API Healthcare ActiveStaffer', 'recommended_course': 'RESTful API Design', 'type': 'Technical', 'duration': '2 weeks'}, {'missing_skill': 'Active Learning', 'recommended_course': 'Active Learning Techniques', 'type': 'Soft Skill', 'duration': '2 weeks'}, {'missing_skill': 'Active Listening', 'recommended_course': 'Active Listening Workshop', 'type': 'Soft Skill', 'duration': '1 week'}]"
53,Marketing,175,Cybersecurity Fundamentals,4 weeks,Technical,"[{'missing_skill': '2AB iLock Security Services', 'recommended_course': 'Cybersecurity Fundamentals', 'type': 'Technical', 'duration': '4 weeks'}, {'missing_skill': '911 system information databases', 'recommended_course': 'Database Reporting & BI Tools', 'type': 'Technical', 'duration': '3 weeks'}, {'missing_skill': 'Access management software', 'recommended_course': 'Access Management Systems', 'type': 'Software', 'duration': '2 weeks'}, {'missing_skill': 'Active Learning', 'recommended_course': 'Active Learning Techniques', 'type': 'Soft Skill', 'duration': '2 weeks'}, {'missing_skill': 'Active Listening', 'recommended_course': 'Active Listening Workshop', 'type': 'Soft Skill', 'duration': '1 week'}, {'missing_skill': 'Adobe Acrobat', 'recommended_course': 'Adobe Acrobat Professional', 'type': 'Software', 'duration': '2 weeks'}, {'missing_skill': 'Adobe Acrobat Reader', 'recommended_course': 'Adobe Creative Suite Mastery', 'type': 'Software', 'duration': '6 weeks'}, {'missing_skill': 'Adobe ActionScript', 'recommended_course': 'Adobe ActionScript Programming', 'type': 'Software', 'duration': '4 weeks'}]"
54,Finance,1434,Business Analytics Tools,3 weeks,Software,"[{'missing_skill': 'ACL Analytics', 'recommended_course': 'Business Analytics Tools', 'type': 'Software', 'duration': '3 weeks'}]"
55,Finance,1433,Business Analytics Tools,3 weeks,Software,"[{'missing_skill': 'ACL Analytics', 'recommended_course': 'Business Analytics Tools', 'type': 'Software', 'duration': '3 weeks'}]"
56,IT,2495,3D Graphics Fundamentals,6 weeks,Technical,"[{'missing_skill': '3D graphics software', 'recommended_course': '3D Graphics Fundamentals', 'type': 'Technical', 'duration': '6 weeks'}]"
57,IT,2491,3D Graphics Fundamentals,6 weeks,Technical,"[{'missing_skill': '3D graphics software', 'recommended_course': '3D Graphics Fundamentals', 'type': 'Technical', 'duration': '6 weeks'}]"
58,Support,401,ERP Implementation & Management,6 weeks,Software,"[{'missing_skill': 'ADP Enterprise HR', 'recommended_course': 'ERP Implementation & Management', 'type': 'Software', 'duration': '6 weeks'}, {'missing_skill': 'API Healthcare ActiveStaffer', 'recommended_course': 'RESTful API Design', 'type': 'Technical', 'duration': '2 weeks'}, {'missing_skill': 'Active Learning', 'recommended_course': 'Active Learning Techniques', 'type': 'Soft Skill', 'duration': '2 weeks'}, {'missing_skill': 'Active Listening', 'recommended_course': 'Active Listening Workshop', 'type': 'Soft Skill', 'duration': '1 week'}]"
59,Marketing,177,Cybersecurity Fundamentals,4 weeks,Technical,"[{'missing_skill': '2AB iLock Security Services', 'recommended_course': 'Cybersecurity Fundamentals', 'type': 'Technical', 'duration': '4 weeks'}, {'missing_skill': '911 system information databases', 'recommended_course': 'Database Reporting & BI Tools', 'type': 'Technical', 'duration': '3 weeks'}, {'missing_skill': 'Access management software', 'recommended_course': 'Access Management Systems', 'type': 'Software', 'duration': '2 weeks'}, {'missing_skill': 'Active Learning', 'recommended_course': 'Active Learning Techniques', 'type': 'Soft Skill', 'duration': '2 weeks'}, {'missing_skill': 'Active Listening', 'recommended_course': 'Active Listening Workshop', 'type': 'Soft Skill', 'duration': '1 week'}, {'missing_skill': 'Adobe Acrobat', 'recommended_course': 'Adobe Acrobat Professional', 'type': 'Software', 'duration': '2 weeks'}, {'missing_skill': 'Adobe Acrobat Reader', 'recommended_course': 'Adobe Creative Suite Mastery', 'type': 'Software', 'duration': '6 weeks'}, {'missing_skill': 'Adobe ActionScript', 'recommended_course': 'Adobe ActionScript Programming', 'type': 'Software', 'duration': '4 weeks'}]"
60,HR,396,ERP Implementation & Management,6 weeks,Software,"[{'missing_skill': 'ADP Enterprise HR', 'recommended_course': 'ERP Implementation & Management', 'type': 'Software', 'duration': '6 weeks'}, {'missing_skill': 'AJAX', 'recommended_course': 'AJAX & Asynchronous Web Development', 'type': 'Technical', 'duration': '3 weeks'}, {'missing_skill': 'Active Listening', 'recommended_course': 'Active Listening Workshop', 'type': 'Soft Skill', 'duration': '1 week'}, {'missing_skill': 'Adobe Acrobat', 'recommended_course': 'Adobe Acrobat Professional', 'type': 'Software', 'duration': '2 weeks'}, {'missing_skill': 'Adobe ActionScript', 'recommended_course': 'Adobe ActionScript Programming', 'type': 'Software', 'duration': '4 weeks'}, {'missing_skill': 'Adobe After Effects', 'recommended_course': 'Adobe After Effects Motion Graphics', 'type': 'Software', 'duration': '4 weeks'}]"
61,HR,397,ERP Implementation & Management,6 weeks,Software,"[{'missing_skill': 'ADP Enterprise HR', 'recommended_course': 'ERP Implementation & Management', 'type': 'Software', 'duration': '6 weeks'}, {'missing_skill': 'AJAX', 'recommended_course': 'AJAX & Asynchronous Web Development', 'type': 'Technical', 'duration': '3 weeks'}, {'missing_skill': 'Active Listening', 'recommended_course': 'Active Listening Workshop', 'type': 'Soft Skill', 'duration': '1 week'}, {'missing_skill': 'Adobe Acrobat', 'recommended_course': 'Adobe Acrobat Professional', 'type': 'Software', 'duration': '2 weeks'}, {'missing_skill': 'Adobe ActionScript', 'recommended_course': 'Adobe ActionScript Programming', 'type': 'Software', 'duration': '4 weeks'}, {'missing_skill': 'Adobe After Effects', 'recommended_course': 'Adobe After Effects Motion Graphics', 'type': 'Software', 'duration': '4 weeks'}]"
62,IT,2493,3D Graphics Fundamentals,6 weeks,Technical,"[{'missing_skill': '3D graphics software', 'recommended_course': '3D Graphics Fundamentals', 'type': 'Technical', 'duration': '6 weeks'}]"
63,HR,397,ERP Implementation & Management,6 weeks,Software,"[{'missing_skill': 'ADP Enterprise HR', 'recommended_course': 'ERP Implementation & Management', 'type': 'Software', 'duration': '6 weeks'}, {'missing_skill': 'AJAX', 'recommended_course': 'AJAX & Asynchronous Web Development', 'type': 'Technical', 'duration': '3 weeks'}, {'missing_skill': 'Active Listening', 'recommended_course': 'Active Listening Workshop', 'type': 'Soft Skill', 'duration': '1 week'}, {'missing_skill': 'Adobe Acrobat', 'recommended_course': 'Adobe Acrobat Professional', 'type': 'Software', 'duration': '2 weeks'}, {'missing_skill': 'Adobe ActionScript', 'recommended_course': 'Adobe ActionScript Programming', 'type': 'Software', 'duration': '4 weeks'}, {'missing_skill': 'Adobe After Effects', 'recommended_course': 'Adobe After Effects Motion Graphics', 'type': 'Software', 'duration': '4 weeks'}]"
64,Support,401,ERP Implementation & Management,6 weeks,Software,"[{'missing_skill': 'ADP Enterprise HR', 'recommended_course': 'ERP Implementation & Management', 'type': 'Software', 'duration': '6 weeks'}, {'missing_skill': 'API Healthcare ActiveStaffer', 'recommended_course': 'RESTful API Design', 'type': 'Technical', 'duration': '2 weeks'}, {'missing_skill': 'Active Learning', 'recommended_course': 'Active Learning Techniques', 'type': 'Soft Skill', 'duration': '2 weeks'}, {'missing_skill': 'Active Listening', 'recommended_course': 'Active Listening Workshop', 'type': 'Soft Skill', 'duration': '1 week'}]"
65,Sales,670,Accounting Software Proficiency,3 weeks,Software,"[{'missing_skill': 'ADP Drive DMS for Accounting', 'recommended_course': 'Accounting Software Proficiency', 'type': 'Software', 'duration': '3 weeks'}, {'missing_skill': 'AJAX', 'recommended_course': 'AJAX & Asynchronous Web Development', 'type': 'Technical', 'duration': '3 weeks'}, {'missing_skill': 'AMS Services AMS Sagitta', 'recommended_course': 'Git Version Control', 'type': 'Technical', 'duration': '1 week'}]"
66,Marketing,176,Cybersecurity Fundamentals,4 weeks,Technical,"[{'missing_skill': '2AB iLock Security Services', 'recommended_course': 'Cybersecurity Fundamentals', 'type': 'Technical', 'duration': '4 weeks'}, {'missing_skill': '911 system information databases', 'recommended_course': 'Database Reporting & BI Tools', 'type': 'Technical', 'duration': '3 weeks'}, {'missing_skill': 'Access management software', 'recommended_course': 'Access Management Systems', 'type': 'Software', 'duration': '2 weeks'}, {'missing_skill': 'Active Learning', 'recommended_course': 'Active Learning Techniques', 'type': 'Soft Skill', 'duration': '2 weeks'}, {'missing_skill': 'Active Listening', 'recommended_course': 'Active Listening Workshop', 'type': 'Soft Skill', 'duration': '1 week'}, {'missing_skill': 'Adobe Acrobat', 'recommended_course': 'Adobe Acrobat Professional', 'type': 'Software', 'duration': '2 weeks'}, {'missing_skill': 'Adobe Acrobat Reader', 'recommended_course': 'Adobe Creative Suite Mastery', 'type': 'Software', 'duration': '6 weeks'}, {'missing_skill': 'Adobe ActionScript', 'recommended_course': 'Adobe ActionScript Programming', 'type': 'Software', 'duration': '4 weeks'}]"
67,Sales,670,Accounting Software Proficiency,3 weeks,Software,"[{'missing_skill': 'ADP Drive DMS for Accounting', 'recommended_course': 'Accounting Software Proficiency', 'type': 'Software', 'duration': '3 weeks'}, {'missing_skill': 'AJAX', 'recommended_course': 'AJAX & Asynchronous Web Development', 'type': 'Technical', 'duration': '3 weeks'}, {'missing_skill': 'AMS Services AMS Sagitta', 'recommended_course': 'Git Version Control', 'type': 'Technical', 'duration': '1 week'}]"
68,Sales,670,Accounting Software Proficiency,3 weeks,Software,"[{'missing_skill': 'ADP Drive DMS for Accounting', 'recommended_course': 'Accounting Software Proficiency', 'type': 'Software', 'duration': '3 weeks'}, {'missing_skill': 'AJAX', 'recommended_course': 'AJAX & Asynchronous Web Development', 'type': 'Technical', 'duration': '3 weeks'}, {'missing_skill': 'AMS Services AMS Sagitta', 'recommended_course': 'Git Version Control', 'type': 'Technical', 'duration': '1 week'}]"
69,Sales,670,Accounting Software Proficiency,3 weeks,Software,"[{'missing_skill': 'ADP Drive DMS for Accounting', 'recommended_course': 'Accounting Software Proficiency', 'type': 'Software', 'duration': '3 weeks'}, {'missing_skill': 'AJAX', 'recommended_course': 'AJAX & Asynchronous Web Development', 'type': 'Technical', 'duration': '3 weeks'}, {'missing_skill': 'AMS Services AMS Sagitta', 'recommended_course': 'Git Version Control', 'type': 'Technical', 'duration': '1 week'}]"
70,Finance,1434,Business Analytics Tools,3 weeks,Software,"[{'missing_skill': 'ACL Analytics', 'recommended_course': 'Business Analytics Tools', 'type': 'Software', 'duration': '3 weeks'}]"
71,HR,396,ERP Implementation & Management,6 weeks,Software,"[{'missing_skill': 'ADP Enterprise HR', 'recommended_course': 'ERP Implementation & Management', 'type': 'Software', 'duration': '6 weeks'}, {'missing_skill': 'AJAX', 'recommended_course': 'AJAX & Asynchronous Web Development', 'type': 'Technical', 'duration': '3 weeks'}, {'missing_skill': 'Active Listening', 'recommended_course': 'Active Listening Workshop', 'type': 'Soft Skill', 'duration': '1 week'}, {'missing_skill': 'Adobe Acrobat', 'recommended_course': 'Adobe Acrobat Professional', 'type': 'Software', 'duration': '2 weeks'}, {'missing_skill': 'Adobe ActionScript', 'recommended_course': 'Adobe ActionScript Programming', 'type': 'Software', 'duration': '4 weeks'}, {'missing_skill': 'Adobe After Effects', 'recommended_course': 'Adobe After Effects Motion Graphics', 'type': 'Software', 'duration': '4 weeks'}]"
72,Marketing,175,Cybersecurity Fundamentals,4 weeks,Technical,"[{'missing_skill': '2AB iLock Security Services', 'recommended_course': 'Cybersecurity Fundamentals', 'type': 'Technical', 'duration': '4 weeks'}, {'missing_skill': '911 system information databases', 'recommended_course': 'Database Reporting & BI Tools', 'type': 'Technical', 'duration': '3 weeks'}, {'missing_skill': 'Access management software', 'recommended_course': 'Access Management Systems', 'type': 'Software', 'duration': '2 weeks'}, {'missing_skill': 'Active Learning', 'recommended_course': 'Active Learning Techniques', 'type': 'Soft Skill', 'duration': '2 weeks'}, {'missing_skill': 'Active Listening', 'recommended_course': 'Active Listening Workshop', 'type': 'Soft Skill', 'duration': '1 week'}, {'missing_skill': 'Adobe Acrobat', 'recommended_course': 'Adobe Acrobat Professional', 'type': 'Software', 'duration': '2 weeks'}, {'missing_skill': 'Adobe Acrobat Reader', 'recommended_course': 'Adobe Creative Suite Mastery', 'type': 'Software', 'duration': '6 weeks'}, {'missing_skill': 'Adobe ActionScript', 'recommended_course': 'Adobe ActionScript Programming', 'type': 'Software', 'duration': '4 weeks'}]"
73,IT,2494,3D Graphics Fundamentals,6 weeks,Technical,"[{'missing_skill': '3D graphics software', 'recommended_course': '3D Graphics Fundamentals', 'type': 'Technical', 'duration': '6 weeks'}]"
74,Sales,670,Accounting Software Proficiency,3 weeks,Software,"[{'missing_skill': 'ADP Drive DMS for Accounting', 'recommended_course': 'Accounting Software Proficiency', 'type': 'Software', 'duration': '3 weeks'}, {'missing_skill': 'AJAX', 'recommended_course': 'AJAX & Asynchronous Web Development', 'type': 'Technical', 'duration': '3 weeks'}, {'missing_skill': 'AMS Services AMS Sagitta', 'recommended_course': 'Git Version Control', 'type': 'Technical', 'duration': '1 week'}]"
75,IT,2494,3D Graphics Fundamentals,6 weeks,Technical,"[{'missing_skill': '3D graphics software', 'recommended_course': '3D Graphics Fundamentals', 'type': 'Technical', 'duration': '6 weeks'}]"
76,HR,397,ERP Implementation & Management,6 weeks,Software,"[{'missing_skill': 'ADP Enterprise HR', 'recommended_course': 'ERP Implementation & Management', 'type': 'Software', 'duration': '6 weeks'}, {'missing_skill': 'AJAX', 'recommended_course': 'AJAX & Asynchronous Web Development', 'type': 'Technical', 'duration': '3 weeks'}, {'missing_skill': 'Active Listening', 'recommended_course': 'Active Listening Workshop', 'type': 'Soft Skill', 'duration': '1 week'}, {'missing_skill': 'Adobe Acrobat', 'recommended_course': 'Adobe Acrobat Professional', 'type': 'Software', 'duration': '2 weeks'}, {'missing_skill': 'Adobe ActionScript', 'recommended_course': 'Adobe ActionScript Programming', 'type': 'Software', 'duration': '4 weeks'}, {'missing_skill': 'Adobe After Effects', 'recommended_course': 'Adobe After Effects Motion Graphics', 'type': 'Software', 'duration': '4 weeks'}]"
77,Sales,671,Accounting Software Proficiency,3 weeks,Software,"[{'missing_skill': 'ADP Drive DMS for Accounting', 'recommended_course': 'Accounting Software Proficiency', 'type': 'Software', 'duration': '3 weeks'}, {'missing_skill': 'AJAX', 'recommended_course': 'AJAX & Asynchronous Web Development', 'type': 'Technical', 'duration': '3 weeks'}, {'missing_skill': 'AMS Services AMS Sagitta', 'recommended_course': 'Git Version Control', 'type': 'Technical', 'duration': '1 week'}]"
78,Sales,670,Accounting Software Proficiency,3 weeks,Software,"[{'missing_skill': 'ADP Drive DMS for Accounting', 'recommended_course': 'Accounting Software Proficiency', 'type': 'Software', 'duration': '3 weeks'}, {'missing_skill': 'AJAX', 'recommended_course': 'AJAX & Asynchronous Web Development', 'type': 'Technical', 'duration': '3 weeks'}, {'missing_skill': 'AMS Services AMS Sagitta', 'recommended_course': 'Git Version Control', 'type': 'Technical', 'duration': '1 week'}]"
79,Marketing,175,Cybersecurity Fundamentals,4 weeks,Technical,"[{'missing_skill': '2AB iLock Security Services', 'recommended_course': 'Cybersecurity Fundamentals', 'type': 'Technical', 'duration': '4 weeks'}, {'missing_skill': '911 system information databases', 'recommended_course': 'Database Reporting & BI Tools', 'type': 'Technical', 'duration': '3 weeks'}, {'missing_skill': 'Access management software', 'recommended_course': 'Access Management Systems', 'type': 'Software', 'duration': '2 weeks'}, {'missing_skill': 'Active Learning', 'recommended_course': 'Active Learning Techniques', 'type': 'Soft Skill', 'duration': '2 weeks'}, {'missing_skill': 'Active Listening', 'recommended_course': 'Active Listening Workshop', 'type': 'Soft Skill', 'duration': '1 week'}, {'missing_skill': 'Adobe Acrobat', 'recommended_course': 'Adobe Acrobat Professional', 'type': 'Software', 'duration': '2 weeks'}, {'missing_skill': 'Adobe Acrobat Reader', 'recommended_course': 'Adobe Creative Suite Mastery', 'type': 'Software', 'duration': '6 weeks'}, {'missing_skill': 'Adobe ActionScript', 'recommended_course': 'Adobe ActionScript Programming', 'type': 'Software', 'duration': '4 weeks'}]"
80,HR,396,ERP Implementation & Management,6 weeks,Software,"[{'missing_skill': 'ADP Enterprise HR', 'recommended_course': 'ERP Implementation & Management', 'type': 'Software', 'duration': '6 weeks'}, {'missing_skill': 'AJAX', 'recommended_course': 'AJAX & Asynchronous Web Development', 'type': 'Technical', 'duration': '3 weeks'}, {'missing_skill': 'Active Listening', 'recommended_course': 'Active Listening Workshop', 'type': 'Soft Skill', 'duration': '1 week'}, {'missing_skill': 'Adobe Acrobat', 'recommended_course': 'Adobe Acrobat Professional', 'type': 'Software', 'duration': '2 weeks'}, {'missing_skill': 'Adobe ActionScript', 'recommended_course': 'Adobe ActionScript Programming', 'type': 'Software', 'duration': '4 weeks'}, {'missing_skill': 'Adobe After Effects', 'recommended_course': 'Adobe After Effects Motion Graphics', 'type': 'Software', 'duration': '4 weeks'}]"
81,Support,401,ERP Implementation & Management,6 weeks,Software,"[{'missing_skill': 'ADP Enterprise HR', 'recommended_course': 'ERP Implementation & Management', 'type': 'Software', 'duration': '6 weeks'}, {'missing_skill': 'API Healthcare ActiveStaffer', 'recommended_course': 'RESTful API Design', 'type': 'Technical', 'duration': '2 weeks'}, {'missing_skill': 'Active Learning', 'recommended_course': 'Active Learning Techniques', 'type': 'Soft Skill', 'duration': '2 weeks'}, {'missing_skill': 'Active Listening', 'recommended_course': 'Active Listening Workshop', 'type': 'Soft Skill', 'duration': '1 week'}]"
82,IT,2493,3D Graphics Fundamentals,6 weeks,Technical,"[{'missing_skill': '3D graphics software', 'recommended_course': '3D Graphics Fundamentals', 'type': 'Technical', 'duration': '6 weeks'}]"
83,IT,2494,3D Graphics Fundamentals,6 weeks,Technical,"[{'missing_skill': '3D graphics software', 'recommended_course': '3D Graphics Fundamentals', 'type': 'Technical', 'duration': '6 weeks'}]"
84,Finance,1433,Business Analytics Tools,3 weeks,Software,"[{'missing_skill': 'ACL Analytics', 'recommended_course': 'Business Analytics Tools', 'type': 'Software', 'duration': '3 weeks'}]"
85,Sales,670,Accounting Software Proficiency,3 weeks,Software,"[{'missing_skill': 'ADP Drive DMS for Accounting', 'recommended_course': 'Accounting Software Proficiency', 'type': 'Software', 'duration': '3 weeks'}, {'missing_skill': 'AJAX', 'recommended_course': 'AJAX & Asynchronous Web Development', 'type': 'Technical', 'duration': '3 weeks'}, {'missing_skill': 'AMS Services AMS Sagitta', 'recommended_course': 'Git Version Control', 'type': 'Technical', 'duration': '1 week'}]"
86,Sales,670,Accounting Software Proficiency,3 weeks,Software,"[{'missing_skill': 'ADP Drive DMS for Accounting', 'recommended_course': 'Accounting Software Proficiency', 'type': 'Software', 'duration': '3 weeks'}, {'missing_skill': 'AJAX', 'recommended_course': 'AJAX & Asynchronous Web Development', 'type': 'Technical', 'duration': '3 weeks'}, {'missing_skill': 'AMS Services AMS Sagitta', 'recommended_course': 'Git Version Control', 'type': 'Technical', 'duration': '1 week'}]"
87,Support,400,ERP Implementation & Management,6 weeks,Software,"[{'missing_skill': 'ADP Enterprise HR', 'recommended_course': 'ERP Implementation & Management', 'type': 'Software', 'duration': '6 weeks'}, {'missing_skill': 'API Healthcare ActiveStaffer', 'recommended_course': 'RESTful API Design', 'type': 'Technical', 'duration': '2 weeks'}, {'missing_skill': 'Active Learning', 'recommended_course': 'Active Learning Techniques', 'type': 'Soft Skill', 'duration': '2 weeks'}, {'missing_skill': 'Active Listening', 'recommended_course': 'Active Listening Workshop', 'type': 'Soft Skill', 'duration': '1 week'}]"
88,Marketing,174,Cybersecurity Fundamentals,4 weeks,Technical,"[{'missing_skill': '2AB iLock Security Services', 'recommended_course': 'Cybersecurity Fundamentals', 'type': 'Technical', 'duration': '4 weeks'}, {'missing_skill': '911 system information databases', 'recommended_course': 'Database Reporting & BI Tools', 'type': 'Technical', 'duration': '3 weeks'}, {'missing_skill': 'Access management software', 'recommended_course': 'Access Management Systems', 'type': 'Software', 'duration': '2 weeks'}, {'missing_skill': 'Active Learning', 'recommended_course': 'Active Learning Techniques', 'type': 'Soft Skill', 'duration': '2 weeks'}, {'missing_skill': 'Active Listening', 'recommended_course': 'Active Listening Workshop', 'type': 'Soft Skill', 'duration': '1 week'}, {'missing_skill': 'Adobe Acrobat', 'recommended_course': 'Adobe Acrobat Professional', 'type': 'Software', 'duration': '2 weeks'}, {'missing_skill': 'Adobe Acrobat Reader', 'recommended_course': 'Adobe Creative Suite Mastery', 'type': 'Software', 'duration': '6 weeks'}, {'missing_skill': 'Adobe ActionScript', 'recommended_course': 'Adobe ActionScript Programming', 'type': 'Software', 'duration': '4 weeks'}]"
89,Marketing,175,Cybersecurity Fundamentals,4 weeks,Technical,"[{'missing_skill': '2AB iLock Security Services', 'recommended_course': 'Cybersecurity Fundamentals', 'type': 'Technical', 'duration': '4 weeks'}, {'missing_skill': '911 system information databases', 'recommended_course': 'Database Reporting & BI Tools', 'type': 'Technical', 'duration': '3 weeks'}, {'missing_skill': 'Access management software', 'recommended_course': 'Access Management Systems', 'type': 'Software', 'duration': '2 weeks'}, {'missing_skill': 'Active Learning', 'recommended_course': 'Active Learning Techniques', 'type': 'Soft Skill', 'duration': '2 weeks'}, {'missing_skill': 'Active Listening', 'recommended_course': 'Active Listening Workshop', 'type': 'Soft Skill', 'duration': '1 week'}, {'missing_skill': 'Adobe Acrobat', 'recommended_course': 'Adobe Acrobat Professional', 'type': 'Software', 'duration': '2 weeks'}, {'missing_skill': 'Adobe Acrobat Reader', 'recommended_course': 'Adobe Creative Suite Mastery', 'type': 'Software', 'duration': '6 weeks'}, {'missing_skill': 'Adobe ActionScript', 'recommended_course': 'Adobe ActionScript Programming', 'type': 'Software', 'duration': '4 weeks'}]"
90,Finance,1432,Business Analytics Tools,3 weeks,Software,"[{'missing_skill': 'ACL Analytics', 'recommended_course': 'Business Analytics Tools', 'type': 'Software', 'duration': '3 weeks'}]"
91,IT,2494,3D Graphics Fundamentals,6 weeks,Technical,"[{'missing_skill': '3D graphics software', 'recommended_course': '3D Graphics Fundamentals', 'type': 'Technical', 'duration': '6 weeks'}]"
92,Finance,1435,Business Analytics Tools,3 weeks,Software,"[{'missing_skill': 'ACL Analytics', 'recommended_course': 'Business Analytics Tools', 'type': 'Software', 'duration': '3 weeks'}]"
93,Sales,670,Accounting Software Proficiency,3 weeks,Software,"[{'missing_skill': 'ADP Drive DMS for Accounting', 'recommended_course': 'Accounting Software Proficiency', 'type': 'Software', 'duration': '3 weeks'}, {'missing_skill': 'AJAX', 'recommended_course': 'AJAX & Asynchronous Web Development', 'type': 'Technical', 'duration': '3 weeks'}, {'missing_skill': 'AMS Services AMS Sagitta', 'recommended_course': 'Git Version Control', 'type': 'Technical', 'duration': '1 week'}]"
94,Support,399,ERP Implementation & Management,6 weeks,Software,"[{'missing_skill': 'ADP Enterprise HR', 'recommended_course': 'ERP Implementation & Management', 'type': 'Software', 'duration': '6 weeks'}, {'missing_skill': 'API Healthcare ActiveStaffer', 'recommended_course': 'RESTful API Design', 'type': 'Technical', 'duration': '2 weeks'}, {'missing_skill': 'Active Learning', 'recommended_course': 'Active Learning Techniques', 'type': 'Soft Skill', 'duration': '2 weeks'}, {'missing_skill': 'Active Listening', 'recommended_course': 'Active Listening Workshop', 'type': 'Soft Skill', 'duration': '1 week'}]"
95,Support,399,ERP Implementation & Management,6 weeks,Software,"[{'missing_skill': 'ADP Enterprise HR', 'recommended_course': 'ERP Implementation & Management', 'type': 'Software', 'duration': '6 weeks'}, {'missing_skill': 'API Healthcare ActiveStaffer', 'recommended_course': 'RESTful API Design', 'type': 'Technical', 'duration': '2 weeks'}, {'missing_skill': 'Active Learning', 'recommended_course': 'Active Learning Techniques', 'type': 'Soft Skill', 'duration': '2 weeks'}, {'missing_skill': 'Active Listening', 'recommended_course': 'Active Listening Workshop', 'type': 'Soft Skill', 'duration': '1 week'}]"
96,Marketing,175,Cybersecurity Fundamentals,4 weeks,Technical,"[{'missing_skill': '2AB iLock Security Services', 'recommended_course': 'Cybersecurity Fundamentals', 'type': 'Technical', 'duration': '4 weeks'}, {'missing_skill': '911 system information databases', 'recommended_course': 'Database Reporting & BI Tools', 'type': 'Technical', 'duration': '3 weeks'}, {'missing_skill': 'Access management software', 'recommended_course': 'Access Management Systems', 'type': 'Software', 'duration': '2 weeks'}, {'missing_skill': 'Active Learning', 'recommended_course': 'Active Learning Techniques', 'type': 'Soft Skill', 'duration': '2 weeks'}, {'missing_skill': 'Active Listening', 'recommended_course': 'Active Listening Workshop', 'type': 'Soft Skill', 'duration': '1 week'}, {'missing_skill': 'Adobe Acrobat', 'recommended_course': 'Adobe Acrobat Professional', 'type': 'Software', 'duration': '2 weeks'}, {'missing_skill': 'Adobe Acrobat Reader', 'recommended_course': 'Adobe Creative Suite Mastery', 'type': 'Software', 'duration': '6 weeks'}, {'missing_skill': 'Adobe ActionScript', 'recommended_course': 'Adobe ActionScript Programming', 'type': 'Software', 'duration': '4 weeks'}]"
97,HR,396,ERP Implementation & Management,6 weeks,Software,"[{'missing_skill': 'ADP Enterprise HR', 'recommended_course': 'ERP Implementation & Management', 'type': 'Software', 'duration': '6 weeks'}, {'missing_skill': 'AJAX', 'recommended_course': 'AJAX & Asynchronous Web Development', 'type': 'Technical', 'duration': '3 weeks'}, {'missing_skill': 'Active Listening', 'recommended_course': 'Active Listening Workshop', 'type': 'Soft Skill', 'duration': '1 week'}, {'missing_skill': 'Adobe Acrobat', 'recommended_course': 'Adobe Acrobat Professional', 'type': 'Software', 'duration': '2 weeks'}, {'missing_skill': 'Adobe ActionScript', 'recommended_course': 'Adobe ActionScript Programming', 'type': 'Software', 'duration': '4 weeks'}, {'missing_skill': 'Adobe After Effects', 'recommended_course': 'Adobe After Effects Motion Graphics', 'type': 'Software', 'duration': '4 weeks'}]"
98,Marketing,174,Cybersecurity Fundamentals,4 weeks,Technical,"[{'missing_skill': '2AB iLock Security Services', 'recommended_course': 'Cybersecurity Fundamentals', 'type': 'Technical', 'duration': '4 weeks'}, {'missing_skill': '911 system information databases', 'recommended_course': 'Database Reporting & BI Tools', 'type': 'Technical', 'duration': '3 weeks'}, {'missing_skill': 'Access management software', 'recommended_course': 'Access Management Systems', 'type': 'Software', 'duration': '2 weeks'}, {'missing_skill': 'Active Learning', 'recommended_course': 'Active Learning Techniques', 'type': 'Soft Skill', 'duration': '2 weeks'}, {'missing_skill': 'Active Listening', 'recommended_course': 'Active Listening Workshop', 'type': 'Soft Skill', 'duration': '1 week'}, {'missing_skill': 'Adobe Acrobat', 'recommended_course': 'Adobe Acrobat Professional', 'type': 'Software', 'duration': '2 weeks'}, {'missing_skill': 'Adobe Acrobat Reader', 'recommended_course': 'Adobe Creative Suite Mastery', 'type': 'Software', 'duration': '6 weeks'}, {'missing_skill': 'Adobe ActionScript', 'recommended_course': 'Adobe ActionScript Programming', 'type': 'Software', 'duration': '4 weeks'}]"
99,HR,397,ERP Implementation & Management,6 weeks,Software,"[{'missing_skill': 'ADP Enterprise HR', 'recommended_course': 'ERP Implementation & Management', 'type': 'Software', 'duration': '6 weeks'}, {'missing_skill': 'AJAX', 'recommended_course': 'AJAX & Asynchronous Web Development', 'type': 'Technical', 'duration': '3 weeks'}, {'missing_skill': 'Active Listening', 'recommended_course': 'Active Listening Workshop', 'type': 'Soft Skill', 'duration': '1 week'}, {'missing_skill': 'Adobe Acrobat', 'recommended_course': 'Adobe Acrobat Professional', 'type': 'Software', 'duration': '2 weeks'}, {'missing_skill': 'Adobe ActionScript', 'recommended_course': 'Adobe ActionScript Programming', 'type': 'Software', 'duration': '4 weeks'}, {'missing_skill': 'Adobe After Effects', 'recommended_course': 'Adobe After Effects Motion Graphics', 'type': 'Software', 'duration': '4 weeks'}]"
100,Sales,669,Accounting Software Proficiency,3 weeks,Software,"[{'missing_skill': 'ADP Drive DMS for Accounting', 'recommended_course': 'Accounting Software Proficiency', 'type': 'Software', 'duration': '3 weeks'}, {'missing_skill': 'AJAX', 'recommended_course': 'AJAX & Asynchronous Web Development', 'type': 'Technical', 'duration': '3 weeks'}, {'missing_skill': 'AMS Services AMS Sagitta', 'recommended_course': 'Git Version Control', 'type': 'Technical', 'duration': '1 week'}]"
101,HR,398,ERP Implementation & Management,6 weeks,Software,"[{'missing_skill': 'ADP Enterprise HR', 'recommended_course': 'ERP Implementation & Management', 'type': 'Software', 'duration': '6 weeks'}, {'missing_skill': 'AJAX', 'recommended_course': 'AJAX & Asynchronous Web Development', 'type': 'Technical', 'duration': '3 weeks'}, {'missing_skill': 'Active Listening', 'recommended_course': 'Active Listening Workshop', 'type': 'Soft Skill', 'duration': '1 week'}, {'missing_skill': 'Adobe Acrobat', 'recommended_course': 'Adobe Acrobat Professional', 'type': 'Software', 'duration': '2 weeks'}, {'missing_skill': 'Adobe ActionScript', 'recommended_course': 'Adobe ActionScript Programming', 'type': 'Software', 'duration': '4 weeks'}, {'missing_skill': 'Adobe After Effects', 'recommended_course': 'Adobe After Effects Motion Graphics', 'type': 'Software', 'duration': '4 weeks'}]"
102,HR,397,ERP Implementation & Management,6 weeks,Software,"[{'missing_skill': 'ADP Enterprise HR', 'recommended_course': 'ERP Implementation & Management', 'type': 'Software', 'duration': '6 weeks'}, {'missing_skill': 'AJAX', 'recommended_course': 'AJAX & Asynchronous Web Development', 'type': 'Technical', 'duration': '3 weeks'}, {'missing_skill': 'Active Listening', 'recommended_course': 'Active Listening Workshop', 'type': 'Soft Skill', 'duration': '1 week'}, {'missing_skill': 'Adobe Acrobat', 'recommended_course': 'Adobe Acrobat Professional', 'type': 'Software', 'duration': '2 weeks'}, {'missing_skill': 'Adobe ActionScript', 'recommended_course': 'Adobe ActionScript Programming', 'type': 'Software', 'duration': '4 weeks'}, {'missing_skill': 'Adobe After Effects', 'recommended_course': 'Adobe After Effects Motion Graphics', 'type': 'Software', 'duration': '4 weeks'}]"
103,Sales,671,Accounting Software Proficiency,3 weeks,Software,"[{'missing_skill': 'ADP Drive DMS for Accounting', 'recommended_course': 'Accounting Software Proficiency', 'type': 'Software', 'duration': '3 weeks'}, {'missing_skill': 'AJAX', 'recommended_course': 'AJAX & Asynchronous Web Development', 'type': 'Technical', 'duration': '3 weeks'}, {'missing_skill': 'AMS Services AMS Sagitta', 'recommended_course': 'Git Version Control', 'type': 'Technical', 'duration': '1 week'}]"
104,Support,400,ERP Implementation & Management,6 weeks,Software,"[{'missing_skill': 'ADP Enterprise HR', 'recommended_course': 'ERP Implementation & Management', 'type': 'Software', 'duration': '6 weeks'}, {'missing_skill': 'API Healthcare ActiveStaffer', 'recommended_course': 'RESTful API Design', 'type': 'Technical', 'duration': '2 weeks'}, {'missing_skill': 'Active Learning', 'recommended_course': 'Active Learning Techniques', 'type': 'Soft Skill', 'duration': '2 weeks'}, {'missing_skill': 'Active Listening', 'recommended_course': 'Active Listening Workshop', 'type': 'Soft Skill', 'duration': '1 week'}]"
105,Marketing,176,Cybersecurity Fundamentals,4 weeks,Technical,"[{'missing_skill': '2AB iLock Security Services', 'recommended_course': 'Cybersecurity Fundamentals', 'type': 'Technical', 'duration': '4 weeks'}, {'missing_skill': '911 system information databases', 'recommended_course': 'Database Reporting & BI Tools', 'type': 'Technical', 'duration': '3 weeks'}, {'missing_skill': 'Access management software', 'recommended_course': 'Access Management Systems', 'type': 'Software', 'duration': '2 weeks'}, {'missing_skill': 'Active Learning', 'recommended_course': 'Active Learning Techniques', 'type': 'Soft Skill', 'duration': '2 weeks'}, {'missing_skill': 'Active Listening', 'recommended_course': 'Active Listening Workshop', 'type': 'Soft Skill', 'duration': '1 week'}, {'missing_skill': 'Adobe Acrobat', 'recommended_course': 'Adobe Acrobat Professional', 'type': 'Software', 'duration': '2 weeks'}, {'missing_skill': 'Adobe Acrobat Reader', 'recommended_course': 'Adobe Creative Suite Mastery', 'type': 'Software', 'duration': '6 weeks'}, {'missing_skill': 'Adobe ActionScript', 'recommended_course': 'Adobe ActionScript Programming', 'type': 'Software', 'duration': '4 weeks'}]"
106,Finance,1433,Business Analytics Tools,3 weeks,Software,"[{'missing_skill': 'ACL Analytics', 'recommended_course': 'Business Analytics Tools', 'type': 'Software', 'duration': '3 weeks'}]"
107,IT,2493,3D Graphics Fundamentals,6 weeks,Technical,"[{'missing_skill': '3D graphics software', 'recommended_course': '3D Graphics Fundamentals', 'type': 'Technical', 'duration': '6 weeks'}]"
108,HR,397,ERP Implementation & Management,6 weeks,Software,"[{'missing_skill': 'ADP Enterprise HR', 'recommended_course': 'ERP Implementation & Management', 'type': 'Software', 'duration': '6 weeks'}, {'missing_skill': 'AJAX', 'recommended_course': 'AJAX & Asynchronous Web Development', 'type': 'Technical', 'duration': '3 weeks'}, {'missing_skill': 'Active Listening', 'recommended_course': 'Active Listening Workshop', 'type': 'Soft Skill', 'duration': '1 week'}, {'missing_skill': 'Adobe Acrobat', 'recommended_course': 'Adobe Acrobat Professional', 'type': 'Software', 'duration': '2 weeks'}, {'missing_skill': 'Adobe ActionScript', 'recommended_course': 'Adobe ActionScript Programming', 'type': 'Software', 'duration': '4 weeks'}, {'missing_skill': 'Adobe After Effects', 'recommended_course': 'Adobe After Effects Motion Graphics', 'type': 'Software', 'duration': '4 weeks'}]"
109,Support,399,ERP Implementation & Management,6 weeks,Software,"[{'missing_skill': 'ADP Enterprise HR', 'recommended_course': 'ERP Implementation & Management', 'type': 'Software', 'duration': '6 weeks'}, {'missing_skill': 'API Healthcare ActiveStaffer', 'recommended_course': 'RESTful API Design', 'type': 'Technical', 'duration': '2 weeks'}, {'missing_skill': 'Active Learning', 'recommended_course': 'Active Learning Techniques', 'type': 'Soft Skill', 'duration': '2 weeks'}, {'missing_skill': 'Active Listening', 'recommended_course': 'Active Listening Workshop', 'type': 'Soft Skill', 'duration': '1 week'}]"
110,IT,2492,3D Graphics Fundamentals,6 weeks,Technical,"[{'missing_skill': '3D graphics software', 'recommended_course': '3D Graphics Fundamentals', 'type': 'Technical', 'duration': '6 weeks'}]"
111,Support,399,ERP Implementation & Management,6 weeks,Software,"[{'missing_skill': 'ADP Enterprise HR', 'recommended_course': 'ERP Implementation & Management', 'type': 'Software', 'duration': '6 weeks'}, {'missing_skill': 'API Healthcare ActiveStaffer', 'recommended_course': 'RESTful API Design', 'type': 'Technical', 'duration': '2 weeks'}, {'missing_skill': 'Active Learning', 'recommended_course': 'Active Learning Techniques', 'type': 'Soft Skill', 'duration': '2 weeks'}, {'missing_skill': 'Active Listening', 'recommended_course': 'Active Listening Workshop', 'type': 'Soft Skill', 'duration': '1 week'}]"
112,IT,2492,3D Graphics Fundamentals,6 weeks,Technical,"[{'missing_skill': '3D graphics software', 'recommended_course': '3D Graphics Fundamentals', 'type': 'Technical', 'duration': '6 weeks'}]"
113,IT,2493,3D Graphics Fundamentals,6 weeks,Technical,"[{'missing_skill': '3D graphics software', 'recommended_course': '3D Graphics Fundamentals', 'type': 'Technical', 'duration': '6 weeks'}]"
114,Support,399,ERP Implementation & Management,6 weeks,Software,"[{'missing_skill': 'ADP Enterprise HR', 'recommended_course': 'ERP Implementation & Management', 'type': 'Software', 'duration': '6 weeks'}, {'missing_skill': 'API Healthcare ActiveStaffer', 'recommended_course': 'RESTful API Design', 'type': 'Technical', 'duration': '2 weeks'}, {'missing_skill': 'Active Learning', 'recommended_course': 'Active Learning Techniques', 'type': 'Soft Skill', 'duration': '2 weeks'}, {'missing_skill': 'Active Listening', 'recommended_course': 'Active Listening Workshop', 'type': 'Soft Skill', 'duration': '1 week'}]"
115,Sales,669,Accounting Software Proficiency,3 weeks,Software,"[{'missing_skill': 'ADP Drive DMS for Accounting', 'recommended_course': 'Accounting Software Proficiency', 'type': 'Software', 'duration': '3 weeks'}, {'missing_skill': 'AJAX', 'recommended_course': 'AJAX & Asynchronous Web Development', 'type': 'Technical', 'duration': '3 weeks'}, {'missing_skill': 'AMS Services AMS Sagitta', 'recommended_course': 'Git Version Control', 'type': 'Technical', 'duration': '1 week'}]"
116,Support,400,ERP Implementation & Management,6 weeks,Software,"[{'missing_skill': 'ADP Enterprise HR', 'recommended_course': 'ERP Implementation & Management', 'type': 'Software', 'duration': '6 weeks'}, {'missing_skill': 'API Healthcare ActiveStaffer', 'recommended_course': 'RESTful API Design', 'type': 'Technical', 'duration': '2 weeks'}, {'missing_skill': 'Active Learning', 'recommended_course': 'Active Learning Techniques', 'type': 'Soft Skill', 'duration': '2 weeks'}, {'missing_skill': 'Active Listening', 'recommended_course': 'Active Listening Workshop', 'type': 'Soft Skill', 'duration': '1 week'}]"
117,Marketing,176,Cybersecurity Fundamentals,4 weeks,Technical,"[{'missing_skill': '2AB iLock Security Services', 'recommended_course': 'Cybersecurity Fundamentals', 'type': 'Technical', 'duration': '4 weeks'}, {'missing_skill': '911 system information databases', 'recommended_course': 'Database Reporting & BI Tools', 'type': 'Technical', 'duration': '3 weeks'}, {'missing_skill': 'Access management software', 'recommended_course': 'Access Management Systems', 'type': 'Software', 'duration': '2 weeks'}, {'missing_skill': 'Active Learning', 'recommended_course': 'Active Learning Techniques', 'type': 'Soft Skill', 'duration': '2 weeks'}, {'missing_skill': 'Active Listening', 'recommended_course': 'Active Listening Workshop', 'type': 'Soft Skill', 'duration': '1 week'}, {'missing_skill': 'Adobe Acrobat', 'recommended_course': 'Adobe Acrobat Professional', 'type': 'Software', 'duration': '2 weeks'}, {'missing_skill': 'Adobe Acrobat Reader', 'recommended_course': 'Adobe Creative Suite Mastery', 'type': 'Software', 'duration': '6 weeks'}, {'missing_skill': 'Adobe ActionScript', 'recommended_course': 'Adobe ActionScript Programming', 'type': 'Software', 'duration': '4 weeks'}]"
118,HR,398,ERP Implementation & Management,6 weeks,Software,"[{'missing_skill': 'ADP Enterprise HR', 'recommended_course': 'ERP Implementation & Management', 'type': 'Software', 'duration': '6 weeks'}, {'missing_skill': 'AJAX', 'recommended_course': 'AJAX & Asynchronous Web Development', 'type': 'Technical', 'duration': '3 weeks'}, {'missing_skill': 'Active Listening', 'recommended_course': 'Active Listening Workshop', 'type': 'Soft Skill', 'duration': '1 week'}, {'missing_skill': 'Adobe Acrobat', 'recommended_course': 'Adobe Acrobat Professional', 'type': 'Software', 'duration': '2 weeks'}, {'missing_skill': 'Adobe ActionScript', 'recommended_course': 'Adobe ActionScript Programming', 'type': 'Software', 'duration': '4 weeks'}, {'missing_skill': 'Adobe After Effects', 'recommended_course': 'Adobe After Effects Motion Graphics', 'type': 'Software', 'duration': '4 weeks'}]"
119,Finance,1432,Business Analytics Tools,3 weeks,Software,"[{'missing_skill': 'ACL Analytics', 'recommended_course': 'Business Analytics Tools', 'type': 'Software', 'duration': '3 weeks'}]"
120,Sales,670,Accounting Software Proficiency,3 weeks,Software,"[{'missing_skill': 'ADP Drive DMS for Accounting', 'recommended_course': 'Accounting Software Proficiency', 'type': 'Software', 'duration': '3 weeks'}, {'missing_skill': 'AJAX', 'recommended_course': 'AJAX & Asynchronous Web Development', 'type': 'Technical', 'duration': '3 weeks'}, {'missing_skill': 'AMS Services AMS Sagitta', 'recommended_course': 'Git Version Control', 'type': 'Technical', 'duration': '1 week'}]"
121,IT,2492,3D Graphics Fundamentals,6 weeks,Technical,"[{'missing_skill': '3D graphics software', 'recommended_course': '3D Graphics Fundamentals', 'type': 'Technical', 'duration': '6 weeks'}]"
122,Support,399,ERP Implementation & Management,6 weeks,Software,"[{'missing_skill': 'ADP Enterprise HR', 'recommended_course': 'ERP Implementation & Management', 'type': 'Software', 'duration': '6 weeks'}, {'missing_skill': 'API Healthcare ActiveStaffer', 'recommended_course': 'RESTful API Design', 'type': 'Technical', 'duration': '2 weeks'}, {'missing_skill': 'Active Learning', 'recommended_course': 'Active Learning Techniques', 'type': 'Soft Skill', 'duration': '2 weeks'}, {'missing_skill': 'Active Listening', 'recommended_course': 'Active Listening Workshop', 'type': 'Soft Skill', 'duration': '1 week'}]"
123,Finance,1433,Business Analytics Tools,3 weeks,Software,"[{'missing_skill': 'ACL Analytics', 'recommended_course': 'Business Analytics Tools', 'type': 'Software', 'duration': '3 weeks'}]"
124,IT,2494,3D Graphics Fundamentals,6 weeks,Technical,"[{'missing_skill': '3D graphics software', 'recommended_course': '3D Graphics Fundamentals', 'type': 'Technical', 'duration': '6 weeks'}]"
125,Finance,1433,Business Analytics Tools,3 weeks,Software,"[{'missing_skill': 'ACL Analytics', 'recommended_course': 'Business Analytics Tools', 'type': 'Software', 'duration': '3 weeks'}]"
126,IT,2494,3D Graphics Fundamentals,6 weeks,Technical,"[{'missing_skill': '3D graphics software', 'recommended_course': '3D Graphics Fundamentals', 'type': 'Technical', 'duration': '6 weeks'}]"
127,Sales,670,Accounting Software Proficiency,3 weeks,Software,"[{'missing_skill': 'ADP Drive DMS for Accounting', 'recommended_course': 'Accounting Software Proficiency', 'type': 'Software', 'duration': '3 weeks'}, {'missing_skill': 'AJAX', 'recommended_course': 'AJAX & Asynchronous Web Development', 'type': 'Technical', 'duration': '3 weeks'}, {'missing_skill': 'AMS Services AMS Sagitta', 'recommended_course': 'Git Version Control', 'type': 'Technical', 'duration': '1 week'}]"
128,HR,398,ERP Implementation & Management,6 weeks,Software,"[{'missing_skill': 'ADP Enterprise HR', 'recommended_course': 'ERP Implementation & Management', 'type': 'Software', 'duration': '6 weeks'}, {'missing_skill': 'AJAX', 'recommended_course': 'AJAX & Asynchronous Web Development', 'type': 'Technical', 'duration': '3 weeks'}, {'missing_skill': 'Active Listening', 'recommended_course': 'Active Listening Workshop', 'type': 'Soft Skill', 'duration': '1 week'}, {'missing_skill': 'Adobe Acrobat', 'recommended_course': 'Adobe Acrobat Professional', 'type': 'Software', 'duration': '2 weeks'}, {'missing_skill': 'Adobe ActionScript', 'recommended_course': 'Adobe ActionScript Programming', 'type': 'Software', 'duration': '4 weeks'}, {'missing_skill': 'Adobe After Effects', 'recommended_course': 'Adobe After Effects Motion Graphics', 'type': 'Software', 'duration': '4 weeks'}]"
129,Support,399,ERP Implementation & Management,6 weeks,Software,"[{'missing_skill': 'ADP Enterprise HR', 'recommended_course': 'ERP Implementation & Management', 'type': 'Software', 'duration': '6 weeks'}, {'missing_skill': 'API Healthcare ActiveStaffer', 'recommended_course': 'RESTful API Design', 'type': 'Technical', 'duration': '2 weeks'}, {'missing_skill': 'Active Learning', 'recommended_course': 'Active Learning Techniques', 'type': 'Soft Skill', 'duration': '2 weeks'}, {'missing_skill': 'Active Listening', 'recommended_course': 'Active Listening Workshop', 'type': 'Soft Skill', 'duration': '1 week'}]"
130,IT,2493,3D Graphics Fundamentals,6 weeks,Technical,"[{'missing_skill': '3D graphics software', 'recommended_course': '3D Graphics Fundamentals', 'type': 'Technical', 'duration': '6 weeks'}]"
131,Support,400,ERP Implementation & Management,6 weeks,Software,"[{'missing_skill': 'ADP Enterprise HR', 'recommended_course': 'ERP Implementation & Management', 'type': 'Software', 'duration': '6 weeks'}, {'missing_skill': 'API Healthcare ActiveStaffer', 'recommended_course': 'RESTful API Design', 'type': 'Technical', 'duration': '2 weeks'}, {'missing_skill': 'Active Learning', 'recommended_course': 'Active Learning Techniques', 'type': 'Soft Skill', 'duration': '2 weeks'}, {'missing_skill': 'Active Listening', 'recommended_course': 'Active Listening Workshop', 'type': 'Soft Skill', 'duration': '1 week'}]"
132,HR,396,ERP Implementation & Management,6 weeks,Software,"[{'missing_skill': 'ADP Enterprise HR', 'recommended_course': 'ERP Implementation & Management', 'type': 'Software', 'duration': '6 weeks'}, {'missing_skill': 'AJAX', 'recommended_course': 'AJAX & Asynchronous Web Development', 'type': 'Technical', 'duration': '3 weeks'}, {'missing_skill': 'Active Listening', 'recommended_course': 'Active Listening Workshop', 'type': 'Soft Skill', 'duration': '1 week'}, {'missing_skill': 'Adobe Acrobat', 'recommended_course': 'Adobe Acrobat Professional', 'type': 'Software', 'duration': '2 weeks'}, {'missing_skill': 'Adobe ActionScript', 'recommended_course': 'Adobe ActionScript Programming', 'type': 'Software', 'duration': '4 weeks'}, {'missing_skill': 'Adobe After Effects', 'recommended_course': 'Adobe After Effects Motion Graphics', 'type': 'Software', 'duration': '4 weeks'}]"
133,Finance,1434,Business Analytics Tools,3 weeks,Software,"[{'missing_skill': 'ACL Analytics', 'recommended_course': 'Business Analytics Tools', 'type': 'Software', 'duration': '3 weeks'}]"
134,HR,396,ERP Implementation & Management,6 weeks,Software,"[{'missing_skill': 'ADP Enterprise HR', 'recommended_course': 'ERP Implementation & Management', 'type': 'Software', 'duration': '6 weeks'}, {'missing_skill': 'AJAX', 'recommended_course': 'AJAX & Asynchronous Web Development', 'type': 'Technical', 'duration': '3 weeks'}, {'missing_skill': 'Active Listening', 'recommended_course': 'Active Listening Workshop', 'type': 'Soft Skill', 'duration': '1 week'}, {'missing_skill': 'Adobe Acrobat', 'recommended_course': 'Adobe Acrobat Professional', 'type': 'Software', 'duration': '2 weeks'}, {'missing_skill': 'Adobe ActionScript', 'recommended_course': 'Adobe ActionScript Programming', 'type': 'Software', 'duration': '4 weeks'}, {'missing_skill': 'Adobe After Effects', 'recommended_course': 'Adobe After Effects Motion Graphics', 'type': 'Software', 'duration': '4 weeks'}]"
135,Marketing,175,Cybersecurity Fundamentals,4 weeks,Technical,"[{'missing_skill': '2AB iLock Security Services', 'recommended_course': 'Cybersecurity Fundamentals', 'type': 'Technical', 'duration': '4 weeks'}, {'missing_skill': '911 system information databases', 'recommended_course': 'Database Reporting & BI Tools', 'type': 'Technical', 'duration': '3 weeks'}, {'missing_skill': 'Access management software', 'recommended_course': 'Access Management Systems', 'type': 'Software', 'duration': '2 weeks'}, {'missing_skill': 'Active Learning', 'recommended_course': 'Active Learning Techniques', 'type': 'Soft Skill', 'duration': '2 weeks'}, {'missing_skill': 'Active Listening', 'recommended_course': 'Active Listening Workshop', 'type': 'Soft Skill', 'duration': '1 week'}, {'missing_skill': 'Adobe Acrobat', 'recommended_course': 'Adobe Acrobat Professional', 'type': 'Software', 'duration': '2 weeks'}, {'missing_skill': 'Adobe Acrobat Reader', 'recommended_course': 'Adobe Creative Suite Mastery', 'type': 'Software', 'duration': '6 weeks'}, {'missing_skill': 'Adobe ActionScript', 'recommended_course': 'Adobe ActionScript Programming', 'type': 'Software', 'duration': '4 weeks'}]"
136,Marketing,176,Cybersecurity Fundamentals,4 weeks,Technical,"[{'missing_skill': '2AB iLock Security Services', 'recommended_course': 'Cybersecurity Fundamentals', 'type': 'Technical', 'duration': '4 weeks'}, {'missing_skill': '911 system information databases', 'recommended_course': 'Database Reporting & BI Tools', 'type': 'Technical', 'duration': '3 weeks'}, {'missing_skill': 'Access management software', 'recommended_course': 'Access Management Systems', 'type': 'Software', 'duration': '2 weeks'}, {'missing_skill': 'Active Learning', 'recommended_course': 'Active Learning Techniques', 'type': 'Soft Skill', 'duration': '2 weeks'}, {'missing_skill': 'Active Listening', 'recommended_course': 'Active Listening Workshop', 'type': 'Soft Skill', 'duration': '1 week'}, {'missing_skill': 'Adobe Acrobat', 'recommended_course': 'Adobe Acrobat Professional', 'type': 'Software', 'duration': '2 weeks'}, {'missing_skill': 'Adobe Acrobat Reader', 'recommended_course': 'Adobe Creative Suite Mastery', 'type': 'Software', 'duration': '6 weeks'}, {'missing_skill': 'Adobe ActionScript', 'recommended_course': 'Adobe ActionScript Programming', 'type': 'Software', 'duration': '4 weeks'}]"
137,Finance,1433,Business Analytics Tools,3 weeks,Software,"[{'missing_skill': 'ACL Analytics', 'recommended_course': 'Business Analytics Tools', 'type': 'Software', 'duration': '3 weeks'}]"
138,IT,2494,3D Graphics Fundamentals,6 weeks,Technical,"[{'missing_skill': '3D graphics software', 'recommended_course': '3D Graphics Fundamentals', 'type': 'Technical', 'duration': '6 weeks'}]"
139,IT,2493,3D Graphics Fundamentals,6 weeks,Technical,"[{'missing_skill': '3D graphics software', 'recommended_course': '3D Graphics Fundamentals', 'type': 'Technical', 'duration': '6 weeks'}]"
140,Sales,671,Accounting Software Proficiency,3 weeks,Software,"[{'missing_skill': 'ADP Drive DMS for Accounting', 'recommended_course': 'Accounting Software Proficiency', 'type': 'Software', 'duration': '3 weeks'}, {'missing_skill': 'AJAX', 'recommended_course': 'AJAX & Asynchronous Web Development', 'type': 'Technical', 'duration': '3 weeks'}, {'missing_skill': 'AMS Services AMS Sagitta', 'recommended_course': 'Git Version Control', 'type': 'Technical', 'duration': '1 week'}]"
141,IT,2493,3D Graphics Fundamentals,6 weeks,Technical,"[{'missing_skill': '3D graphics software', 'recommended_course': '3D Graphics Fundamentals', 'type': 'Technical', 'duration': '6 weeks'}]"
142,Sales,669,Accounting Software Proficiency,3 weeks,Software,"[{'missing_skill': 'ADP Drive DMS for Accounting', 'recommended_course': 'Accounting Software Proficiency', 'type': 'Software', 'duration': '3 weeks'}, {'missing_skill': 'AJAX', 'recommended_course': 'AJAX & Asynchronous Web Development', 'type': 'Technical', 'duration': '3 weeks'}, {'missing_skill': 'AMS Services AMS Sagitta', 'recommended_course': 'Git Version Control', 'type': 'Technical', 'duration': '1 week'}]"
143,Support,401,ERP Implementation & Management,6 weeks,Software,"[{'missing_skill': 'ADP Enterprise HR', 'recommended_course': 'ERP Implementation & Management', 'type': 'Software', 'duration': '6 weeks'}, {'missing_skill': 'API Healthcare ActiveStaffer', 'recommended_course': 'RESTful API Design', 'type': 'Technical', 'duration': '2 weeks'}, {'missing_skill': 'Active Learning', 'recommended_course': 'Active Learning Techniques', 'type': 'Soft Skill', 'duration': '2 weeks'}, {'missing_skill': 'Active Listening', 'recommended_course': 'Active Listening Workshop', 'type': 'Soft Skill', 'duration': '1 week'}]"
144,Sales,670,Accounting Software Proficiency,3 weeks,Software,"[{'missing_skill': 'ADP Drive DMS for Accounting', 'recommended_course': 'Accounting Software Proficiency', 'type': 'Software', 'duration': '3 weeks'}, {'missing_skill': 'AJAX', 'recommended_course': 'AJAX & Asynchronous Web Development', 'type': 'Technical', 'duration': '3 weeks'}, {'missing_skill': 'AMS Services AMS Sagitta', 'recommended_course': 'Git Version Control', 'type': 'Technical', 'duration': '1 week'}]"
145,Support,400,ERP Implementation & Management,6 weeks,Software,"[{'missing_skill': 'ADP Enterprise HR', 'recommended_course': 'ERP Implementation & Management', 'type': 'Software', 'duration': '6 weeks'}, {'missing_skill': 'API Healthcare ActiveStaffer', 'recommended_course': 'RESTful API Design', 'type': 'Technical', 'duration': '2 weeks'}, {'missing_skill': 'Active Learning', 'recommended_course': 'Active Learning Techniques', 'type': 'Soft Skill', 'duration': '2 weeks'}, {'missing_skill': 'Active Listening', 'recommended_course': 'Active Listening Workshop', 'type': 'Soft Skill', 'duration': '1 week'}]"
146,HR,396,ERP Implementation & Management,6 weeks,Software,"[{'missing_skill': 'ADP Enterprise HR', 'recommended_course': 'ERP Implementation & Management', 'type': 'Software', 'duration': '6 weeks'}, {'missing_skill': 'AJAX', 'recommended_course': 'AJAX & Asynchronous Web Development', 'type': 'Technical', 'duration': '3 weeks'}, {'missing_skill': 'Active Listening', 'recommended_course': 'Active Listening Workshop', 'type': 'Soft Skill', 'duration': '1 week'}, {'missing_skill': 'Adobe Acrobat', 'recommended_course': 'Adobe Acrobat Professional', 'type': 'Software', 'duration': '2 weeks'}, {'missing_skill': 'Adobe ActionScript', 'recommended_course': 'Adobe ActionScript Programming', 'type': 'Software', 'duration': '4 weeks'}, {'missing_skill': 'Adobe After Effects', 'recommended_course': 'Adobe After Effects Motion Graphics', 'type': 'Software', 'duration': '4 weeks'}]"
147,Sales,670,Accounting Software Proficiency,3 weeks,Software,"[{'missing_skill': 'ADP Drive DMS for Accounting', 'recommended_course': 'Accounting Software Proficiency', 'type': 'Software', 'duration': '3 weeks'}, {'missing_skill': 'AJAX', 'recommended_course': 'AJAX & Asynchronous Web Development', 'type': 'Technical', 'duration': '3 weeks'}, {'missing_skill': 'AMS Services AMS Sagitta', 'recommended_course': 'Git Version Control', 'type': 'Technical', 'duration': '1 week'}]"
148,Sales,670,Accounting Software Proficiency,3 weeks,Software,"[{'missing_skill': 'ADP Drive DMS for Accounting', 'recommended_course': 'Accounting Software Proficiency', 'type': 'Software', 'duration': '3 weeks'}, {'missing_skill': 'AJAX', 'recommended_course': 'AJAX & Asynchronous Web Development', 'type': 'Technical', 'duration': '3 weeks'}, {'missing_skill': 'AMS Services AMS Sagitta', 'recommended_course': 'Git Version Control', 'type': 'Technical', 'duration': '1 week'}]"
149,Support,401,ERP Implementation & Management,6 weeks,Software,"[{'missing_skill': 'ADP Enterprise HR', 'recommended_course': 'ERP Implementation & Management', 'type': 'Software', 'duration': '6 weeks'}, {'missing_skill': 'API Healthcare ActiveStaffer', 'recommended_course': 'RESTful API Design', 'type': 'Technical', 'duration': '2 weeks'}, {'missing_skill': 'Active Learning', 'recommended_course': 'Active Learning Techniques', 'type': 'Soft Skill', 'duration': '2 weeks'}, {'missing_skill': 'Active Listening', 'recommended_course': 'Active Listening Workshop', 'type': 'Soft Skill', 'duration': '1 week'}]"
150,Marketing,174,Cybersecurity Fundamentals,4 weeks,Technical,"[{'missing_skill': '2AB iLock Security Services', 'recommended_course': 'Cybersecurity Fundamentals', 'type': 'Technical', 'duration': '4 weeks'}, {'missing_skill': '911 system information databases', 'recommended_course': 'Database Reporting & BI Tools', 'type': 'Technical', 'duration': '3 weeks'}, {'missing_skill': 'Access management software', 'recommended_course': 'Access Management Systems', 'type': 'Software', 'duration': '2 weeks'}, {'missing_skill': 'Active Learning', 'recommended_course': 'Active Learning Techniques', 'type': 'Soft Skill', 'duration': '2 weeks'}, {'missing_skill': 'Active Listening', 'recommended_course': 'Active Listening Workshop', 'type': 'Soft Skill', 'duration': '1 week'}, {'missing_skill': 'Adobe Acrobat', 'recommended_course': 'Adobe Acrobat Professional', 'type': 'Software', 'duration': '2 weeks'}, {'missing_skill': 'Adobe Acrobat Reader', 'recommended_course': 'Adobe Creative Suite Mastery', 'type': 'Software', 'duration': '6 weeks'}, {'missing_skill': 'Adobe ActionScript', 'recommended_course': 'Adobe ActionScript Programming', 'type': 'Software', 'duration': '4 weeks'}]"
151,HR,397,ERP Implementation & Management,6 weeks,Software,"[{'missing_skill': 'ADP Enterprise HR', 'recommended_course': 'ERP Implementation & Management', 'type': 'Software', 'duration': '6 weeks'}, {'missing_skill': 'AJAX', 'recommended_course': 'AJAX & Asynchronous Web Development', 'type': 'Technical', 'duration': '3 weeks'}, {'missing_skill': 'Active Listening', 'recommended_course': 'Active Listening Workshop', 'type': 'Soft Skill', 'duration': '1 week'}, {'missing_skill': 'Adobe Acrobat', 'recommended_course': 'Adobe Acrobat Professional', 'type': 'Software', 'duration': '2 weeks'}, {'missing_skill': 'Adobe ActionScript', 'recommended_course': 'Adobe ActionScript Programming', 'type': 'Software', 'duration': '4 weeks'}, {'missing_skill': 'Adobe After Effects', 'recommended_course': 'Adobe After Effects Motion Graphics', 'type': 'Software', 'duration': '4 weeks'}]"
152,Sales,669,Accounting Software Proficiency,3 weeks,Software,"[{'missing_skill': 'ADP Drive DMS for Accounting', 'recommended_course': 'Accounting Software Proficiency', 'type': 'Software', 'duration': '3 weeks'}, {'missing_skill': 'AJAX', 'recommended_course': 'AJAX & Asynchronous Web Development', 'type': 'Technical', 'duration': '3 weeks'}, {'missing_skill': 'AMS Services AMS Sagitta', 'recommended_course': 'Git Version Control', 'type': 'Technical', 'duration': '1 week'}]"
153,IT,2492,3D Graphics Fundamentals,6 weeks,Technical,"[{'missing_skill': '3D graphics software', 'recommended_course': '3D Graphics Fundamentals', 'type': 'Technical', 'duration': '6 weeks'}]"
154,Marketing,175,Cybersecurity Fundamentals,4 weeks,Technical,"[{'missing_skill': '2AB iLock Security Services', 'recommended_course': 'Cybersecurity Fundamentals', 'type': 'Technical', 'duration': '4 weeks'}, {'missing_skill': '911 system information databases', 'recommended_course': 'Database Reporting & BI Tools', 'type': 'Technical', 'duration': '3 weeks'}, {'missing_skill': 'Access management software', 'recommended_course': 'Access Management Systems', 'type': 'Software', 'duration': '2 weeks'}, {'missing_skill': 'Active Learning', 'recommended_course': 'Active Learning Techniques', 'type': 'Soft Skill', 'duration': '2 weeks'}, {'missing_skill': 'Active Listening', 'recommended_course': 'Active Listening Workshop', 'type': 'Soft Skill', 'duration': '1 week'}, {'missing_skill': 'Adobe Acrobat', 'recommended_course': 'Adobe Acrobat Professional', 'type': 'Software', 'duration': '2 weeks'}, {'missing_skill': 'Adobe Acrobat Reader', 'recommended_course': 'Adobe Creative Suite Mastery', 'type': 'Software', 'duration': '6 weeks'}, {'missing_skill': 'Adobe ActionScript', 'recommended_course': 'Adobe ActionScript Programming', 'type': 'Software', 'duration': '4 weeks'}]"
155,HR,396,ERP Implementation & Management,6 weeks,Software,"[{'missing_skill': 'ADP Enterprise HR', 'recommended_course': 'ERP Implementation & Management', 'type': 'Software', 'duration': '6 weeks'}, {'missing_skill': 'AJAX', 'recommended_course': 'AJAX & Asynchronous Web Development', 'type': 'Technical', 'duration': '3 weeks'}, {'missing_skill': 'Active Listening', 'recommended_course': 'Active Listening Workshop', 'type': 'Soft Skill', 'duration': '1 week'}, {'missing_skill': 'Adobe Acrobat', 'recommended_course': 'Adobe Acrobat Professional', 'type': 'Software', 'duration': '2 weeks'}, {'missing_skill': 'Adobe ActionScript', 'recommended_course': 'Adobe ActionScript Programming', 'type': 'Software', 'duration': '4 weeks'}, {'missing_skill': 'Adobe After Effects', 'recommended_course': 'Adobe After Effects Motion Graphics', 'type': 'Software', 'duration': '4 weeks'}]"
156,IT,2495,3D Graphics Fundamentals,6 weeks,Technical,"[{'missing_skill': '3D graphics software', 'recommended_course': '3D Graphics Fundamentals', 'type': 'Technical', 'duration': '6 weeks'}]"
157,HR,396,ERP Implementation & Management,6 weeks,Software,"[{'missing_skill': 'ADP Enterprise HR', 'recommended_course': 'ERP Implementation & Management', 'type': 'Software', 'duration': '6 weeks'}, {'missing_skill': 'AJAX', 'recommended_course': 'AJAX & Asynchronous Web Development', 'type': 'Technical', 'duration': '3 weeks'}, {'missing_skill': 'Active Listening', 'recommended_course': 'Active Listening Workshop', 'type': 'Soft Skill', 'duration': '1 week'}, {'missing_skill': 'Adobe Acrobat', 'recommended_course': 'Adobe Acrobat Professional', 'type': 'Software', 'duration': '2 weeks'}, {'missing_skill': 'Adobe ActionScript', 'recommended_course': 'Adobe ActionScript Programming', 'type': 'Software', 'duration': '4 weeks'}, {'missing_skill': 'Adobe After Effects', 'recommended_course': 'Adobe After Effects Motion Graphics', 'type': 'Software', 'duration': '4 weeks'}]"
158,Marketing,176,Cybersecurity Fundamentals,4 weeks,Technical,"[{'missing_skill': '2AB iLock Security Services', 'recommended_course': 'Cybersecurity Fundamentals', 'type': 'Technical', 'duration': '4 weeks'}, {'missing_skill': '911 system information databases', 'recommended_course': 'Database Reporting & BI Tools', 'type': 'Technical', 'duration': '3 weeks'}, {'missing_skill': 'Access management software', 'recommended_course': 'Access Management Systems', 'type': 'Software', 'duration': '2 weeks'}, {'missing_skill': 'Active Learning', 'recommended_course': 'Active Learning Techniques', 'type': 'Soft Skill', 'duration': '2 weeks'}, {'missing_skill': 'Active Listening', 'recommended_course': 'Active Listening Workshop', 'type': 'Soft Skill', 'duration': '1 week'}, {'missing_skill': 'Adobe Acrobat', 'recommended_course': 'Adobe Acrobat Professional', 'type': 'Software', 'duration': '2 weeks'}, {'missing_skill': 'Adobe Acrobat Reader', 'recommended_course': 'Adobe Creative Suite Mastery', 'type': 'Software', 'duration': '6 weeks'}, {'missing_skill': 'Adobe ActionScript', 'recommended_course': 'Adobe ActionScript Programming', 'type': 'Software', 'duration': '4 weeks'}]"
159,Support,400,ERP Implementation & Management,6 weeks,Software,"[{'missing_skill': 'ADP Enterprise HR', 'recommended_course': 'ERP Implementation & Management', 'type': 'Software', 'duration': '6 weeks'}, {'missing_skill': 'API Healthcare ActiveStaffer', 'recommended_course': 'RESTful API Design', 'type': 'Technical', 'duration': '2 weeks'}, {'missing_skill': 'Active Learning', 'recommended_course': 'Active Learning Techniques', 'type': 'Soft Skill', 'duration': '2 weeks'}, {'missing_skill': 'Active Listening', 'recommended_course': 'Active Listening Workshop', 'type': 'Soft Skill', 'duration': '1 week'}]"
160,Sales,670,Accounting Software Proficiency,3 weeks,Software,"[{'missing_skill': 'ADP Drive DMS for Accounting', 'recommended_course': 'Accounting Software Proficiency', 'type': 'Software', 'duration': '3 weeks'}, {'missing_skill': 'AJAX', 'recommended_course': 'AJAX & Asynchronous Web Development', 'type': 'Technical', 'duration': '3 weeks'}, {'missing_skill': 'AMS Services AMS Sagitta', 'recommended_course': 'Git Version Control', 'type': 'Technical', 'duration': '1 week'}]"
161,Support,400,ERP Implementation & Management,6 weeks,Software,"[{'missing_skill': 'ADP Enterprise HR', 'recommended_course': 'ERP Implementation & Management', 'type': 'Software', 'duration': '6 weeks'}, {'missing_skill': 'API Healthcare ActiveStaffer', 'recommended_course': 'RESTful API Design', 'type': 'Technical', 'duration': '2 weeks'}, {'missing_skill': 'Active Learning', 'recommended_course': 'Active Learning Techniques', 'type': 'Soft Skill', 'duration': '2 weeks'}, {'missing_skill': 'Active Listening', 'recommended_course': 'Active Listening Workshop', 'type': 'Soft Skill', 'duration': '1 week'}]"
162,Finance,1432,Business Analytics Tools,3 weeks,Software,"[{'missing_skill': 'ACL Analytics', 'recommended_course': 'Business Analytics Tools', 'type': 'Software', 'duration': '3 weeks'}]"
163,HR,398,ERP Implementation & Management,6 weeks,Software,"[{'missing_skill': 'ADP Enterprise HR', 'recommended_course': 'ERP Implementation & Management', 'type': 'Software', 'duration': '6 weeks'}, {'missing_skill': 'AJAX', 'recommended_course': 'AJAX & Asynchronous Web Development', 'type': 'Technical', 'duration': '3 weeks'}, {'missing_skill': 'Active Listening', 'recommended_course': 'Active Listening Workshop', 'type': 'Soft Skill', 'duration': '1 week'}, {'missing_skill': 'Adobe Acrobat', 'recommended_course': 'Adobe Acrobat Professional', 'type': 'Software', 'duration': '2 weeks'}, {'missing_skill': 'Adobe ActionScript', 'recommended_course': 'Adobe ActionScript Programming', 'type': 'Software', 'duration': '4 weeks'}, {'missing_skill': 'Adobe After Effects', 'recommended_course': 'Adobe After Effects Motion Graphics', 'type': 'Software', 'duration': '4 weeks'}]"
164,HR,397,ERP Implementation & Management,6 weeks,Software,"[{'missing_skill': 'ADP Enterprise HR', 'recommended_course': 'ERP Implementation & Management', 'type': 'Software', 'duration': '6 weeks'}, {'missing_skill': 'AJAX', 'recommended_course': 'AJAX & Asynchronous Web Development', 'type': 'Technical', 'duration': '3 weeks'}, {'missing_skill': 'Active Listening', 'recommended_course': 'Active Listening Workshop', 'type': 'Soft Skill', 'duration': '1 week'}, {'missing_skill': 'Adobe Acrobat', 'recommended_course': 'Adobe Acrobat Professional', 'type': 'Software', 'duration': '2 weeks'}, {'missing_skill': 'Adobe ActionScript', 'recommended_course': 'Adobe ActionScript Programming', 'type': 'Software', 'duration': '4 weeks'}, {'missing_skill': 'Adobe After Effects', 'recommended_course': 'Adobe After Effects Motion Graphics', 'type': 'Software', 'duration': '4 weeks'}]"
165,IT,2494,3D Graphics Fundamentals,6 weeks,Technical,"[{'missing_skill': '3D graphics software', 'recommended_course': '3D Graphics Fundamentals', 'type': 'Technical', 'duration': '6 weeks'}]"
166,IT,2492,3D Graphics Fundamentals,6 weeks,Technical,"[{'missing_skill': '3D graphics software', 'recommended_course': '3D Graphics Fundamentals', 'type': 'Technical', 'duration': '6 weeks'}]"
167,HR,397,ERP Implementation & Management,6 weeks,Software,"[{'missing_skill': 'ADP Enterprise HR', 'recommended_course': 'ERP Implementation & Management', 'type': 'Software', 'duration': '6 weeks'}, {'missing_skill': 'AJAX', 'recommended_course': 'AJAX & Asynchronous Web Development', 'type': 'Technical', 'duration': '3 weeks'}, {'missing_skill': 'Active Listening', 'recommended_course': 'Active Listening Workshop', 'type': 'Soft Skill', 'duration': '1 week'}, {'missing_skill': 'Adobe Acrobat', 'recommended_course': 'Adobe Acrobat Professional', 'type': 'Software', 'duration': '2 weeks'}, {'missing_skill': 'Adobe ActionScript', 'recommended_course': 'Adobe ActionScript Programming', 'type': 'Software', 'duration': '4 weeks'}, {'missing_skill': 'Adobe After Effects', 'recommended_course': 'Adobe After Effects Motion Graphics', 'type': 'Software', 'duration': '4 weeks'}]"
168,HR,396,ERP Implementation & Management,6 weeks,Software,"[{'missing_skill': 'ADP Enterprise HR', 'recommended_course': 'ERP Implementation & Management', 'type': 'Software', 'duration': '6 weeks'}, {'missing_skill': 'AJAX', 'recommended_course': 'AJAX & Asynchronous Web Development', 'type': 'Technical', 'duration': '3 weeks'}, {'missing_skill': 'Active Listening', 'recommended_course': 'Active Listening Workshop', 'type': 'Soft Skill', 'duration': '1 week'}, {'missing_skill': 'Adobe Acrobat', 'recommended_course': 'Adobe Acrobat Professional', 'type': 'Software', 'duration': '2 weeks'}, {'missing_skill': 'Adobe ActionScript', 'recommended_course': 'Adobe ActionScript Programming', 'type': 'Software', 'duration': '4 weeks'}, {'missing_skill': 'Adobe After Effects', 'recommended_course': 'Adobe After Effects Motion Graphics', 'type': 'Software', 'duration': '4 weeks'}]"
169,Support,399,ERP Implementation & Management,6 weeks,Software,"[{'missing_skill': 'ADP Enterprise HR', 'recommended_course': 'ERP Implementation & Management', 'type': 'Software', 'duration': '6 weeks'}, {'missing_skill': 'API Healthcare ActiveStaffer', 'recommended_course': 'RESTful API Design', 'type': 'Technical', 'duration': '2 weeks'}, {'missing_skill': 'Active Learning', 'recommended_course': 'Active Learning Techniques', 'type': 'Soft Skill', 'duration': '2 weeks'}, {'missing_skill': 'Active Listening', 'recommended_course': 'Active Listening Workshop', 'type': 'Soft Skill', 'duration': '1 week'}]"
170,Sales,670,Accounting Software Proficiency,3 weeks,Software,"[{'missing_skill': 'ADP Drive DMS for Accounting', 'recommended_course': 'Accounting Software Proficiency', 'type': 'Software', 'duration': '3 weeks'}, {'missing_skill': 'AJAX', 'recommended_course': 'AJAX & Asynchronous Web Development', 'type': 'Technical', 'duration': '3 weeks'}, {'missing_skill': 'AMS Services AMS Sagitta', 'recommended_course': 'Git Version Control', 'type': 'Technical', 'duration': '1 week'}]"
171,Marketing,175,Cybersecurity Fundamentals,4 weeks,Technical,"[{'missing_skill': '2AB iLock Security Services', 'recommended_course': 'Cybersecurity Fundamentals', 'type': 'Technical', 'duration': '4 weeks'}, {'missing_skill': '911 system information databases', 'recommended_course': 'Database Reporting & BI Tools', 'type': 'Technical', 'duration': '3 weeks'}, {'missing_skill': 'Access management software', 'recommended_course': 'Access Management Systems', 'type': 'Software', 'duration': '2 weeks'}, {'missing_skill': 'Active Learning', 'recommended_course': 'Active Learning Techniques', 'type': 'Soft Skill', 'duration': '2 weeks'}, {'missing_skill': 'Active Listening', 'recommended_course': 'Active Listening Workshop', 'type': 'Soft Skill', 'duration': '1 week'}, {'missing_skill': 'Adobe Acrobat', 'recommended_course': 'Adobe Acrobat Professional', 'type': 'Software', 'duration': '2 weeks'}, {'missing_skill': 'Adobe Acrobat Reader', 'recommended_course': 'Adobe Creative Suite Mastery', 'type': 'Software', 'duration': '6 weeks'}, {'missing_skill': 'Adobe ActionScript', 'recommended_course': 'Adobe ActionScript Programming', 'type': 'Software', 'duration': '4 weeks'}]"
172,HR,396,ERP Implementation & Management,6 weeks,Software,"[{'missing_skill': 'ADP Enterprise HR', 'recommended_course': 'ERP Implementation & Management', 'type': 'Software', 'duration': '6 weeks'}, {'missing_skill': 'AJAX', 'recommended_course': 'AJAX & Asynchronous Web Development', 'type': 'Technical', 'duration': '3 weeks'}, {'missing_skill': 'Active Listening', 'recommended_course': 'Active Listening Workshop', 'type': 'Soft Skill', 'duration': '1 week'}, {'missing_skill': 'Adobe Acrobat', 'recommended_course': 'Adobe Acrobat Professional', 'type': 'Software', 'duration': '2 weeks'}, {'missing_skill': 'Adobe ActionScript', 'recommended_course': 'Adobe ActionScript Programming', 'type': 'Software', 'duration': '4 weeks'}, {'missing_skill': 'Adobe After Effects', 'recommended_course': 'Adobe After Effects Motion Graphics', 'type': 'Software', 'duration': '4 weeks'}]"
173,Support,401,ERP Implementation & Management,6 weeks,Software,"[{'missing_skill': 'ADP Enterprise HR', 'recommended_course': 'ERP Implementation & Management', 'type': 'Software', 'duration': '6 weeks'}, {'missing_skill': 'API Healthcare ActiveStaffer', 'recommended_course': 'RESTful API Design', 'type': 'Technical', 'duration': '2 weeks'}, {'missing_skill': 'Active Learning', 'recommended_course': 'Active Learning Techniques', 'type': 'Soft Skill', 'duration': '2 weeks'}, {'missing_skill': 'Active Listening', 'recommended_course': 'Active Listening Workshop', 'type': 'Soft Skill', 'duration': '1 week'}]"
174,Marketing,174,Cybersecurity Fundamentals,4 weeks,Technical,"[{'missing_skill': '2AB iLock Security Services', 'recommended_course': 'Cybersecurity Fundamentals', 'type': 'Technical', 'duration': '4 weeks'}, {'missing_skill': '911 system information databases', 'recommended_course': 'Database Reporting & BI Tools', 'type': 'Technical', 'duration': '3 weeks'}, {'missing_skill': 'Access management software', 'recommended_course': 'Access Management Systems', 'type': 'Software', 'duration': '2 weeks'}, {'missing_skill': 'Active Learning', 'recommended_course': 'Active Learning Techniques', 'type': 'Soft Skill', 'duration': '2 weeks'}, {'missing_skill': 'Active Listening', 'recommended_course': 'Active Listening Workshop', 'type': 'Soft Skill', 'duration': '1 week'}, {'missing_skill': 'Adobe Acrobat', 'recommended_course': 'Adobe Acrobat Professional', 'type': 'Software', 'duration': '2 weeks'}, {'missing_skill': 'Adobe Acrobat Reader', 'recommended_course': 'Adobe Creative Suite Mastery', 'type': 'Software', 'duration': '6 weeks'}, {'missing_skill': 'Adobe ActionScript', 'recommended_course': 'Adobe ActionScript Programming', 'type': 'Software', 'duration': '4 weeks'}]"
175,Marketing,176,Cybersecurity Fundamentals,4 weeks,Technical,"[{'missing_skill': '2AB iLock Security Services', 'recommended_course': 'Cybersecurity Fundamentals', 'type': 'Technical', 'duration': '4 weeks'}, {'missing_skill': '911 system information databases', 'recommended_course': 'Database Reporting & BI Tools', 'type': 'Technical', 'duration': '3 weeks'}, {'missing_skill': 'Access management software', 'recommended_course': 'Access Management Systems', 'type': 'Software', 'duration': '2 weeks'}, {'missing_skill': 'Active Learning', 'recommended_course': 'Active Learning Techniques', 'type': 'Soft Skill', 'duration': '2 weeks'}, {'missing_skill': 'Active Listening', 'recommended_course': 'Active Listening Workshop', 'type': 'Soft Skill', 'duration': '1 week'}, {'missing_skill': 'Adobe Acrobat', 'recommended_course': 'Adobe Acrobat Professional', 'type': 'Software', 'duration': '2 weeks'}, {'missing_skill': 'Adobe Acrobat Reader', 'recommended_course': 'Adobe Creative Suite Mastery', 'type': 'Software', 'duration': '6 weeks'}, {'missing_skill': 'Adobe ActionScript', 'recommended_course': 'Adobe ActionScript Programming', 'type': 'Software', 'duration': '4 weeks'}]"
176,Support,400,ERP Implementation & Management,6 weeks,Software,"[{'missing_skill': 'ADP Enterprise HR', 'recommended_course': 'ERP Implementation & Management', 'type': 'Software', 'duration': '6 weeks'}, {'missing_skill': 'API Healthcare ActiveStaffer', 'recommended_course': 'RESTful API Design', 'type': 'Technical', 'duration': '2 weeks'}, {'missing_skill': 'Active Learning', 'recommended_course': 'Active Learning Techniques', 'type': 'Soft Skill', 'duration': '2 weeks'}, {'missing_skill': 'Active Listening', 'recommended_course': 'Active Listening Workshop', 'type': 'Soft Skill', 'duration': '1 week'}]"
177,Support,399,ERP Implementation & Management,6 weeks,Software,"[{'missing_skill': 'ADP Enterprise HR', 'recommended_course': 'ERP Implementation & Management', 'type': 'Software', 'duration': '6 weeks'}, {'missing_skill': 'API Healthcare ActiveStaffer', 'recommended_course': 'RESTful API Design', 'type': 'Technical', 'duration': '2 weeks'}, {'missing_skill': 'Active Learning', 'recommended_course': 'Active Learning Techniques', 'type': 'Soft Skill', 'duration': '2 weeks'}, {'missing_skill': 'Active Listening', 'recommended_course': 'Active Listening Workshop', 'type': 'Soft Skill', 'duration': '1 week'}]"
178,Sales,669,Accounting Software Proficiency,3 weeks,Software,"[{'missing_skill': 'ADP Drive DMS for Accounting', 'recommended_course': 'Accounting Software Proficiency', 'type': 'Software', 'duration': '3 weeks'}, {'missing_skill': 'AJAX', 'recommended_course': 'AJAX & Asynchronous Web Development', 'type': 'Technical', 'duration': '3 weeks'}, {'missing_skill': 'AMS Services AMS Sagitta', 'recommended_course': 'Git Version Control', 'type': 'Technical', 'duration': '1 week'}]"
179,Marketing,176,Cybersecurity Fundamentals,4 weeks,Technical,"[{'missing_skill': '2AB iLock Security Services', 'recommended_course': 'Cybersecurity Fundamentals', 'type': 'Technical', 'duration': '4 weeks'}, {'missing_skill': '911 system information databases', 'recommended_course': 'Database Reporting & BI Tools', 'type': 'Technical', 'duration': '3 weeks'}, {'missing_skill': 'Access management software', 'recommended_course': 'Access Management Systems', 'type': 'Software', 'duration': '2 weeks'}, {'missing_skill': 'Active Learning', 'recommended_course': 'Active Learning Techniques', 'type': 'Soft Skill', 'duration': '2 weeks'}, {'missing_skill': 'Active Listening', 'recommended_course': 'Active Listening Workshop', 'type': 'Soft Skill', 'duration': '1 week'}, {'missing_skill': 'Adobe Acrobat', 'recommended_course': 'Adobe Acrobat Professional', 'type': 'Software', 'duration': '2 weeks'}, {'missing_skill': 'Adobe Acrobat Reader', 'recommended_course': 'Adobe Creative Suite Mastery', 'type': 'Software', 'duration': '6 weeks'}, {'missing_skill': 'Adobe ActionScript', 'recommended_course': 'Adobe ActionScript Programming', 'type': 'Software', 'duration': '4 weeks'}]"
180,Support,399,ERP Implementation & Management,6 weeks,Software,"[{'missing_skill': 'ADP Enterprise HR', 'recommended_course': 'ERP Implementation & Management', 'type': 'Software', 'duration': '6 weeks'}, {'missing_skill': 'API Healthcare ActiveStaffer', 'recommended_course': 'RESTful API Design', 'type': 'Technical', 'duration': '2 weeks'}, {'missing_skill': 'Active Learning', 'recommended_course': 'Active Learning Techniques', 'type': 'Soft Skill', 'duration': '2 weeks'}, {'missing_skill': 'Active Listening', 'recommended_course': 'Active Listening Workshop', 'type': 'Soft Skill', 'duration': '1 week'}]"
181,Support,401,ERP Implementation & Management,6 weeks,Software,"[{'missing_skill': 'ADP Enterprise HR', 'recommended_course': 'ERP Implementation & Management', 'type': 'Software', 'duration': '6 weeks'}, {'missing_skill': 'API Healthcare ActiveStaffer', 'recommended_course': 'RESTful API Design', 'type': 'Technical', 'duration': '2 weeks'}, {'missing_skill': 'Active Learning', 'recommended_course': 'Active Learning Techniques', 'type': 'Soft Skill', 'duration': '2 weeks'}, {'missing_skill': 'Active Listening', 'recommended_course': 'Active Listening Workshop', 'type': 'Soft Skill', 'duration': '1 week'}]"
182,Support,400,ERP Implementation & Management,6 weeks,Software,"[{'missing_skill': 'ADP Enterprise HR', 'recommended_course': 'ERP Implementation & Management', 'type': 'Software', 'duration': '6 weeks'}, {'missing_skill': 'API Healthcare ActiveStaffer', 'recommended_course': 'RESTful API Design', 'type': 'Technical', 'duration': '2 weeks'}, {'missing_skill': 'Active Learning', 'recommended_course': 'Active Learning Techniques', 'type': 'Soft Skill', 'duration': '2 weeks'}, {'missing_skill': 'Active Listening', 'recommended_course': 'Active Listening Workshop', 'type': 'Soft Skill', 'duration': '1 week'}]"
183,Sales,669,Accounting Software Proficiency,3 weeks,Software,"[{'missing_skill': 'ADP Drive DMS for Accounting', 'recommended_course': 'Accounting Software Proficiency', 'type': 'Software', 'duration': '3 weeks'}, {'missing_skill': 'AJAX', 'recommended_course': 'AJAX & Asynchronous Web Development', 'type': 'Technical', 'duration': '3 weeks'}, {'missing_skill': 'AMS Services AMS Sagitta', 'recommended_course': 'Git Version Control', 'type': 'Technical', 'duration': '1 week'}]"
184,Finance,1433,Business Analytics Tools,3 weeks,Software,"[{'missing_skill': 'ACL Analytics', 'recommended_course': 'Business Analytics Tools', 'type': 'Software', 'duration': '3 weeks'}]"
185,Sales,670,Accounting Software Proficiency,3 weeks,Software,"[{'missing_skill': 'ADP Drive DMS for Accounting', 'recommended_course': 'Accounting Software Proficiency', 'type': 'Software', 'duration': '3 weeks'}, {'missing_skill': 'AJAX', 'recommended_course': 'AJAX & Asynchronous Web Development', 'type': 'Technical', 'duration': '3 weeks'}, {'missing_skill': 'AMS Services AMS Sagitta', 'recommended_course': 'Git Version Control', 'type': 'Technical', 'duration': '1 week'}]"
186,IT,2493,3D Graphics Fundamentals,6 weeks,Technical,"[{'missing_skill': '3D graphics software', 'recommended_course': '3D Graphics Fundamentals', 'type': 'Technical', 'duration': '6 weeks'}]"
187,Support,400,ERP Implementation & Management,6 weeks,Software,"[{'missing_skill': 'ADP Enterprise HR', 'recommended_course': 'ERP Implementation & Management', 'type': 'Software', 'duration': '6 weeks'}, {'missing_skill': 'API Healthcare ActiveStaffer', 'recommended_course': 'RESTful API Design', 'type': 'Technical', 'duration': '2 weeks'}, {'missing_skill': 'Active Learning', 'recommended_course': 'Active Learning Techniques', 'type': 'Soft Skill', 'duration': '2 weeks'}, {'missing_skill': 'Active Listening', 'recommended_course': 'Active Listening Workshop', 'type': 'Soft Skill', 'duration': '1 week'}]"
188,Support,400,ERP Implementation & Management,6 weeks,Software,"[{'missing_skill': 'ADP Enterprise HR', 'recommended_course': 'ERP Implementation & Management', 'type': 'Software', 'duration': '6 weeks'}, {'missing_skill': 'API Healthcare ActiveStaffer', 'recommended_course': 'RESTful API Design', 'type': 'Technical', 'duration': '2 weeks'}, {'missing_skill': 'Active Learning', 'recommended_course': 'Active Learning Techniques', 'type': 'Soft Skill', 'duration': '2 weeks'}, {'missing_skill': 'Active Listening', 'recommended_course': 'Active Listening Workshop', 'type': 'Soft Skill', 'duration': '1 week'}]"
189,Finance,1434,Business Analytics Tools,3 weeks,Software,"[{'missing_skill': 'ACL Analytics', 'recommended_course': 'Business Analytics Tools', 'type': 'Software', 'duration': '3 weeks'}]"
190,Finance,1433,Business Analytics Tools,3 weeks,Software,"[{'missing_skill': 'ACL Analytics', 'recommended_course': 'Business Analytics Tools', 'type': 'Software', 'duration': '3 weeks'}]"
191,HR,396,ERP Implementation & Management,6 weeks,Software,"[{'missing_skill': 'ADP Enterprise HR', 'recommended_course': 'ERP Implementation & Management', 'type': 'Software', 'duration': '6 weeks'}, {'missing_skill': 'AJAX', 'recommended_course': 'AJAX & Asynchronous Web Development', 'type': 'Technical', 'duration': '3 weeks'}, {'missing_skill': 'Active Listening', 'recommended_course': 'Active Listening Workshop', 'type': 'Soft Skill', 'duration': '1 week'}, {'missing_skill': 'Adobe Acrobat', 'recommended_course': 'Adobe Acrobat Professional', 'type': 'Software', 'duration': '2 weeks'}, {'missing_skill': 'Adobe ActionScript', 'recommended_course': 'Adobe ActionScript Programming', 'type': 'Software', 'duration': '4 weeks'}, {'missing_skill': 'Adobe After Effects', 'recommended_course': 'Adobe After Effects Motion Graphics', 'type': 'Software', 'duration': '4 weeks'}]"
192,IT,2493,3D Graphics Fundamentals,6 weeks,Technical,"[{'missing_skill': '3D graphics software', 'recommended_course': '3D Graphics Fundamentals', 'type': 'Technical', 'duration': '6 weeks'}]"
193,Support,400,ERP Implementation & Management,6 weeks,Software,"[{'missing_skill': 'ADP Enterprise HR', 'recommended_course': 'ERP Implementation & Management', 'type': 'Software', 'duration': '6 weeks'}, {'missing_skill': 'API Healthcare ActiveStaffer', 'recommended_course': 'RESTful API Design', 'type': 'Technical', 'duration': '2 weeks'}, {'missing_skill': 'Active Learning', 'recommended_course': 'Active Learning Techniques', 'type': 'Soft Skill', 'duration': '2 weeks'}, {'missing_skill': 'Active Listening', 'recommended_course': 'Active Listening Workshop', 'type': 'Soft Skill', 'duration': '1 week'}]"
194,Finance,1433,Business Analytics Tools,3 weeks,Software,"[{'missing_skill': 'ACL Analytics', 'recommended_course': 'Business Analytics Tools', 'type': 'Software', 'duration': '3 weeks'}]"
195,Support,400,ERP Implementation & Management,6 weeks,Software,"[{'missing_skill': 'ADP Enterprise HR', 'recommended_course': 'ERP Implementation & Management', 'type': 'Software', 'duration': '6 weeks'}, {'missing_skill': 'API Healthcare ActiveStaffer', 'recommended_course': 'RESTful API Design', 'type': 'Technical', 'duration': '2 weeks'}, {'missing_skill': 'Active Learning', 'recommended_course': 'Active Learning Techniques', 'type': 'Soft Skill', 'duration': '2 weeks'}, {'missing_skill': 'Active Listening', 'recommended_course': 'Active Listening Workshop', 'type': 'Soft Skill', 'duration': '1 week'}]"
196,HR,397,ERP Implementation & Management,6 weeks,Software,"[{'missing_skill': 'ADP Enterprise HR', 'recommended_course': 'ERP Implementation & Management', 'type': 'Software', 'duration': '6 weeks'}, {'missing_skill': 'AJAX', 'recommended_course': 'AJAX & Asynchronous Web Development', 'type': 'Technical', 'duration': '3 weeks'}, {'missing_skill': 'Active Listening', 'recommended_course': 'Active Listening Workshop', 'type': 'Soft Skill', 'duration': '1 week'}, {'missing_skill': 'Adobe Acrobat', 'recommended_course': 'Adobe Acrobat Professional', 'type': 'Software', 'duration': '2 weeks'}, {'missing_skill': 'Adobe ActionScript', 'recommended_course': 'Adobe ActionScript Programming', 'type': 'Software', 'duration': '4 weeks'}, {'missing_skill': 'Adobe After Effects', 'recommended_course': 'Adobe After Effects Motion Graphics', 'type': 'Software', 'duration': '4 weeks'}]"
197,HR,397,ERP Implementation & Management,6 weeks,Software,"[{'missing_skill': 'ADP Enterprise HR', 'recommended_course': 'ERP Implementation & Management', 'type': 'Software', 'duration': '6 weeks'}, {'missing_skill': 'AJAX', 'recommended_course': 'AJAX & Asynchronous Web Development', 'type': 'Technical', 'duration': '3 weeks'}, {'missing_skill': 'Active Listening', 'recommended_course': 'Active Listening Workshop', 'type': 'Soft Skill', 'duration': '1 week'}, {'missing_skill': 'Adobe Acrobat', 'recommended_course': 'Adobe Acrobat Professional', 'type': 'Software', 'duration': '2 weeks'}, {'missing_skill': 'Adobe ActionScript', 'recommended_course': 'Adobe ActionScript Programming', 'type': 'Software', 'duration': '4 weeks'}, {'missing_skill': 'Adobe After Effects', 'recommended_course': 'Adobe After Effects Motion Graphics', 'type': 'Software', 'duration': '4 weeks'}]"
198,Finance,1432,Business Analytics Tools,3 weeks,Software,"[{'missing_skill': 'ACL Analytics', 'recommended_course': 'Business Analytics Tools', 'type': 'Software', 'duration': '3 weeks'}]"
199,IT,2495,3D Graphics Fundamentals,6 weeks,Technical,"[{'missing_skill': '3D graphics software', 'recommended_course': '3D Graphics Fundamentals', 'type': 'Technical', 'duration': '6 weeks'}]"
200,IT,2492,3D Graphics Fundamentals,6 weeks,Technical,"[{'missing_skill': '3D graphics software', 'recommended_course': '3D Graphics Fundamentals', 'type': 'Technical', 'duration': '6 weeks'}]"
201,Finance,1433,Business Analytics Tools,3 weeks,Software,"[{'missing_skill': 'ACL Analytics', 'recommended_course': 'Business Analytics Tools', 'type': 'Software', 'duration': '3 weeks'}]"
202,Finance,1435,Business Analytics Tools,3 weeks,Software,"[{'missing_skill': 'ACL Analytics', 'recommended_course': 'Business Analytics Tools', 'type': 'Software', 'duration': '3 weeks'}]"
203,Marketing,175,Cybersecurity Fundamentals,4 weeks,Technical,"[{'missing_skill': '2AB iLock Security Services', 'recommended_course': 'Cybersecurity Fundamentals', 'type': 'Technical', 'duration': '4 weeks'}, {'missing_skill': '911 system information databases', 'recommended_course': 'Database Reporting & BI Tools', 'type': 'Technical', 'duration': '3 weeks'}, {'missing_skill': 'Access management software', 'recommended_course': 'Access Management Systems', 'type': 'Software', 'duration': '2 weeks'}, {'missing_skill': 'Active Learning', 'recommended_course': 'Active Learning Techniques', 'type': 'Soft Skill', 'duration': '2 weeks'}, {'missing_skill': 'Active Listening', 'recommended_course': 'Active Listening Workshop', 'type': 'Soft Skill', 'duration': '1 week'}, {'missing_skill': 'Adobe Acrobat', 'recommended_course': 'Adobe Acrobat Professional', 'type': 'Software', 'duration': '2 weeks'}, {'missing_skill': 'Adobe Acrobat Reader', 'recommended_course': 'Adobe Creative Suite Mastery', 'type': 'Software', 'duration': '6 weeks'}, {'missing_skill': 'Adobe ActionScript', 'recommended_course': 'Adobe ActionScript Programming', 'type': 'Software', 'duration': '4 weeks'}]"
204,HR,396,ERP Implementation & Management,6 weeks,Software,"[{'missing_skill': 'ADP Enterprise HR', 'recommended_course': 'ERP Implementation & Management', 'type': 'Software', 'duration': '6 weeks'}, {'missing_skill': 'AJAX', 'recommended_course': 'AJAX & Asynchronous Web Development', 'type': 'Technical', 'duration': '3 weeks'}, {'missing_skill': 'Active Listening', 'recommended_course': 'Active Listening Workshop', 'type': 'Soft Skill', 'duration': '1 week'}, {'missing_skill': 'Adobe Acrobat', 'recommended_course': 'Adobe Acrobat Professional', 'type': 'Software', 'duration': '2 weeks'}, {'missing_skill': 'Adobe ActionScript', 'recommended_course': 'Adobe ActionScript Programming', 'type': 'Software', 'duration': '4 weeks'}, {'missing_skill': 'Adobe After Effects', 'recommended_course': 'Adobe After Effects Motion Graphics', 'type': 'Software', 'duration': '4 weeks'}]"
205,Marketing,174,Cybersecurity Fundamentals,4 weeks,Technical,"[{'missing_skill': '2AB iLock Security Services', 'recommended_course': 'Cybersecurity Fundamentals', 'type': 'Technical', 'duration': '4 weeks'}, {'missing_skill': '911 system information databases', 'recommended_course': 'Database Reporting & BI Tools', 'type': 'Technical', 'duration': '3 weeks'}, {'missing_skill': 'Access management software', 'recommended_course': 'Access Management Systems', 'type': 'Software', 'duration': '2 weeks'}, {'missing_skill': 'Active Learning', 'recommended_course': 'Active Learning Techniques', 'type': 'Soft Skill', 'duration': '2 weeks'}, {'missing_skill': 'Active Listening', 'recommended_course': 'Active Listening Workshop', 'type': 'Soft Skill', 'duration': '1 week'}, {'missing_skill': 'Adobe Acrobat', 'recommended_course': 'Adobe Acrobat Professional', 'type': 'Software', 'duration': '2 weeks'}, {'missing_skill': 'Adobe Acrobat Reader', 'recommended_course': 'Adobe Creative Suite Mastery', 'type': 'Software', 'duration': '6 weeks'}, {'missing_skill': 'Adobe ActionScript', 'recommended_course': 'Adobe ActionScript Programming', 'type': 'Software', 'duration': '4 weeks'}]"
206,Sales,670,Accounting Software Proficiency,3 weeks,Software,"[{'missing_skill': 'ADP Drive DMS for Accounting', 'recommended_course': 'Accounting Software Proficiency', 'type': 'Software', 'duration': '3 weeks'}, {'missing_skill': 'AJAX', 'recommended_course': 'AJAX & Asynchronous Web Development', 'type': 'Technical', 'duration': '3 weeks'}, {'missing_skill': 'AMS Services AMS Sagitta', 'recommended_course': 'Git Version Control', 'type': 'Technical', 'duration': '1 week'}]"
207,Support,399,ERP Implementation & Management,6 weeks,Software,"[{'missing_skill': 'ADP Enterprise HR', 'recommended_course': 'ERP Implementation & Management', 'type': 'Software', 'duration': '6 weeks'}, {'missing_skill': 'API Healthcare ActiveStaffer', 'recommended_course': 'RESTful API Design', 'type': 'Technical', 'duration': '2 weeks'}, {'missing_skill': 'Active Learning', 'recommended_course': 'Active Learning Techniques', 'type': 'Soft Skill', 'duration': '2 weeks'}, {'missing_skill': 'Active Listening', 'recommended_course': 'Active Listening Workshop', 'type': 'Soft Skill', 'duration': '1 week'}]"
208,Support,400,ERP Implementation & Management,6 weeks,Software,"[{'missing_skill': 'ADP Enterprise HR', 'recommended_course': 'ERP Implementation & Management', 'type': 'Software', 'duration': '6 weeks'}, {'missing_skill': 'API Healthcare ActiveStaffer', 'recommended_course': 'RESTful API Design', 'type': 'Technical', 'duration': '2 weeks'}, {'missing_skill': 'Active Learning', 'recommended_course': 'Active Learning Techniques', 'type': 'Soft Skill', 'duration': '2 weeks'}, {'missing_skill': 'Active Listening', 'recommended_course': 'Active Listening Workshop', 'type': 'Soft Skill', 'duration': '1 week'}]"
209,Sales,669,Accounting Software Proficiency,3 weeks,Software,"[{'missing_skill': 'ADP Drive DMS for Accounting', 'recommended_course': 'Accounting Software Proficiency', 'type': 'Software', 'duration': '3 weeks'}, {'missing_skill': 'AJAX', 'recommended_course': 'AJAX & Asynchronous Web Development', 'type': 'Technical', 'duration': '3 weeks'}, {'missing_skill': 'AMS Services AMS Sagitta', 'recommended_course': 'Git Version Control', 'type': 'Technical', 'duration': '1 week'}]"
210,Sales,670,Accounting Software Proficiency,3 weeks,Software,"[{'missing_skill': 'ADP Drive DMS for Accounting', 'recommended_course': 'Accounting Software Proficiency', 'type': 'Software', 'duration': '3 weeks'}, {'missing_skill': 'AJAX', 'recommended_course': 'AJAX & Asynchronous Web Development', 'type': 'Technical', 'duration': '3 weeks'}, {'missing_skill': 'AMS Services AMS Sagitta', 'recommended_course': 'Git Version Control', 'type': 'Technical', 'duration': '1 week'}]"
211,Finance,1434,Business Analytics Tools,3 weeks,Software,"[{'missing_skill': 'ACL Analytics', 'recommended_course': 'Business Analytics Tools', 'type': 'Software', 'duration': '3 weeks'}]"
212,Sales,670,Accounting Software Proficiency,3 weeks,Software,"[{'missing_skill': 'ADP Drive DMS for Accounting', 'recommended_course': 'Accounting Software Proficiency', 'type': 'Software', 'duration': '3 weeks'}, {'missing_skill': 'AJAX', 'recommended_course': 'AJAX & Asynchronous Web Development', 'type': 'Technical', 'duration': '3 weeks'}, {'missing_skill': 'AMS Services AMS Sagitta', 'recommended_course': 'Git Version Control', 'type': 'Technical', 'duration': '1 week'}]"
213,Sales,670,Accounting Software Proficiency,3 weeks,Software,"[{'missing_skill': 'ADP Drive DMS for Accounting', 'recommended_course': 'Accounting Software Proficiency', 'type': 'Software', 'duration': '3 weeks'}, {'missing_skill': 'AJAX', 'recommended_course': 'AJAX & Asynchronous Web Development', 'type': 'Technical', 'duration': '3 weeks'}, {'missing_skill': 'AMS Services AMS Sagitta', 'recommended_course': 'Git Version Control', 'type': 'Technical', 'duration': '1 week'}]"
214,Sales,670,Accounting Software Proficiency,3 weeks,Software,"[{'missing_skill': 'ADP Drive DMS for Accounting', 'recommended_course': 'Accounting Software Proficiency', 'type': 'Software', 'duration': '3 weeks'}, {'missing_skill': 'AJAX', 'recommended_course': 'AJAX & Asynchronous Web Development', 'type': 'Technical', 'duration': '3 weeks'}, {'missing_skill': 'AMS Services AMS Sagitta', 'recommended_course': 'Git Version Control', 'type': 'Technical', 'duration': '1 week'}]"
215,HR,398,ERP Implementation & Management,6 weeks,Software,"[{'missing_skill': 'ADP Enterprise HR', 'recommended_course': 'ERP Implementation & Management', 'type': 'Software', 'duration': '6 weeks'}, {'missing_skill': 'AJAX', 'recommended_course': 'AJAX & Asynchronous Web Development', 'type': 'Technical', 'duration': '3 weeks'}, {'missing_skill': 'Active Listening', 'recommended_course': 'Active Listening Workshop', 'type': 'Soft Skill', 'duration': '1 week'}, {'missing_skill': 'Adobe Acrobat', 'recommended_course': 'Adobe Acrobat Professional', 'type': 'Software', 'duration': '2 weeks'}, {'missing_skill': 'Adobe ActionScript', 'recommended_course': 'Adobe ActionScript Programming', 'type': 'Software', 'duration': '4 weeks'}, {'missing_skill': 'Adobe After Effects', 'recommended_course': 'Adobe After Effects Motion Graphics', 'type': 'Software', 'duration': '4 weeks'}]"
216,Marketing,175,Cybersecurity Fundamentals,4 weeks,Technical,"[{'missing_skill': '2AB iLock Security Services', 'recommended_course': 'Cybersecurity Fundamentals', 'type': 'Technical', 'duration': '4 weeks'}, {'missing_skill': '911 system information databases', 'recommended_course': 'Database Reporting & BI Tools', 'type': 'Technical', 'duration': '3 weeks'}, {'missing_skill': 'Access management software', 'recommended_course': 'Access Management Systems', 'type': 'Software', 'duration': '2 weeks'}, {'missing_skill': 'Active Learning', 'recommended_course': 'Active Learning Techniques', 'type': 'Soft Skill', 'duration': '2 weeks'}, {'missing_skill': 'Active Listening', 'recommended_course': 'Active Listening Workshop', 'type': 'Soft Skill', 'duration': '1 week'}, {'missing_skill': 'Adobe Acrobat', 'recommended_course': 'Adobe Acrobat Professional', 'type': 'Software', 'duration': '2 weeks'}, {'missing_skill': 'Adobe Acrobat Reader', 'recommended_course': 'Adobe Creative Suite Mastery', 'type': 'Software', 'duration': '6 weeks'}, {'missing_skill': 'Adobe ActionScript', 'recommended_course': 'Adobe ActionScript Programming', 'type': 'Software', 'duration': '4 weeks'}]"
217,IT,2495,3D Graphics Fundamentals,6 weeks,Technical,"[{'missing_skill': '3D graphics software', 'recommended_course': '3D Graphics Fundamentals', 'type': 'Technical', 'duration': '6 weeks'}]"
218,IT,2493,3D Graphics Fundamentals,6 weeks,Technical,"[{'missing_skill': '3D graphics software', 'recommended_course': '3D Graphics Fundamentals', 'type': 'Technical', 'duration': '6 weeks'}]"
219,Finance,1434,Business Analytics Tools,3 weeks,Software,"[{'missing_skill': 'ACL Analytics', 'recommended_course': 'Business Analytics Tools', 'type': 'Software', 'duration': '3 weeks'}]"
220,Support,399,ERP Implementation & Management,6 weeks,Software,"[{'missing_skill': 'ADP Enterprise HR', 'recommended_course': 'ERP Implementation & Management', 'type': 'Software', 'duration': '6 weeks'}, {'missing_skill': 'API Healthcare ActiveStaffer', 'recommended_course': 'RESTful API Design', 'type': 'Technical', 'duration': '2 weeks'}, {'missing_skill': 'Active Learning', 'recommended_course': 'Active Learning Techniques', 'type': 'Soft Skill', 'duration': '2 weeks'}, {'missing_skill': 'Active Listening', 'recommended_course': 'Active Listening Workshop', 'type': 'Soft Skill', 'duration': '1 week'}]"
221,Sales,669,Accounting Software Proficiency,3 weeks,Software,"[{'missing_skill': 'ADP Drive DMS for Accounting', 'recommended_course': 'Accounting Software Proficiency', 'type': 'Software', 'duration': '3 weeks'}, {'missing_skill': 'AJAX', 'recommended_course': 'AJAX & Asynchronous Web Development', 'type': 'Technical', 'duration': '3 weeks'}, {'missing_skill': 'AMS Services AMS Sagitta', 'recommended_course': 'Git Version Control', 'type': 'Technical', 'duration': '1 week'}]"
222,Marketing,174,Cybersecurity Fundamentals,4 weeks,Technical,"[{'missing_skill': '2AB iLock Security Services', 'recommended_course': 'Cybersecurity Fundamentals', 'type': 'Technical', 'duration': '4 weeks'}, {'missing_skill': '911 system information databases', 'recommended_course': 'Database Reporting & BI Tools', 'type': 'Technical', 'duration': '3 weeks'}, {'missing_skill': 'Access management software', 'recommended_course': 'Access Management Systems', 'type': 'Software', 'duration': '2 weeks'}, {'missing_skill': 'Active Learning', 'recommended_course': 'Active Learning Techniques', 'type': 'Soft Skill', 'duration': '2 weeks'}, {'missing_skill': 'Active Listening', 'recommended_course': 'Active Listening Workshop', 'type': 'Soft Skill', 'duration': '1 week'}, {'missing_skill': 'Adobe Acrobat', 'recommended_course': 'Adobe Acrobat Professional', 'type': 'Software', 'duration': '2 weeks'}, {'missing_skill': 'Adobe Acrobat Reader', 'recommended_course': 'Adobe Creative Suite Mastery', 'type': 'Software', 'duration': '6 weeks'}, {'missing_skill': 'Adobe ActionScript', 'recommended_course': 'Adobe ActionScript Programming', 'type': 'Software', 'duration': '4 weeks'}]"
223,HR,396,ERP Implementation & Management,6 weeks,Software,"[{'missing_skill': 'ADP Enterprise HR', 'recommended_course': 'ERP Implementation & Management', 'type': 'Software', 'duration': '6 weeks'}, {'missing_skill': 'AJAX', 'recommended_course': 'AJAX & Asynchronous Web Development', 'type': 'Technical', 'duration': '3 weeks'}, {'missing_skill': 'Active Listening', 'recommended_course': 'Active Listening Workshop', 'type': 'Soft Skill', 'duration': '1 week'}, {'missing_skill': 'Adobe Acrobat', 'recommended_course': 'Adobe Acrobat Professional', 'type': 'Software', 'duration': '2 weeks'}, {'missing_skill': 'Adobe ActionScript', 'recommended_course': 'Adobe ActionScript Programming', 'type': 'Software', 'duration': '4 weeks'}, {'missing_skill': 'Adobe After Effects', 'recommended_course': 'Adobe After Effects Motion Graphics', 'type': 'Software', 'duration': '4 weeks'}]"
224,Sales,671,Accounting Software Proficiency,3 weeks,Software,"[{'missing_skill': 'ADP Drive DMS for Accounting', 'recommended_course': 'Accounting Software Proficiency', 'type': 'Software', 'duration': '3 weeks'}, {'missing_skill': 'AJAX', 'recommended_course': 'AJAX & Asynchronous Web Development', 'type': 'Technical', 'duration': '3 weeks'}, {'missing_skill': 'AMS Services AMS Sagitta', 'recommended_course': 'Git Version Control', 'type': 'Technical', 'duration': '1 week'}]"
225,Sales,669,Accounting Software Proficiency,3 weeks,Software,"[{'missing_skill': 'ADP Drive DMS for Accounting', 'recommended_course': 'Accounting Software Proficiency', 'type': 'Software', 'duration': '3 weeks'}, {'missing_skill': 'AJAX', 'recommended_course': 'AJAX & Asynchronous Web Development', 'type': 'Technical', 'duration': '3 weeks'}, {'missing_skill': 'AMS Services AMS Sagitta', 'recommended_course': 'Git Version Control', 'type': 'Technical', 'duration': '1 week'}]"
226,Finance,1433,Business Analytics Tools,3 weeks,Software,"[{'missing_skill': 'ACL Analytics', 'recommended_course': 'Business Analytics Tools', 'type': 'Software', 'duration': '3 weeks'}]"
227,Support,400,ERP Implementation & Management,6 weeks,Software,"[{'missing_skill': 'ADP Enterprise HR', 'recommended_course': 'ERP Implementation & Management', 'type': 'Software', 'duration': '6 weeks'}, {'missing_skill': 'API Healthcare ActiveStaffer', 'recommended_course': 'RESTful API Design', 'type': 'Technical', 'duration': '2 weeks'}, {'missing_skill': 'Active Learning', 'recommended_course': 'Active Learning Techniques', 'type': 'Soft Skill', 'duration': '2 weeks'}, {'missing_skill': 'Active Listening', 'recommended_course': 'Active Listening Workshop', 'type': 'Soft Skill', 'duration': '1 week'}]"
228,Support,399,ERP Implementation & Management,6 weeks,Software,"[{'missing_skill': 'ADP Enterprise HR', 'recommended_course': 'ERP Implementation & Management', 'type': 'Software', 'duration': '6 weeks'}, {'missing_skill': 'API Healthcare ActiveStaffer', 'recommended_course': 'RESTful API Design', 'type': 'Technical', 'duration': '2 weeks'}, {'missing_skill': 'Active Learning', 'recommended_course': 'Active Learning Techniques', 'type': 'Soft Skill', 'duration': '2 weeks'}, {'missing_skill': 'Active Listening', 'recommended_course': 'Active Listening Workshop', 'type': 'Soft Skill', 'duration': '1 week'}]"
229,HR,396,ERP Implementation & Management,6 weeks,Software,"[{'missing_skill': 'ADP Enterprise HR', 'recommended_course': 'ERP Implementation & Management', 'type': 'Software', 'duration': '6 weeks'}, {'missing_skill': 'AJAX', 'recommended_course': 'AJAX & Asynchronous Web Development', 'type': 'Technical', 'duration': '3 weeks'}, {'missing_skill': 'Active Listening', 'recommended_course': 'Active Listening Workshop', 'type': 'Soft Skill', 'duration': '1 week'}, {'missing_skill': 'Adobe Acrobat', 'recommended_course': 'Adobe Acrobat Professional', 'type': 'Software', 'duration': '2 weeks'}, {'missing_skill': 'Adobe ActionScript', 'recommended_course': 'Adobe ActionScript Programming', 'type': 'Software', 'duration': '4 weeks'}, {'missing_skill': 'Adobe After Effects', 'recommended_course': 'Adobe After Effects Motion Graphics', 'type': 'Software', 'duration': '4 weeks'}]"
230,Finance,1433,Business Analytics Tools,3 weeks,Software,"[{'missing_skill': 'ACL Analytics', 'recommended_course': 'Business Analytics Tools', 'type': 'Software', 'duration': '3 weeks'}]"
231,Finance,1432,Business Analytics Tools,3 weeks,Software,"[{'missing_skill': 'ACL Analytics', 'recommended_course': 'Business Analytics Tools', 'type': 'Software', 'duration': '3 weeks'}]"
232,HR,397,ERP Implementation & Management,6 weeks,Software,"[{'missing_skill': 'ADP Enterprise HR', 'recommended_course': 'ERP Implementation & Management', 'type': 'Software', 'duration': '6 weeks'}, {'missing_skill': 'AJAX', 'recommended_course': 'AJAX & Asynchronous Web Development', 'type': 'Technical', 'duration': '3 weeks'}, {'missing_skill': 'Active Listening', 'recommended_course': 'Active Listening Workshop', 'type': 'Soft Skill', 'duration': '1 week'}, {'missing_skill': 'Adobe Acrobat', 'recommended_course': 'Adobe Acrobat Professional', 'type': 'Software', 'duration': '2 weeks'}, {'missing_skill': 'Adobe ActionScript', 'recommended_course': 'Adobe ActionScript Programming', 'type': 'Software', 'duration': '4 weeks'}, {'missing_skill': 'Adobe After Effects', 'recommended_course': 'Adobe After Effects Motion Graphics', 'type': 'Software', 'duration': '4 weeks'}]"
233,IT,2492,3D Graphics Fundamentals,6 weeks,Technical,"[{'missing_skill': '3D graphics software', 'recommended_course': '3D Graphics Fundamentals', 'type': 'Technical', 'duration': '6 weeks'}]"
234,Finance,1433,Business Analytics Tools,3 weeks,Software,"[{'missing_skill': 'ACL Analytics', 'recommended_course': 'Business Analytics Tools', 'type': 'Software', 'duration': '3 weeks'}]"
235,HR,398,ERP Implementation & Management,6 weeks,Software,"[{'missing_skill': 'ADP Enterprise HR', 'recommended_course': 'ERP Implementation & Management', 'type': 'Software', 'duration': '6 weeks'}, {'missing_skill': 'AJAX', 'recommended_course': 'AJAX & Asynchronous Web Development', 'type': 'Technical', 'duration': '3 weeks'}, {'missing_skill': 'Active Listening', 'recommended_course': 'Active Listening Workshop', 'type': 'Soft Skill', 'duration': '1 week'}, {'missing_skill': 'Adobe Acrobat', 'recommended_course': 'Adobe Acrobat Professional', 'type': 'Software', 'duration': '2 weeks'}, {'missing_skill': 'Adobe ActionScript', 'recommended_course': 'Adobe ActionScript Programming', 'type': 'Software', 'duration': '4 weeks'}, {'missing_skill': 'Adobe After Effects', 'recommended_course': 'Adobe After Effects Motion Graphics', 'type': 'Software', 'duration': '4 weeks'}]"
236,Finance,1434,Business Analytics Tools,3 weeks,Software,"[{'missing_skill': 'ACL Analytics', 'recommended_course': 'Business Analytics Tools', 'type': 'Software', 'duration': '3 weeks'}]"
237,Sales,670,Accounting Software Proficiency,3 weeks,Software,"[{'missing_skill': 'ADP Drive DMS for Accounting', 'recommended_course': 'Accounting Software Proficiency', 'type': 'Software', 'duration': '3 weeks'}, {'missing_skill': 'AJAX', 'recommended_course': 'AJAX & Asynchronous Web Development', 'type': 'Technical', 'duration': '3 weeks'}, {'missing_skill': 'AMS Services AMS Sagitta', 'recommended_course': 'Git Version Control', 'type': 'Technical', 'duration': '1 week'}]"
238,Support,399,ERP Implementation & Management,6 weeks,Software,"[{'missing_skill': 'ADP Enterprise HR', 'recommended_course': 'ERP Implementation & Management', 'type': 'Software', 'duration': '6 weeks'}, {'missing_skill': 'API Healthcare ActiveStaffer', 'recommended_course': 'RESTful API Design', 'type': 'Technical', 'duration': '2 weeks'}, {'missing_skill': 'Active Learning', 'recommended_course': 'Active Learning Techniques', 'type': 'Soft Skill', 'duration': '2 weeks'}, {'missing_skill': 'Active Listening', 'recommended_course': 'Active Listening Workshop', 'type': 'Soft Skill', 'duration': '1 week'}]"
239,Finance,1434,Business Analytics Tools,3 weeks,Software,"[{'missing_skill': 'ACL Analytics', 'recommended_course': 'Business Analytics Tools', 'type': 'Software', 'duration': '3 weeks'}]"
240,IT,2491,3D Graphics Fundamentals,6 weeks,Technical,"[{'missing_skill': '3D graphics software', 'recommended_course': '3D Graphics Fundamentals', 'type': 'Technical', 'duration': '6 weeks'}]"
241,Support,400,ERP Implementation & Management,6 weeks,Software,"[{'missing_skill': 'ADP Enterprise HR', 'recommended_course': 'ERP Implementation & Management', 'type': 'Software', 'duration': '6 weeks'}, {'missing_skill': 'API Healthcare ActiveStaffer', 'recommended_course': 'RESTful API Design', 'type': 'Technical', 'duration': '2 weeks'}, {'missing_skill': 'Active Learning', 'recommended_course': 'Active Learning Techniques', 'type': 'Soft Skill', 'duration': '2 weeks'}, {'missing_skill': 'Active Listening', 'recommended_course': 'Active Listening Workshop', 'type': 'Soft Skill', 'duration': '1 week'}]"
242,Marketing,176,Cybersecurity Fundamentals,4 weeks,Technical,"[{'missing_skill': '2AB iLock Security Services', 'recommended_course': 'Cybersecurity Fundamentals', 'type': 'Technical', 'duration': '4 weeks'}, {'missing_skill': '911 system information databases', 'recommended_course': 'Database Reporting & BI Tools', 'type': 'Technical', 'duration': '3 weeks'}, {'missing_skill': 'Access management software', 'recommended_course': 'Access Management Systems', 'type': 'Software', 'duration': '2 weeks'}, {'missing_skill': 'Active Learning', 'recommended_course': 'Active Learning Techniques', 'type': 'Soft Skill', 'duration': '2 weeks'}, {'missing_skill': 'Active Listening', 'recommended_course': 'Active Listening Workshop', 'type': 'Soft Skill', 'duration': '1 week'}, {'missing_skill': 'Adobe Acrobat', 'recommended_course': 'Adobe Acrobat Professional', 'type': 'Software', 'duration': '2 weeks'}, {'missing_skill': 'Adobe Acrobat Reader', 'recommended_course': 'Adobe Creative Suite Mastery', 'type': 'Software', 'duration': '6 weeks'}, {'missing_skill': 'Adobe ActionScript', 'recommended_course': 'Adobe ActionScript Programming', 'type': 'Software', 'duration': '4 weeks'}]"
243,Support,401,ERP Implementation & Management,6 weeks,Software,"[{'missing_skill': 'ADP Enterprise HR', 'recommended_course': 'ERP Implementation & Management', 'type': 'Software', 'duration': '6 weeks'}, {'missing_skill': 'API Healthcare ActiveStaffer', 'recommended_course': 'RESTful API Design', 'type': 'Technical', 'duration': '2 weeks'}, {'missing_skill': 'Active Learning', 'recommended_course': 'Active Learning Techniques', 'type': 'Soft Skill', 'duration': '2 weeks'}, {'missing_skill': 'Active Listening', 'recommended_course': 'Active Listening Workshop', 'type': 'Soft Skill', 'duration': '1 week'}]"
244,Support,401,ERP Implementation & Management,6 weeks,Software,"[{'missing_skill': 'ADP Enterprise HR', 'recommended_course': 'ERP Implementation & Management', 'type': 'Software', 'duration': '6 weeks'}, {'missing_skill': 'API Healthcare ActiveStaffer', 'recommended_course': 'RESTful API Design', 'type': 'Technical', 'duration': '2 weeks'}, {'missing_skill': 'Active Learning', 'recommended_course': 'Active Learning Techniques', 'type': 'Soft Skill', 'duration': '2 weeks'}, {'missing_skill': 'Active Listening', 'recommended_course': 'Active Listening Workshop', 'type': 'Soft Skill', 'duration': '1 week'}]"
245,Sales,669,Accounting Software Proficiency,3 weeks,Software,"[{'missing_skill': 'ADP Drive DMS for Accounting', 'recommended_course': 'Accounting Software Proficiency', 'type': 'Software', 'duration': '3 weeks'}, {'missing_skill': 'AJAX', 'recommended_course': 'AJAX & Asynchronous Web Development', 'type': 'Technical', 'duration': '3 weeks'}, {'missing_skill': 'AMS Services AMS Sagitta', 'recommended_course': 'Git Version Control', 'type': 'Technical', 'duration': '1 week'}]"
246,Finance,1433,Business Analytics Tools,3 weeks,Software,"[{'missing_skill': 'ACL Analytics', 'recommended_course': 'Business Analytics Tools', 'type': 'Software', 'duration': '3 weeks'}]"
247,IT,2493,3D Graphics Fundamentals,6 weeks,Technical,"[{'missing_skill': '3D graphics software', 'recommended_course': '3D Graphics Fundamentals', 'type': 'Technical', 'duration': '6 weeks'}]"
248,IT,2493,3D Graphics Fundamentals,6 weeks,Technical,"[{'missing_skill': '3D graphics software', 'recommended_course': '3D Graphics Fundamentals', 'type': 'Technical', 'duration': '6 weeks'}]"
249,HR,397,ERP Implementation & Management,6 weeks,Software,"[{'missing_skill': 'ADP Enterprise HR', 'recommended_course': 'ERP Implementation & Management', 'type': 'Software', 'duration': '6 weeks'}, {'missing_skill': 'AJAX', 'recommended_course': 'AJAX & Asynchronous Web Development', 'type': 'Technical', 'duration': '3 weeks'}, {'missing_skill': 'Active Listening', 'recommended_course': 'Active Listening Workshop', 'type': 'Soft Skill', 'duration': '1 week'}, {'missing_skill': 'Adobe Acrobat', 'recommended_course': 'Adobe Acrobat Professional', 'type': 'Software', 'duration': '2 weeks'}, {'missing_skill': 'Adobe ActionScript', 'recommended_course': 'Adobe ActionScript Programming', 'type': 'Software', 'duration': '4 weeks'}, {'missing_skill': 'Adobe After Effects', 'recommended_course': 'Adobe After Effects Motion Graphics', 'type': 'Software', 'duration': '4 weeks'}]"
250,IT,2493,3D Graphics Fundamentals,6 weeks,Technical,"[{'missing_skill': '3D graphics software', 'recommended_course': '3D Graphics Fundamentals', 'type': 'Technical', 'duration': '6 weeks'}]"
251,Finance,1432,Business Analytics Tools,3 weeks,Software,"[{'missing_skill': 'ACL Analytics', 'recommended_course': 'Business Analytics Tools', 'type': 'Software', 'duration': '3 weeks'}]"
252,Support,400,ERP Implementation & Management,6 weeks,Software,"[{'missing_skill': 'ADP Enterprise HR', 'recommended_course': 'ERP Implementation & Management', 'type': 'Software', 'duration': '6 weeks'}, {'missing_skill': 'API Healthcare ActiveStaffer', 'recommended_course': 'RESTful API Design', 'type': 'Technical', 'duration': '2 weeks'}, {'missing_skill': 'Active Learning', 'recommended_course': 'Active Learning Techniques', 'type': 'Soft Skill', 'duration': '2 weeks'}, {'missing_skill': 'Active Listening', 'recommended_course': 'Active Listening Workshop', 'type': 'Soft Skill', 'duration': '1 week'}]"
253,Marketing,175,Cybersecurity Fundamentals,4 weeks,Technical,"[{'missing_skill': '2AB iLock Security Services', 'recommended_course': 'Cybersecurity Fundamentals', 'type': 'Technical', 'duration': '4 weeks'}, {'missing_skill': '911 system information databases', 'recommended_course': 'Database Reporting & BI Tools', 'type': 'Technical', 'duration': '3 weeks'}, {'missing_skill': 'Access management software', 'recommended_course': 'Access Management Systems', 'type': 'Software', 'duration': '2 weeks'}, {'missing_skill': 'Active Learning', 'recommended_course': 'Active Learning Techniques', 'type': 'Soft Skill', 'duration': '2 weeks'}, {'missing_skill': 'Active Listening', 'recommended_course': 'Active Listening Workshop', 'type': 'Soft Skill', 'duration': '1 week'}, {'missing_skill': 'Adobe Acrobat', 'recommended_course': 'Adobe Acrobat Professional', 'type': 'Software', 'duration': '2 weeks'}, {'missing_skill': 'Adobe Acrobat Reader', 'recommended_course': 'Adobe Creative Suite Mastery', 'type': 'Software', 'duration': '6 weeks'}, {'missing_skill': 'Adobe ActionScript', 'recommended_course': 'Adobe ActionScript Programming', 'type': 'Software', 'duration': '4 weeks'}]"
254,IT,2495,3D Graphics Fundamentals,6 weeks,Technical,"[{'missing_skill': '3D graphics software', 'recommended_course': '3D Graphics Fundamentals', 'type': 'Technical', 'duration': '6 weeks'}]"
255,Sales,670,Accounting Software Proficiency,3 weeks,Software,"[{'missing_skill': 'ADP Drive DMS for Accounting', 'recommended_course': 'Accounting Software Proficiency', 'type': 'Software', 'duration': '3 weeks'}, {'missing_skill': 'AJAX', 'recommended_course': 'AJAX & Asynchronous Web Development', 'type': 'Technical', 'duration': '3 weeks'}, {'missing_skill': 'AMS Services AMS Sagitta', 'recommended_course': 'Git Version Control', 'type': 'Technical', 'duration': '1 week'}]"
256,HR,398,ERP Implementation & Management,6 weeks,Software,"[{'missing_skill': 'ADP Enterprise HR', 'recommended_course': 'ERP Implementation & Management', 'type': 'Software', 'duration': '6 weeks'}, {'missing_skill': 'AJAX', 'recommended_course': 'AJAX & Asynchronous Web Development', 'type': 'Technical', 'duration': '3 weeks'}, {'missing_skill': 'Active Listening', 'recommended_course': 'Active Listening Workshop', 'type': 'Soft Skill', 'duration': '1 week'}, {'missing_skill': 'Adobe Acrobat', 'recommended_course': 'Adobe Acrobat Professional', 'type': 'Software', 'duration': '2 weeks'}, {'missing_skill': 'Adobe ActionScript', 'recommended_course': 'Adobe ActionScript Programming', 'type': 'Software', 'duration': '4 weeks'}, {'missing_skill': 'Adobe After Effects', 'recommended_course': 'Adobe After Effects Motion Graphics', 'type': 'Software', 'duration': '4 weeks'}]"
257,Finance,1433,Business Analytics Tools,3 weeks,Software,"[{'missing_skill': 'ACL Analytics', 'recommended_course': 'Business Analytics Tools', 'type': 'Software', 'duration': '3 weeks'}]"
258,HR,396,ERP Implementation & Management,6 weeks,Software,"[{'missing_skill': 'ADP Enterprise HR', 'recommended_course': 'ERP Implementation & Management', 'type': 'Software', 'duration': '6 weeks'}, {'missing_skill': 'AJAX', 'recommended_course': 'AJAX & Asynchronous Web Development', 'type': 'Technical', 'duration': '3 weeks'}, {'missing_skill': 'Active Listening', 'recommended_course': 'Active Listening Workshop', 'type': 'Soft Skill', 'duration': '1 week'}, {'missing_skill': 'Adobe Acrobat', 'recommended_course': 'Adobe Acrobat Professional', 'type': 'Software', 'duration': '2 weeks'}, {'missing_skill': 'Adobe ActionScript', 'recommended_course': 'Adobe ActionScript Programming', 'type': 'Software', 'duration': '4 weeks'}, {'missing_skill': 'Adobe After Effects', 'recommended_course': 'Adobe After Effects Motion Graphics', 'type': 'Software', 'duration': '4 weeks'}]"
259,Finance,1433,Business Analytics Tools,3 weeks,Software,"[{'missing_skill': 'ACL Analytics', 'recommended_course': 'Business Analytics Tools', 'type': 'Software', 'duration': '3 weeks'}]"
260,HR,397,ERP Implementation & Management,6 weeks,Software,"[{'missing_skill': 'ADP Enterprise HR', 'recommended_course': 'ERP Implementation & Management', 'type': 'Software', 'duration': '6 weeks'}, {'missing_skill': 'AJAX', 'recommended_course': 'AJAX & Asynchronous Web Development', 'type': 'Technical', 'duration': '3 weeks'}, {'missing_skill': 'Active Listening', 'recommended_course': 'Active Listening Workshop', 'type': 'Soft Skill', 'duration': '1 week'}, {'missing_skill': 'Adobe Acrobat', 'recommended_course': 'Adobe Acrobat Professional', 'type': 'Software', 'duration': '2 weeks'}, {'missing_skill': 'Adobe ActionScript', 'recommended_course': 'Adobe ActionScript Programming', 'type': 'Software', 'duration': '4 weeks'}, {'missing_skill': 'Adobe After Effects', 'recommended_course': 'Adobe After Effects Motion Graphics', 'type': 'Software', 'duration': '4 weeks'}]"
261,Marketing,176,Cybersecurity Fundamentals,4 weeks,Technical,"[{'missing_skill': '2AB iLock Security Services', 'recommended_course': 'Cybersecurity Fundamentals', 'type': 'Technical', 'duration': '4 weeks'}, {'missing_skill': '911 system information databases', 'recommended_course': 'Database Reporting & BI Tools', 'type': 'Technical', 'duration': '3 weeks'}, {'missing_skill': 'Access management software', 'recommended_course': 'Access Management Systems', 'type': 'Software', 'duration': '2 weeks'}, {'missing_skill': 'Active Learning', 'recommended_course': 'Active Learning Techniques', 'type': 'Soft Skill', 'duration': '2 weeks'}, {'missing_skill': 'Active Listening', 'recommended_course': 'Active Listening Workshop', 'type': 'Soft Skill', 'duration': '1 week'}, {'missing_skill': 'Adobe Acrobat', 'recommended_course': 'Adobe Acrobat Professional', 'type': 'Software', 'duration': '2 weeks'}, {'missing_skill': 'Adobe Acrobat Reader', 'recommended_course': 'Adobe Creative Suite Mastery', 'type': 'Software', 'duration': '6 weeks'}, {'missing_skill': 'Adobe ActionScript', 'recommended_course': 'Adobe ActionScript Programming', 'type': 'Software', 'duration': '4 weeks'}]"
262,IT,2494,3D Graphics Fundamentals,6 weeks,Technical,"[{'missing_skill': '3D graphics software', 'recommended_course': '3D Graphics Fundamentals', 'type': 'Technical', 'duration': '6 weeks'}]"
263,IT,2492,3D Graphics Fundamentals,6 weeks,Technical,"[{'missing_skill': '3D graphics software', 'recommended_course': '3D Graphics Fundamentals', 'type': 'Technical', 'duration': '6 weeks'}]"
264,Finance,1434,Business Analytics Tools,3 weeks,Software,"[{'missing_skill': 'ACL Analytics', 'recommended_course': 'Business Analytics Tools', 'type': 'Software', 'duration': '3 weeks'}]"
265,HR,398,ERP Implementation & Management,6 weeks,Software,"[{'missing_skill': 'ADP Enterprise HR', 'recommended_course': 'ERP Implementation & Management', 'type': 'Software', 'duration': '6 weeks'}, {'missing_skill': 'AJAX', 'recommended_course': 'AJAX & Asynchronous Web Development', 'type': 'Technical', 'duration': '3 weeks'}, {'missing_skill': 'Active Listening', 'recommended_course': 'Active Listening Workshop', 'type': 'Soft Skill', 'duration': '1 week'}, {'missing_skill': 'Adobe Acrobat', 'recommended_course': 'Adobe Acrobat Professional', 'type': 'Software', 'duration': '2 weeks'}, {'missing_skill': 'Adobe ActionScript', 'recommended_course': 'Adobe ActionScript Programming', 'type': 'Software', 'duration': '4 weeks'}, {'missing_skill': 'Adobe After Effects', 'recommended_course': 'Adobe After Effects Motion Graphics', 'type': 'Software', 'duration': '4 weeks'}]"
266,Marketing,176,Cybersecurity Fundamentals,4 weeks,Technical,"[{'missing_skill': '2AB iLock Security Services', 'recommended_course': 'Cybersecurity Fundamentals', 'type': 'Technical', 'duration': '4 weeks'}, {'missing_skill': '911 system information databases', 'recommended_course': 'Database Reporting & BI Tools', 'type': 'Technical', 'duration': '3 weeks'}, {'missing_skill': 'Access management software', 'recommended_course': 'Access Management Systems', 'type': 'Software', 'duration': '2 weeks'}, {'missing_skill': 'Active Learning', 'recommended_course': 'Active Learning Techniques', 'type': 'Soft Skill', 'duration': '2 weeks'}, {'missing_skill': 'Active Listening', 'recommended_course': 'Active Listening Workshop', 'type': 'Soft Skill', 'duration': '1 week'}, {'missing_skill': 'Adobe Acrobat', 'recommended_course': 'Adobe Acrobat Professional', 'type': 'Software', 'duration': '2 weeks'}, {'missing_skill': 'Adobe Acrobat Reader', 'recommended_course': 'Adobe Creative Suite Mastery', 'type': 'Software', 'duration': '6 weeks'}, {'missing_skill': 'Adobe ActionScript', 'recommended_course': 'Adobe ActionScript Programming', 'type': 'Software', 'duration': '4 weeks'}]"
267,Support,399,ERP Implementation & Management,6 weeks,Software,"[{'missing_skill': 'ADP Enterprise HR', 'recommended_course': 'ERP Implementation & Management', 'type': 'Software', 'duration': '6 weeks'}, {'missing_skill': 'API Healthcare ActiveStaffer', 'recommended_course': 'RESTful API Design', 'type': 'Technical', 'duration': '2 weeks'}, {'missing_skill': 'Active Learning', 'recommended_course': 'Active Learning Techniques', 'type': 'Soft Skill', 'duration': '2 weeks'}, {'missing_skill': 'Active Listening', 'recommended_course': 'Active Listening Workshop', 'type': 'Soft Skill', 'duration': '1 week'}]"
268,Marketing,175,Cybersecurity Fundamentals,4 weeks,Technical,"[{'missing_skill': '2AB iLock Security Services', 'recommended_course': 'Cybersecurity Fundamentals', 'type': 'Technical', 'duration': '4 weeks'}, {'missing_skill': '911 system information databases', 'recommended_course': 'Database Reporting & BI Tools', 'type': 'Technical', 'duration': '3 weeks'}, {'missing_skill': 'Access management software', 'recommended_course': 'Access Management Systems', 'type': 'Software', 'duration': '2 weeks'}, {'missing_skill': 'Active Learning', 'recommended_course': 'Active Learning Techniques', 'type': 'Soft Skill', 'duration': '2 weeks'}, {'missing_skill': 'Active Listening', 'recommended_course': 'Active Listening Workshop', 'type': 'Soft Skill', 'duration': '1 week'}, {'missing_skill': 'Adobe Acrobat', 'recommended_course': 'Adobe Acrobat Professional', 'type': 'Software', 'duration': '2 weeks'}, {'missing_skill': 'Adobe Acrobat Reader', 'recommended_course': 'Adobe Creative Suite Mastery', 'type': 'Software', 'duration': '6 weeks'}, {'missing_skill': 'Adobe ActionScript', 'recommended_course': 'Adobe ActionScript Programming', 'type': 'Software', 'duration': '4 weeks'}]"
269,HR,397,ERP Implementation & Management,6 weeks,Software,"[{'missing_skill': 'ADP Enterprise HR', 'recommended_course': 'ERP Implementation & Management', 'type': 'Software', 'duration': '6 weeks'}, {'missing_skill': 'AJAX', 'recommended_course': 'AJAX & Asynchronous Web Development', 'type': 'Technical', 'duration': '3 weeks'}, {'missing_skill': 'Active Listening', 'recommended_course': 'Active Listening Workshop', 'type': 'Soft Skill', 'duration': '1 week'}, {'missing_skill': 'Adobe Acrobat', 'recommended_course': 'Adobe Acrobat Professional', 'type': 'Software', 'duration': '2 weeks'}, {'missing_skill': 'Adobe ActionScript', 'recommended_course': 'Adobe ActionScript Programming', 'type': 'Software', 'duration': '4 weeks'}, {'missing_skill': 'Adobe After Effects', 'recommended_course': 'Adobe After Effects Motion Graphics', 'type': 'Software', 'duration': '4 weeks'}]"
270,HR,396,ERP Implementation & Management,6 weeks,Software,"[{'missing_skill': 'ADP Enterprise HR', 'recommended_course': 'ERP Implementation & Management', 'type': 'Software', 'duration': '6 weeks'}, {'missing_skill': 'AJAX', 'recommended_course': 'AJAX & Asynchronous Web Development', 'type': 'Technical', 'duration': '3 weeks'}, {'missing_skill': 'Active Listening', 'recommended_course': 'Active Listening Workshop', 'type': 'Soft Skill', 'duration': '1 week'}, {'missing_skill': 'Adobe Acrobat', 'recommended_course': 'Adobe Acrobat Professional', 'type': 'Software', 'duration': '2 weeks'}, {'missing_skill': 'Adobe ActionScript', 'recommended_course': 'Adobe ActionScript Programming', 'type': 'Software', 'duration': '4 weeks'}, {'missing_skill': 'Adobe After Effects', 'recommended_course': 'Adobe After Effects Motion Graphics', 'type': 'Software', 'duration': '4 weeks'}]"
271,Finance,1433,Business Analytics Tools,3 weeks,Software,"[{'missing_skill': 'ACL Analytics', 'recommended_course': 'Business Analytics Tools', 'type': 'Software', 'duration': '3 weeks'}]"
272,Marketing,174,Cybersecurity Fundamentals,4 weeks,Technical,"[{'missing_skill': '2AB iLock Security Services', 'recommended_course': 'Cybersecurity Fundamentals', 'type': 'Technical', 'duration': '4 weeks'}, {'missing_skill': '911 system information databases', 'recommended_course': 'Database Reporting & BI Tools', 'type': 'Technical', 'duration': '3 weeks'}, {'missing_skill': 'Access management software', 'recommended_course': 'Access Management Systems', 'type': 'Software', 'duration': '2 weeks'}, {'missing_skill': 'Active Learning', 'recommended_course': 'Active Learning Techniques', 'type': 'Soft Skill', 'duration': '2 weeks'}, {'missing_skill': 'Active Listening', 'recommended_course': 'Active Listening Workshop', 'type': 'Soft Skill', 'duration': '1 week'}, {'missing_skill': 'Adobe Acrobat', 'recommended_course': 'Adobe Acrobat Professional', 'type': 'Software', 'duration': '2 weeks'}, {'missing_skill': 'Adobe Acrobat Reader', 'recommended_course': 'Adobe Creative Suite Mastery', 'type': 'Software', 'duration': '6 weeks'}, {'missing_skill': 'Adobe ActionScript', 'recommended_course': 'Adobe ActionScript Programming', 'type': 'Software', 'duration': '4 weeks'}]"
273,Sales,669,Accounting Software Proficiency,3 weeks,Software,"[{'missing_skill': 'ADP Drive DMS for Accounting', 'recommended_course': 'Accounting Software Proficiency', 'type': 'Software', 'duration': '3 weeks'}, {'missing_skill': 'AJAX', 'recommended_course': 'AJAX & Asynchronous Web Development', 'type': 'Technical', 'duration': '3 weeks'}, {'missing_skill': 'AMS Services AMS Sagitta', 'recommended_course': 'Git Version Control', 'type': 'Technical', 'duration': '1 week'}]"
274,IT,2493,3D Graphics Fundamentals,6 weeks,Technical,"[{'missing_skill': '3D graphics software', 'recommended_course': '3D Graphics Fundamentals', 'type': 'Technical', 'duration': '6 weeks'}]"
275,HR,397,ERP Implementation & Management,6 weeks,Software,"[{'missing_skill': 'ADP Enterprise HR', 'recommended_course': 'ERP Implementation & Management', 'type': 'Software', 'duration': '6 weeks'}, {'missing_skill': 'AJAX', 'recommended_course': 'AJAX & Asynchronous Web Development', 'type': 'Technical', 'duration': '3 weeks'}, {'missing_skill': 'Active Listening', 'recommended_course': 'Active Listening Workshop', 'type': 'Soft Skill', 'duration': '1 week'}, {'missing_skill': 'Adobe Acrobat', 'recommended_course': 'Adobe Acrobat Professional', 'type': 'Software', 'duration': '2 weeks'}, {'missing_skill': 'Adobe ActionScript', 'recommended_course': 'Adobe ActionScript Programming', 'type': 'Software', 'duration': '4 weeks'}, {'missing_skill': 'Adobe After Effects', 'recommended_course': 'Adobe After Effects Motion Graphics', 'type': 'Software', 'duration': '4 weeks'}]"
276,IT,2494,3D Graphics Fundamentals,6 weeks,Technical,"[{'missing_skill': '3D graphics software', 'recommended_course': '3D Graphics Fundamentals', 'type': 'Technical', 'duration': '6 weeks'}]"
277,Sales,669,Accounting Software Proficiency,3 weeks,Software,"[{'missing_skill': 'ADP Drive DMS for Accounting', 'recommended_course': 'Accounting Software Proficiency', 'type': 'Software', 'duration': '3 weeks'}, {'missing_skill': 'AJAX', 'recommended_course': 'AJAX & Asynchronous Web Development', 'type': 'Technical', 'duration': '3 weeks'}, {'missing_skill': 'AMS Services AMS Sagitta', 'recommended_course': 'Git Version Control', 'type': 'Technical', 'duration': '1 week'}]"
278,Sales,669,Accounting Software Proficiency,3 weeks,Software,"[{'missing_skill': 'ADP Drive DMS for Accounting', 'recommended_course': 'Accounting Software Proficiency', 'type': 'Software', 'duration': '3 weeks'}, {'missing_skill': 'AJAX', 'recommended_course': 'AJAX & Asynchronous Web Development', 'type': 'Technical', 'duration': '3 weeks'}, {'missing_skill': 'AMS Services AMS Sagitta', 'recommended_course': 'Git Version Control', 'type': 'Technical', 'duration': '1 week'}]"
279,Sales,670,Accounting Software Proficiency,3 weeks,Software,"[{'missing_skill': 'ADP Drive DMS for Accounting', 'recommended_course': 'Accounting Software Proficiency', 'type': 'Software', 'duration': '3 weeks'}, {'missing_skill': 'AJAX', 'recommended_course': 'AJAX & Asynchronous Web Development', 'type': 'Technical', 'duration': '3 weeks'}, {'missing_skill': 'AMS Services AMS Sagitta', 'recommended_course': 'Git Version Control', 'type': 'Technical', 'duration': '1 week'}]"
280,Finance,1434,Business Analytics Tools,3 weeks,Software,"[{'missing_skill': 'ACL Analytics', 'recommended_course': 'Business Analytics Tools', 'type': 'Software', 'duration': '3 weeks'}]"
281,Sales,669,Accounting Software Proficiency,3 weeks,Software,"[{'missing_skill': 'ADP Drive DMS for Accounting', 'recommended_course': 'Accounting Software Proficiency', 'type': 'Software', 'duration': '3 weeks'}, {'missing_skill': 'AJAX', 'recommended_course': 'AJAX & Asynchronous Web Development', 'type': 'Technical', 'duration': '3 weeks'}, {'missing_skill': 'AMS Services AMS Sagitta', 'recommended_course': 'Git Version Control', 'type': 'Technical', 'duration': '1 week'}]"
282,Finance,1433,Business Analytics Tools,3 weeks,Software,"[{'missing_skill': 'ACL Analytics', 'recommended_course': 'Business Analytics Tools', 'type': 'Software', 'duration': '3 weeks'}]"
283,HR,396,ERP Implementation & Management,6 weeks,Software,"[{'missing_skill': 'ADP Enterprise HR', 'recommended_course': 'ERP Implementation & Management', 'type': 'Software', 'duration': '6 weeks'}, {'missing_skill': 'AJAX', 'recommended_course': 'AJAX & Asynchronous Web Development', 'type': 'Technical', 'duration': '3 weeks'}, {'missing_skill': 'Active Listening', 'recommended_course': 'Active Listening Workshop', 'type': 'Soft Skill', 'duration': '1 week'}, {'missing_skill': 'Adobe Acrobat', 'recommended_course': 'Adobe Acrobat Professional', 'type': 'Software', 'duration': '2 weeks'}, {'missing_skill': 'Adobe ActionScript', 'recommended_course': 'Adobe ActionScript Programming', 'type': 'Software', 'duration': '4 weeks'}, {'missing_skill': 'Adobe After Effects', 'recommended_course': 'Adobe After Effects Motion Graphics', 'type': 'Software', 'duration': '4 weeks'}]"
284,Support,401,ERP Implementation & Management,6 weeks,Software,"[{'missing_skill': 'ADP Enterprise HR', 'recommended_course': 'ERP Implementation & Management', 'type': 'Software', 'duration': '6 weeks'}, {'missing_skill': 'API Healthcare ActiveStaffer', 'recommended_course': 'RESTful API Design', 'type': 'Technical', 'duration': '2 weeks'}, {'missing_skill': 'Active Learning', 'recommended_course': 'Active Learning Techniques', 'type': 'Soft Skill', 'duration': '2 weeks'}, {'missing_skill': 'Active Listening', 'recommended_course': 'Active Listening Workshop', 'type': 'Soft Skill', 'duration': '1 week'}]"
285,Support,400,ERP Implementation & Management,6 weeks,Software,"[{'missing_skill': 'ADP Enterprise HR', 'recommended_course': 'ERP Implementation & Management', 'type': 'Software', 'duration': '6 weeks'}, {'missing_skill': 'API Healthcare ActiveStaffer', 'recommended_course': 'RESTful API Design', 'type': 'Technical', 'duration': '2 weeks'}, {'missing_skill': 'Active Learning', 'recommended_course': 'Active Learning Techniques', 'type': 'Soft Skill', 'duration': '2 weeks'}, {'missing_skill': 'Active Listening', 'recommended_course': 'Active Listening Workshop', 'type': 'Soft Skill', 'duration': '1 week'}]"
286,Sales,669,Accounting Software Proficiency,3 weeks,Software,"[{'missing_skill': 'ADP Drive DMS for Accounting', 'recommended_course': 'Accounting Software Proficiency', 'type': 'Software', 'duration': '3 weeks'}, {'missing_skill': 'AJAX', 'recommended_course': 'AJAX & Asynchronous Web Development', 'type': 'Technical', 'duration': '3 weeks'}, {'missing_skill': 'AMS Services AMS Sagitta', 'recommended_course': 'Git Version Control', 'type': 'Technical', 'duration': '1 week'}]"
287,IT,2493,3D Graphics Fundamentals,6 weeks,Technical,"[{'missing_skill': '3D graphics software', 'recommended_course': '3D Graphics Fundamentals', 'type': 'Technical', 'duration': '6 weeks'}]"
288,Marketing,175,Cybersecurity Fundamentals,4 weeks,Technical,"[{'missing_skill': '2AB iLock Security Services', 'recommended_course': 'Cybersecurity Fundamentals', 'type': 'Technical', 'duration': '4 weeks'}, {'missing_skill': '911 system information databases', 'recommended_course': 'Database Reporting & BI Tools', 'type': 'Technical', 'duration': '3 weeks'}, {'missing_skill': 'Access management software', 'recommended_course': 'Access Management Systems', 'type': 'Software', 'duration': '2 weeks'}, {'missing_skill': 'Active Learning', 'recommended_course': 'Active Learning Techniques', 'type': 'Soft Skill', 'duration': '2 weeks'}, {'missing_skill': 'Active Listening', 'recommended_course': 'Active Listening Workshop', 'type': 'Soft Skill', 'duration': '1 week'}, {'missing_skill': 'Adobe Acrobat', 'recommended_course': 'Adobe Acrobat Professional', 'type': 'Software', 'duration': '2 weeks'}, {'missing_skill': 'Adobe Acrobat Reader', 'recommended_course': 'Adobe Creative Suite Mastery', 'type': 'Software', 'duration': '6 weeks'}, {'missing_skill': 'Adobe ActionScript', 'recommended_course': 'Adobe ActionScript Programming', 'type': 'Software', 'duration': '4 weeks'}]"
289,Marketing,177,Cybersecurity Fundamentals,4 weeks,Technical,"[{'missing_skill': '2AB iLock Security Services', 'recommended_course': 'Cybersecurity Fundamentals', 'type': 'Technical', 'duration': '4 weeks'}, {'missing_skill': '911 system information databases', 'recommended_course': 'Database Reporting & BI Tools', 'type': 'Technical', 'duration': '3 weeks'}, {'missing_skill': 'Access management software', 'recommended_course': 'Access Management Systems', 'type': 'Software', 'duration': '2 weeks'}, {'missing_skill': 'Active Learning', 'recommended_course': 'Active Learning Techniques', 'type': 'Soft Skill', 'duration': '2 weeks'}, {'missing_skill': 'Active Listening', 'recommended_course': 'Active Listening Workshop', 'type': 'Soft Skill', 'duration': '1 week'}, {'missing_skill': 'Adobe Acrobat', 'recommended_course': 'Adobe Acrobat Professional', 'type': 'Software', 'duration': '2 weeks'}, {'missing_skill': 'Adobe Acrobat Reader', 'recommended_course': 'Adobe Creative Suite Mastery', 'type': 'Software', 'duration': '6 weeks'}, {'missing_skill': 'Adobe ActionScript', 'recommended_course': 'Adobe ActionScript Programming', 'type': 'Software', 'duration': '4 weeks'}]"
290,Sales,670,Accounting Software Proficiency,3 weeks,Software,"[{'missing_skill': 'ADP Drive DMS for Accounting', 'recommended_course': 'Accounting Software Proficiency', 'type': 'Software', 'duration': '3 weeks'}, {'missing_skill': 'AJAX', 'recommended_course': 'AJAX & Asynchronous Web Development', 'type': 'Technical', 'duration': '3 weeks'}, {'missing_skill': 'AMS Services AMS Sagitta', 'recommended_course': 'Git Version Control', 'type': 'Technical', 'duration': '1 week'}]"
291,IT,2493,3D Graphics Fundamentals,6 weeks,Technical,"[{'missing_skill': '3D graphics software', 'recommended_course': '3D Graphics Fundamentals', 'type': 'Technical', 'duration': '6 weeks'}]"
292,Sales,669,Accounting Software Proficiency,3 weeks,Software,"[{'missing_skill': 'ADP Drive DMS for Accounting', 'recommended_course': 'Accounting Software Proficiency', 'type': 'Software', 'duration': '3 weeks'}, {'missing_skill': 'AJAX', 'recommended_course': 'AJAX & Asynchronous Web Development', 'type': 'Technical', 'duration': '3 weeks'}, {'missing_skill': 'AMS Services AMS Sagitta', 'recommended_course': 'Git Version Control', 'type': 'Technical', 'duration': '1 week'}]"
293,HR,397,ERP Implementation & Management,6 weeks,Software,"[{'missing_skill': 'ADP Enterprise HR', 'recommended_course': 'ERP Implementation & Management', 'type': 'Software', 'duration': '6 weeks'}, {'missing_skill': 'AJAX', 'recommended_course': 'AJAX & Asynchronous Web Development', 'type': 'Technical', 'duration': '3 weeks'}, {'missing_skill': 'Active Listening', 'recommended_course': 'Active Listening Workshop', 'type': 'Soft Skill', 'duration': '1 week'}, {'missing_skill': 'Adobe Acrobat', 'recommended_course': 'Adobe Acrobat Professional', 'type': 'Software', 'duration': '2 weeks'}, {'missing_skill': 'Adobe ActionScript', 'recommended_course': 'Adobe ActionScript Programming', 'type': 'Software', 'duration': '4 weeks'}, {'missing_skill': 'Adobe After Effects', 'recommended_course': 'Adobe After Effects Motion Graphics', 'type': 'Software', 'duration': '4 weeks'}]"
294,HR,397,ERP Implementation & Management,6 weeks,Software,"[{'missing_skill': 'ADP Enterprise HR', 'recommended_course': 'ERP Implementation & Management', 'type': 'Software', 'duration': '6 weeks'}, {'missing_skill': 'AJAX', 'recommended_course': 'AJAX & Asynchronous Web Development', 'type': 'Technical', 'duration': '3 weeks'}, {'missing_skill': 'Active Listening', 'recommended_course': 'Active Listening Workshop', 'type': 'Soft Skill', 'duration': '1 week'}, {'missing_skill': 'Adobe Acrobat', 'recommended_course': 'Adobe Acrobat Professional', 'type': 'Software', 'duration': '2 weeks'}, {'missing_skill': 'Adobe ActionScript', 'recommended_course': 'Adobe ActionScript Programming', 'type': 'Software', 'duration': '4 weeks'}, {'missing_skill': 'Adobe After Effects', 'recommended_course': 'Adobe After Effects Motion Graphics', 'type': 'Software', 'duration': '4 weeks'}]"
295,Support,400,ERP Implementation & Management,6 weeks,Software,"[{'missing_skill': 'ADP Enterprise HR', 'recommended_course': 'ERP Implementation & Management', 'type': 'Software', 'duration': '6 weeks'}, {'missing_skill': 'API Healthcare ActiveStaffer', 'recommended_course': 'RESTful API Design', 'type': 'Technical', 'duration': '2 weeks'}, {'missing_skill': 'Active Learning', 'recommended_course': 'Active Learning Techniques', 'type': 'Soft Skill', 'duration': '2 weeks'}, {'missing_skill': 'Active Listening', 'recommended_course': 'Active Listening Workshop', 'type': 'Soft Skill', 'duration': '1 week'}]"
296,Support,400,ERP Implementation & Management,6 weeks,Software,"[{'missing_skill': 'ADP Enterprise HR', 'recommended_course': 'ERP Implementation & Management', 'type': 'Software', 'duration': '6 weeks'}, {'missing_skill': 'API Healthcare ActiveStaffer', 'recommended_course': 'RESTful API Design', 'type': 'Technical', 'duration': '2 weeks'}, {'missing_skill': 'Active Learning', 'recommended_course': 'Active Learning Techniques', 'type': 'Soft Skill', 'duration': '2 weeks'}, {'missing_skill': 'Active Listening', 'recommended_course': 'Active Listening Workshop', 'type': 'Soft Skill', 'duration': '1 week'}]"
297,Support,400,ERP Implementation & Management,6 weeks,Software,"[{'missing_skill': 'ADP Enterprise HR', 'recommended_course': 'ERP Implementation & Management', 'type': 'Software', 'duration': '6 weeks'}, {'missing_skill': 'API Healthcare ActiveStaffer', 'recommended_course': 'RESTful API Design', 'type': 'Technical', 'duration': '2 weeks'}, {'missing_skill': 'Active Learning', 'recommended_course': 'Active Learning Techniques', 'type': 'Soft Skill', 'duration': '2 weeks'}, {'missing_skill': 'Active Listening', 'recommended_course': 'Active Listening Workshop', 'type': 'Soft Skill', 'duration': '1 week'}]"
298,Sales,669,Accounting Software Proficiency,3 weeks,Software,"[{'missing_skill': 'ADP Drive DMS for Accounting', 'recommended_course': 'Accounting Software Proficiency', 'type': 'Software', 'duration': '3 weeks'}, {'missing_skill': 'AJAX', 'recommended_course': 'AJAX & Asynchronous Web Development', 'type': 'Technical', 'duration': '3 weeks'}, {'missing_skill': 'AMS Services AMS Sagitta', 'recommended_course': 'Git Version Control', 'type': 'Technical', 'duration': '1 week'}]"
299,HR,396,ERP Implementation & Management,6 weeks,Software,"[{'missing_skill': 'ADP Enterprise HR', 'recommended_course': 'ERP Implementation & Management', 'type': 'Software', 'duration': '6 weeks'}, {'missing_skill': 'AJAX', 'recommended_course': 'AJAX & Asynchronous Web Development', 'type': 'Technical', 'duration': '3 weeks'}, {'missing_skill': 'Active Listening', 'recommended_course': 'Active Listening Workshop', 'type': 'Soft Skill', 'duration': '1 week'}, {'missing_skill': 'Adobe Acrobat', 'recommended_course': 'Adobe Acrobat Professional', 'type': 'Software', 'duration': '2 weeks'}, {'missing_skill': 'Adobe ActionScript', 'recommended_course': 'Adobe ActionScript Programming', 'type': 'Software', 'duration': '4 weeks'}, {'missing_skill': 'Adobe After Effects', 'recommended_course': 'Adobe After Effects Motion Graphics', 'type': 'Software', 'duration': '4 weeks'}]"
300,Finance,1434,Business Analytics Tools,3 weeks,Software,"[{'missing_skill': 'ACL Analytics', 'recommended_course': 'Business Analytics Tools', 'type': 'Software', 'duration': '3 weeks'}]"
301,Marketing,174,Cybersecurity Fundamentals,4 weeks,Technical,"[{'missing_skill': '2AB iLock Security Services', 'recommended_course': 'Cybersecurity Fundamentals', 'type': 'Technical', 'duration': '4 weeks'}, {'missing_skill': '911 system information databases', 'recommended_course': 'Database Reporting & BI Tools', 'type': 'Technical', 'duration': '3 weeks'}, {'missing_skill': 'Access management software', 'recommended_course': 'Access Management Systems', 'type': 'Software', 'duration': '2 weeks'}, {'missing_skill': 'Active Learning', 'recommended_course': 'Active Learning Techniques', 'type': 'Soft Skill', 'duration': '2 weeks'}, {'missing_skill': 'Active Listening', 'recommended_course': 'Active Listening Workshop', 'type': 'Soft Skill', 'duration': '1 week'}, {'missing_skill': 'Adobe Acrobat', 'recommended_course': 'Adobe Acrobat Professional', 'type': 'Software', 'duration': '2 weeks'}, {'missing_skill': 'Adobe Acrobat Reader', 'recommended_course': 'Adobe Creative Suite Mastery', 'type': 'Software', 'duration': '6 weeks'}, {'missing_skill': 'Adobe ActionScript', 'recommended_course': 'Adobe ActionScript Programming', 'type': 'Software', 'duration': '4 weeks'}]"
302,Finance,1434,Business Analytics Tools,3 weeks,Software,"[{'missing_skill': 'ACL Analytics', 'recommended_course': 'Business Analytics Tools', 'type': 'Software', 'duration': '3 weeks'}]"
303,Sales,670,Accounting Software Proficiency,3 weeks,Software,"[{'missing_skill': 'ADP Drive DMS for Accounting', 'recommended_course': 'Accounting Software Proficiency', 'type': 'Software', 'duration': '3 weeks'}, {'missing_skill': 'AJAX', 'recommended_course': 'AJAX & Asynchronous Web Development', 'type': 'Technical', 'duration': '3 weeks'}, {'missing_skill': 'AMS Services AMS Sagitta', 'recommended_course': 'Git Version Control', 'type': 'Technical', 'duration': '1 week'}]"
304,Sales,670,Accounting Software Proficiency,3 weeks,Software,"[{'missing_skill': 'ADP Drive DMS for Accounting', 'recommended_course': 'Accounting Software Proficiency', 'type': 'Software', 'duration': '3 weeks'}, {'missing_skill': 'AJAX', 'recommended_course': 'AJAX & Asynchronous Web Development', 'type': 'Technical', 'duration': '3 weeks'}, {'missing_skill': 'AMS Services AMS Sagitta', 'recommended_course': 'Git Version Control', 'type': 'Technical', 'duration': '1 week'}]"
305,IT,2493,3D Graphics Fundamentals,6 weeks,Technical,"[{'missing_skill': '3D graphics software', 'recommended_course': '3D Graphics Fundamentals', 'type': 'Technical', 'duration': '6 weeks'}]"
306,IT,2491,3D Graphics Fundamentals,6 weeks,Technical,"[{'missing_skill': '3D graphics software', 'recommended_course': '3D Graphics Fundamentals', 'type': 'Technical', 'duration': '6 weeks'}]"
307,Finance,1434,Business Analytics Tools,3 weeks,Software,"[{'missing_skill': 'ACL Analytics', 'recommended_course': 'Business Analytics Tools', 'type': 'Software', 'duration': '3 weeks'}]"
308,HR,396,ERP Implementation & Management,6 weeks,Software,"[{'missing_skill': 'ADP Enterprise HR', 'recommended_course': 'ERP Implementation & Management', 'type': 'Software', 'duration': '6 weeks'}, {'missing_skill': 'AJAX', 'recommended_course': 'AJAX & Asynchronous Web Development', 'type': 'Technical', 'duration': '3 weeks'}, {'missing_skill': 'Active Listening', 'recommended_course': 'Active Listening Workshop', 'type': 'Soft Skill', 'duration': '1 week'}, {'missing_skill': 'Adobe Acrobat', 'recommended_course': 'Adobe Acrobat Professional', 'type': 'Software', 'duration': '2 weeks'}, {'missing_skill': 'Adobe ActionScript', 'recommended_course': 'Adobe ActionScript Programming', 'type': 'Software', 'duration': '4 weeks'}, {'missing_skill': 'Adobe After Effects', 'recommended_course': 'Adobe After Effects Motion Graphics', 'type': 'Software', 'duration': '4 weeks'}]"
309,IT,2493,3D Graphics Fundamentals,6 weeks,Technical,"[{'missing_skill': '3D graphics software', 'recommended_course': '3D Graphics Fundamentals', 'type': 'Technical', 'duration': '6 weeks'}]"
310,HR,397,ERP Implementation & Management,6 weeks,Software,"[{'missing_skill': 'ADP Enterprise HR', 'recommended_course': 'ERP Implementation & Management', 'type': 'Software', 'duration': '6 weeks'}, {'missing_skill': 'AJAX', 'recommended_course': 'AJAX & Asynchronous Web Development', 'type': 'Technical', 'duration': '3 weeks'}, {'missing_skill': 'Active Listening', 'recommended_course': 'Active Listening Workshop', 'type': 'Soft Skill', 'duration': '1 week'}, {'missing_skill': 'Adobe Acrobat', 'recommended_course': 'Adobe Acrobat Professional', 'type': 'Software', 'duration': '2 weeks'}, {'missing_skill': 'Adobe ActionScript', 'recommended_course': 'Adobe ActionScript Programming', 'type': 'Software', 'duration': '4 weeks'}, {'missing_skill': 'Adobe After Effects', 'recommended_course': 'Adobe After Effects Motion Graphics', 'type': 'Software', 'duration': '4 weeks'}]"
311,HR,397,ERP Implementation & Management,6 weeks,Software,"[{'missing_skill': 'ADP Enterprise HR', 'recommended_course': 'ERP Implementation & Management', 'type': 'Software', 'duration': '6 weeks'}, {'missing_skill': 'AJAX', 'recommended_course': 'AJAX & Asynchronous Web Development', 'type': 'Technical', 'duration': '3 weeks'}, {'missing_skill': 'Active Listening', 'recommended_course': 'Active Listening Workshop', 'type': 'Soft Skill', 'duration': '1 week'}, {'missing_skill': 'Adobe Acrobat', 'recommended_course': 'Adobe Acrobat Professional', 'type': 'Software', 'duration': '2 weeks'}, {'missing_skill': 'Adobe ActionScript', 'recommended_course': 'Adobe ActionScript Programming', 'type': 'Software', 'duration': '4 weeks'}, {'missing_skill': 'Adobe After Effects', 'recommended_course': 'Adobe After Effects Motion Graphics', 'type': 'Software', 'duration': '4 weeks'}]"
312,Support,399,ERP Implementation & Management,6 weeks,Software,"[{'missing_skill': 'ADP Enterprise HR', 'recommended_course': 'ERP Implementation & Management', 'type': 'Software', 'duration': '6 weeks'}, {'missing_skill': 'API Healthcare ActiveStaffer', 'recommended_course': 'RESTful API Design', 'type': 'Technical', 'duration': '2 weeks'}, {'missing_skill': 'Active Learning', 'recommended_course': 'Active Learning Techniques', 'type': 'Soft Skill', 'duration': '2 weeks'}, {'missing_skill': 'Active Listening', 'recommended_course': 'Active Listening Workshop', 'type': 'Soft Skill', 'duration': '1 week'}]"
313,Support,400,ERP Implementation & Management,6 weeks,Software,"[{'missing_skill': 'ADP Enterprise HR', 'recommended_course': 'ERP Implementation & Management', 'type': 'Software', 'duration': '6 weeks'}, {'missing_skill': 'API Healthcare ActiveStaffer', 'recommended_course': 'RESTful API Design', 'type': 'Technical', 'duration': '2 weeks'}, {'missing_skill': 'Active Learning', 'recommended_course': 'Active Learning Techniques', 'type': 'Soft Skill', 'duration': '2 weeks'}, {'missing_skill': 'Active Listening', 'recommended_course': 'Active Listening Workshop', 'type': 'Soft Skill', 'duration': '1 week'}]"
314,HR,397,ERP Implementation & Management,6 weeks,Software,"[{'missing_skill': 'ADP Enterprise HR', 'recommended_course': 'ERP Implementation & Management', 'type': 'Software', 'duration': '6 weeks'}, {'missing_skill': 'AJAX', 'recommended_course': 'AJAX & Asynchronous Web Development', 'type': 'Technical', 'duration': '3 weeks'}, {'missing_skill': 'Active Listening', 'recommended_course': 'Active Listening Workshop', 'type': 'Soft Skill', 'duration': '1 week'}, {'missing_skill': 'Adobe Acrobat', 'recommended_course': 'Adobe Acrobat Professional', 'type': 'Software', 'duration': '2 weeks'}, {'missing_skill': 'Adobe ActionScript', 'recommended_course': 'Adobe ActionScript Programming', 'type': 'Software', 'duration': '4 weeks'}, {'missing_skill': 'Adobe After Effects', 'recommended_course': 'Adobe After Effects Motion Graphics', 'type': 'Software', 'duration': '4 weeks'}]"
315,Sales,670,Accounting Software Proficiency,3 weeks,Software,"[{'missing_skill': 'ADP Drive DMS for Accounting', 'recommended_course': 'Accounting Software Proficiency', 'type': 'Software', 'duration': '3 weeks'}, {'missing_skill': 'AJAX', 'recommended_course': 'AJAX & Asynchronous Web Development', 'type': 'Technical', 'duration': '3 weeks'}, {'missing_skill': 'AMS Services AMS Sagitta', 'recommended_course': 'Git Version Control', 'type': 'Technical', 'duration': '1 week'}]"
316,Finance,1433,Business Analytics Tools,3 weeks,Software,"[{'missing_skill': 'ACL Analytics', 'recommended_course': 'Business Analytics Tools', 'type': 'Software', 'duration': '3 weeks'}]"
317,Sales,670,Accounting Software Proficiency,3 weeks,Software,"[{'missing_skill': 'ADP Drive DMS for Accounting', 'recommended_course': 'Accounting Software Proficiency', 'type': 'Software', 'duration': '3 weeks'}, {'missing_skill': 'AJAX', 'recommended_course': 'AJAX & Asynchronous Web Development', 'type': 'Technical', 'duration': '3 weeks'}, {'missing_skill': 'AMS Services AMS Sagitta', 'recommended_course': 'Git Version Control', 'type': 'Technical', 'duration': '1 week'}]"
318,Sales,670,Accounting Software Proficiency,3 weeks,Software,"[{'missing_skill': 'ADP Drive DMS for Accounting', 'recommended_course': 'Accounting Software Proficiency', 'type': 'Software', 'duration': '3 weeks'}, {'missing_skill': 'AJAX', 'recommended_course': 'AJAX & Asynchronous Web Development', 'type': 'Technical', 'duration': '3 weeks'}, {'missing_skill': 'AMS Services AMS Sagitta', 'recommended_course': 'Git Version Control', 'type': 'Technical', 'duration': '1 week'}]"
319,HR,397,ERP Implementation & Management,6 weeks,Software,"[{'missing_skill': 'ADP Enterprise HR', 'recommended_course': 'ERP Implementation & Management', 'type': 'Software', 'duration': '6 weeks'}, {'missing_skill': 'AJAX', 'recommended_course': 'AJAX & Asynchronous Web Development', 'type': 'Technical', 'duration': '3 weeks'}, {'missing_skill': 'Active Listening', 'recommended_course': 'Active Listening Workshop', 'type': 'Soft Skill', 'duration': '1 week'}, {'missing_skill': 'Adobe Acrobat', 'recommended_course': 'Adobe Acrobat Professional', 'type': 'Software', 'duration': '2 weeks'}, {'missing_skill': 'Adobe ActionScript', 'recommended_course': 'Adobe ActionScript Programming', 'type': 'Software', 'duration': '4 weeks'}, {'missing_skill': 'Adobe After Effects', 'recommended_course': 'Adobe After Effects Motion Graphics', 'type': 'Software', 'duration': '4 weeks'}]"
320,Marketing,174,Cybersecurity Fundamentals,4 weeks,Technical,"[{'missing_skill': '2AB iLock Security Services', 'recommended_course': 'Cybersecurity Fundamentals', 'type': 'Technical', 'duration': '4 weeks'}, {'missing_skill': '911 system information databases', 'recommended_course': 'Database Reporting & BI Tools', 'type': 'Technical', 'duration': '3 weeks'}, {'missing_skill': 'Access management software', 'recommended_course': 'Access Management Systems', 'type': 'Software', 'duration': '2 weeks'}, {'missing_skill': 'Active Learning', 'recommended_course': 'Active Learning Techniques', 'type': 'Soft Skill', 'duration': '2 weeks'}, {'missing_skill': 'Active Listening', 'recommended_course': 'Active Listening Workshop', 'type': 'Soft Skill', 'duration': '1 week'}, {'missing_skill': 'Adobe Acrobat', 'recommended_course': 'Adobe Acrobat Professional', 'type': 'Software', 'duration': '2 weeks'}, {'missing_skill': 'Adobe Acrobat Reader', 'recommended_course': 'Adobe Creative Suite Mastery', 'type': 'Software', 'duration': '6 weeks'}, {'missing_skill': 'Adobe ActionScript', 'recommended_course': 'Adobe ActionScript Programming', 'type': 'Software', 'duration': '4 weeks'}]"
321,Marketing,174,Cybersecurity Fundamentals,4 weeks,Technical,"[{'missing_skill': '2AB iLock Security Services', 'recommended_course': 'Cybersecurity Fundamentals', 'type': 'Technical', 'duration': '4 weeks'}, {'missing_skill': '911 system information databases', 'recommended_course': 'Database Reporting & BI Tools', 'type': 'Technical', 'duration': '3 weeks'}, {'missing_skill': 'Access management software', 'recommended_course': 'Access Management Systems', 'type': 'Software', 'duration': '2 weeks'}, {'missing_skill': 'Active Learning', 'recommended_course': 'Active Learning Techniques', 'type': 'Soft Skill', 'duration': '2 weeks'}, {'missing_skill': 'Active Listening', 'recommended_course': 'Active Listening Workshop', 'type': 'Soft Skill', 'duration': '1 week'}, {'missing_skill': 'Adobe Acrobat', 'recommended_course': 'Adobe Acrobat Professional', 'type': 'Software', 'duration': '2 weeks'}, {'missing_skill': 'Adobe Acrobat Reader', 'recommended_course': 'Adobe Creative Suite Mastery', 'type': 'Software', 'duration': '6 weeks'}, {'missing_skill': 'Adobe ActionScript', 'recommended_course': 'Adobe ActionScript Programming', 'type': 'Software', 'duration': '4 weeks'}]"
322,IT,2491,3D Graphics Fundamentals,6 weeks,Technical,"[{'missing_skill': '3D graphics software', 'recommended_course': '3D Graphics Fundamentals', 'type': 'Technical', 'duration': '6 weeks'}]"
323,Marketing,175,Cybersecurity Fundamentals,4 weeks,Technical,"[{'missing_skill': '2AB iLock Security Services', 'recommended_course': 'Cybersecurity Fundamentals', 'type': 'Technical', 'duration': '4 weeks'}, {'missing_skill': '911 system information databases', 'recommended_course': 'Database Reporting & BI Tools', 'type': 'Technical', 'duration': '3 weeks'}, {'missing_skill': 'Access management software', 'recommended_course': 'Access Management Systems', 'type': 'Software', 'duration': '2 weeks'}, {'missing_skill': 'Active Learning', 'recommended_course': 'Active Learning Techniques', 'type': 'Soft Skill', 'duration': '2 weeks'}, {'missing_skill': 'Active Listening', 'recommended_course': 'Active Listening Workshop', 'type': 'Soft Skill', 'duration': '1 week'}, {'missing_skill': 'Adobe Acrobat', 'recommended_course': 'Adobe Acrobat Professional', 'type': 'Software', 'duration': '2 weeks'}, {'missing_skill': 'Adobe Acrobat Reader', 'recommended_course': 'Adobe Creative Suite Mastery', 'type': 'Software', 'duration': '6 weeks'}, {'missing_skill': 'Adobe ActionScript', 'recommended_course': 'Adobe ActionScript Programming', 'type': 'Software', 'duration': '4 weeks'}]"
324,IT,2492,3D Graphics Fundamentals,6 weeks,Technical,"[{'missing_skill': '3D graphics software', 'recommended_course': '3D Graphics Fundamentals', 'type': 'Technical', 'duration': '6 weeks'}]"
325,IT,2492,3D Graphics Fundamentals,6 weeks,Technical,"[{'missing_skill': '3D graphics software', 'recommended_course': '3D Graphics Fundamentals', 'type': 'Technical', 'duration': '6 weeks'}]"
326,Marketing,175,Cybersecurity Fundamentals,4 weeks,Technical,"[{'missing_skill': '2AB iLock Security Services', 'recommended_course': 'Cybersecurity Fundamentals', 'type': 'Technical', 'duration': '4 weeks'}, {'missing_skill': '911 system information databases', 'recommended_course': 'Database Reporting & BI Tools', 'type': 'Technical', 'duration': '3 weeks'}, {'missing_skill': 'Access management software', 'recommended_course': 'Access Management Systems', 'type': 'Software', 'duration': '2 weeks'}, {'missing_skill': 'Active Learning', 'recommended_course': 'Active Learning Techniques', 'type': 'Soft Skill', 'duration': '2 weeks'}, {'missing_skill': 'Active Listening', 'recommended_course': 'Active Listening Workshop', 'type': 'Soft Skill', 'duration': '1 week'}, {'missing_skill': 'Adobe Acrobat', 'recommended_course': 'Adobe Acrobat Professional', 'type': 'Software', 'duration': '2 weeks'}, {'missing_skill': 'Adobe Acrobat Reader', 'recommended_course': 'Adobe Creative Suite Mastery', 'type': 'Software', 'duration': '6 weeks'}, {'missing_skill': 'Adobe ActionScript', 'recommended_course': 'Adobe ActionScript Programming', 'type': 'Software', 'duration': '4 weeks'}]"
327,Sales,670,Accounting Software Proficiency,3 weeks,Software,"[{'missing_skill': 'ADP Drive DMS for Accounting', 'recommended_course': 'Accounting Software Proficiency', 'type': 'Software', 'duration': '3 weeks'}, {'missing_skill': 'AJAX', 'recommended_course': 'AJAX & Asynchronous Web Development', 'type': 'Technical', 'duration': '3 weeks'}, {'missing_skill': 'AMS Services AMS Sagitta', 'recommended_course': 'Git Version Control', 'type': 'Technical', 'duration': '1 week'}]"
328,Finance,1433,Business Analytics Tools,3 weeks,Software,"[{'missing_skill': 'ACL Analytics', 'recommended_course': 'Business Analytics Tools', 'type': 'Software', 'duration': '3 weeks'}]"
329,HR,397,ERP Implementation & Management,6 weeks,Software,"[{'missing_skill': 'ADP Enterprise HR', 'recommended_course': 'ERP Implementation & Management', 'type': 'Software', 'duration': '6 weeks'}, {'missing_skill': 'AJAX', 'recommended_course': 'AJAX & Asynchronous Web Development', 'type': 'Technical', 'duration': '3 weeks'}, {'missing_skill': 'Active Listening', 'recommended_course': 'Active Listening Workshop', 'type': 'Soft Skill', 'duration': '1 week'}, {'missing_skill': 'Adobe Acrobat', 'recommended_course': 'Adobe Acrobat Professional', 'type': 'Software', 'duration': '2 weeks'}, {'missing_skill': 'Adobe ActionScript', 'recommended_course': 'Adobe ActionScript Programming', 'type': 'Software', 'duration': '4 weeks'}, {'missing_skill': 'Adobe After Effects', 'recommended_course': 'Adobe After Effects Motion Graphics', 'type': 'Software', 'duration': '4 weeks'}]"
330,IT,2493,3D Graphics Fundamentals,6 weeks,Technical,"[{'missing_skill': '3D graphics software', 'recommended_course': '3D Graphics Fundamentals', 'type': 'Technical', 'duration': '6 weeks'}]"
331,Sales,669,Accounting Software Proficiency,3 weeks,Software,"[{'missing_skill': 'ADP Drive DMS for Accounting', 'recommended_course': 'Accounting Software Proficiency', 'type': 'Software', 'duration': '3 weeks'}, {'missing_skill': 'AJAX', 'recommended_course': 'AJAX & Asynchronous Web Development', 'type': 'Technical', 'duration': '3 weeks'}, {'missing_skill': 'AMS Services AMS Sagitta', 'recommended_course': 'Git Version Control', 'type': 'Technical', 'duration': '1 week'}]"
332,Sales,671,Accounting Software Proficiency,3 weeks,Software,"[{'missing_skill': 'ADP Drive DMS for Accounting', 'recommended_course': 'Accounting Software Proficiency', 'type': 'Software', 'duration': '3 weeks'}, {'missing_skill': 'AJAX', 'recommended_course': 'AJAX & Asynchronous Web Development', 'type': 'Technical', 'duration': '3 weeks'}, {'missing_skill': 'AMS Services AMS Sagitta', 'recommended_course': 'Git Version Control', 'type': 'Technical', 'duration': '1 week'}]"
333,HR,397,ERP Implementation & Management,6 weeks,Software,"[{'missing_skill': 'ADP Enterprise HR', 'recommended_course': 'ERP Implementation & Management', 'type': 'Software', 'duration': '6 weeks'}, {'missing_skill': 'AJAX', 'recommended_course': 'AJAX & Asynchronous Web Development', 'type': 'Technical', 'duration': '3 weeks'}, {'missing_skill': 'Active Listening', 'recommended_course': 'Active Listening Workshop', 'type': 'Soft Skill', 'duration': '1 week'}, {'missing_skill': 'Adobe Acrobat', 'recommended_course': 'Adobe Acrobat Professional', 'type': 'Software', 'duration': '2 weeks'}, {'missing_skill': 'Adobe ActionScript', 'recommended_course': 'Adobe ActionScript Programming', 'type': 'Software', 'duration': '4 weeks'}, {'missing_skill': 'Adobe After Effects', 'recommended_course': 'Adobe After Effects Motion Graphics', 'type': 'Software', 'duration': '4 weeks'}]"
334,Sales,670,Accounting Software Proficiency,3 weeks,Software,"[{'missing_skill': 'ADP Drive DMS for Accounting', 'recommended_course': 'Accounting Software Proficiency', 'type': 'Software', 'duration': '3 weeks'}, {'missing_skill': 'AJAX', 'recommended_course': 'AJAX & Asynchronous Web Development', 'type': 'Technical', 'duration': '3 weeks'}, {'missing_skill': 'AMS Services AMS Sagitta', 'recommended_course': 'Git Version Control', 'type': 'Technical', 'duration': '1 week'}]"
335,Support,399,ERP Implementation & Management,6 weeks,Software,"[{'missing_skill': 'ADP Enterprise HR', 'recommended_course': 'ERP Implementation & Management', 'type': 'Software', 'duration': '6 weeks'}, {'missing_skill': 'API Healthcare ActiveStaffer', 'recommended_course': 'RESTful API Design', 'type': 'Technical', 'duration': '2 weeks'}, {'missing_skill': 'Active Learning', 'recommended_course': 'Active Learning Techniques', 'type': 'Soft Skill', 'duration': '2 weeks'}, {'missing_skill': 'Active Listening', 'recommended_course': 'Active Listening Workshop', 'type': 'Soft Skill', 'duration': '1 week'}]"
336,HR,397,ERP Implementation & Management,6 weeks,Software,"[{'missing_skill': 'ADP Enterprise HR', 'recommended_course': 'ERP Implementation & Management', 'type': 'Software', 'duration': '6 weeks'}, {'missing_skill': 'AJAX', 'recommended_course': 'AJAX & Asynchronous Web Development', 'type': 'Technical', 'duration': '3 weeks'}, {'missing_skill': 'Active Listening', 'recommended_course': 'Active Listening Workshop', 'type': 'Soft Skill', 'duration': '1 week'}, {'missing_skill': 'Adobe Acrobat', 'recommended_course': 'Adobe Acrobat Professional', 'type': 'Software', 'duration': '2 weeks'}, {'missing_skill': 'Adobe ActionScript', 'recommended_course': 'Adobe ActionScript Programming', 'type': 'Software', 'duration': '4 weeks'}, {'missing_skill': 'Adobe After Effects', 'recommended_course': 'Adobe After Effects Motion Graphics', 'type': 'Software', 'duration': '4 weeks'}]"
337,Marketing,176,Cybersecurity Fundamentals,4 weeks,Technical,"[{'missing_skill': '2AB iLock Security Services', 'recommended_course': 'Cybersecurity Fundamentals', 'type': 'Technical', 'duration': '4 weeks'}, {'missing_skill': '911 system information databases', 'recommended_course': 'Database Reporting & BI Tools', 'type': 'Technical', 'duration': '3 weeks'}, {'missing_skill': 'Access management software', 'recommended_course': 'Access Management Systems', 'type': 'Software', 'duration': '2 weeks'}, {'missing_skill': 'Active Learning', 'recommended_course': 'Active Learning Techniques', 'type': 'Soft Skill', 'duration': '2 weeks'}, {'missing_skill': 'Active Listening', 'recommended_course': 'Active Listening Workshop', 'type': 'Soft Skill', 'duration': '1 week'}, {'missing_skill': 'Adobe Acrobat', 'recommended_course': 'Adobe Acrobat Professional', 'type': 'Software', 'duration': '2 weeks'}, {'missing_skill': 'Adobe Acrobat Reader', 'recommended_course': 'Adobe Creative Suite Mastery', 'type': 'Software', 'duration': '6 weeks'}, {'missing_skill': 'Adobe ActionScript', 'recommended_course': 'Adobe ActionScript Programming', 'type': 'Software', 'duration': '4 weeks'}]"
338,Marketing,175,Cybersecurity Fundamentals,4 weeks,Technical,"[{'missing_skill': '2AB iLock Security Services', 'recommended_course': 'Cybersecurity Fundamentals', 'type': 'Technical', 'duration': '4 weeks'}, {'missing_skill': '911 system information databases', 'recommended_course': 'Database Reporting & BI Tools', 'type': 'Technical', 'duration': '3 weeks'}, {'missing_skill': 'Access management software', 'recommended_course': 'Access Management Systems', 'type': 'Software', 'duration': '2 weeks'}, {'missing_skill': 'Active Learning', 'recommended_course': 'Active Learning Techniques', 'type': 'Soft Skill', 'duration': '2 weeks'}, {'missing_skill': 'Active Listening', 'recommended_course': 'Active Listening Workshop', 'type': 'Soft Skill', 'duration': '1 week'}, {'missing_skill': 'Adobe Acrobat', 'recommended_course': 'Adobe Acrobat Professional', 'type': 'Software', 'duration': '2 weeks'}, {'missing_skill': 'Adobe Acrobat Reader', 'recommended_course': 'Adobe Creative Suite Mastery', 'type': 'Software', 'duration': '6 weeks'}, {'missing_skill': 'Adobe ActionScript', 'recommended_course': 'Adobe ActionScript Programming', 'type': 'Software', 'duration': '4 weeks'}]"
339,Marketing,175,Cybersecurity Fundamentals,4 weeks,Technical,"[{'missing_skill': '2AB iLock Security Services', 'recommended_course': 'Cybersecurity Fundamentals', 'type': 'Technical', 'duration': '4 weeks'}, {'missing_skill': '911 system information databases', 'recommended_course': 'Database Reporting & BI Tools', 'type': 'Technical', 'duration': '3 weeks'}, {'missing_skill': 'Access management software', 'recommended_course': 'Access Management Systems', 'type': 'Software', 'duration': '2 weeks'}, {'missing_skill': 'Active Learning', 'recommended_course': 'Active Learning Techniques', 'type': 'Soft Skill', 'duration': '2 weeks'}, {'missing_skill': 'Active Listening', 'recommended_course': 'Active Listening Workshop', 'type': 'Soft Skill', 'duration': '1 week'}, {'missing_skill': 'Adobe Acrobat', 'recommended_course': 'Adobe Acrobat Professional', 'type': 'Software', 'duration': '2 weeks'}, {'missing_skill': 'Adobe Acrobat Reader', 'recommended_course': 'Adobe Creative Suite Mastery', 'type': 'Software', 'duration': '6 weeks'}, {'missing_skill': 'Adobe ActionScript', 'recommended_course': 'Adobe ActionScript Programming', 'type': 'Software', 'duration': '4 weeks'}]"
340,Marketing,176,Cybersecurity Fundamentals,4 weeks,Technical,"[{'missing_skill': '2AB iLock Security Services', 'recommended_course': 'Cybersecurity Fundamentals', 'type': 'Technical', 'duration': '4 weeks'}, {'missing_skill': '911 system information databases', 'recommended_course': 'Database Reporting & BI Tools', 'type': 'Technical', 'duration': '3 weeks'}, {'missing_skill': 'Access management software', 'recommended_course': 'Access Management Systems', 'type': 'Software', 'duration': '2 weeks'}, {'missing_skill': 'Active Learning', 'recommended_course': 'Active Learning Techniques', 'type': 'Soft Skill', 'duration': '2 weeks'}, {'missing_skill': 'Active Listening', 'recommended_course': 'Active Listening Workshop', 'type': 'Soft Skill', 'duration': '1 week'}, {'missing_skill': 'Adobe Acrobat', 'recommended_course': 'Adobe Acrobat Professional', 'type': 'Software', 'duration': '2 weeks'}, {'missing_skill': 'Adobe Acrobat Reader', 'recommended_course': 'Adobe Creative Suite Mastery', 'type': 'Software', 'duration': '6 weeks'}, {'missing_skill': 'Adobe ActionScript', 'recommended_course': 'Adobe ActionScript Programming', 'type': 'Software', 'duration': '4 weeks'}]"
341,Finance,1432,Business Analytics Tools,3 weeks,Software,"[{'missing_skill': 'ACL Analytics', 'recommended_course': 'Business Analytics Tools', 'type': 'Software', 'duration': '3 weeks'}]"
342,IT,2495,3D Graphics Fundamentals,6 weeks,Technical,"[{'missing_skill': '3D graphics software', 'recommended_course': '3D Graphics Fundamentals', 'type': 'Technical', 'duration': '6 weeks'}]"
343,HR,397,ERP Implementation & Management,6 weeks,Software,"[{'missing_skill': 'ADP Enterprise HR', 'recommended_course': 'ERP Implementation & Management', 'type': 'Software', 'duration': '6 weeks'}, {'missing_skill': 'AJAX', 'recommended_course': 'AJAX & Asynchronous Web Development', 'type': 'Technical', 'duration': '3 weeks'}, {'missing_skill': 'Active Listening', 'recommended_course': 'Active Listening Workshop', 'type': 'Soft Skill', 'duration': '1 week'}, {'missing_skill': 'Adobe Acrobat', 'recommended_course': 'Adobe Acrobat Professional', 'type': 'Software', 'duration': '2 weeks'}, {'missing_skill': 'Adobe ActionScript', 'recommended_course': 'Adobe ActionScript Programming', 'type': 'Software', 'duration': '4 weeks'}, {'missing_skill': 'Adobe After Effects', 'recommended_course': 'Adobe After Effects Motion Graphics', 'type': 'Software', 'duration': '4 weeks'}]"
344,Finance,1435,Business Analytics Tools,3 weeks,Software,"[{'missing_skill': 'ACL Analytics', 'recommended_course': 'Business Analytics Tools', 'type': 'Software', 'duration': '3 weeks'}]"
345,Finance,1432,Business Analytics Tools,3 weeks,Software,"[{'missing_skill': 'ACL Analytics', 'recommended_course': 'Business Analytics Tools', 'type': 'Software', 'duration': '3 weeks'}]"
346,HR,396,ERP Implementation & Management,6 weeks,Software,"[{'missing_skill': 'ADP Enterprise HR', 'recommended_course': 'ERP Implementation & Management', 'type': 'Software', 'duration': '6 weeks'}, {'missing_skill': 'AJAX', 'recommended_course': 'AJAX & Asynchronous Web Development', 'type': 'Technical', 'duration': '3 weeks'}, {'missing_skill': 'Active Listening', 'recommended_course': 'Active Listening Workshop', 'type': 'Soft Skill', 'duration': '1 week'}, {'missing_skill': 'Adobe Acrobat', 'recommended_course': 'Adobe Acrobat Professional', 'type': 'Software', 'duration': '2 weeks'}, {'missing_skill': 'Adobe ActionScript', 'recommended_course': 'Adobe ActionScript Programming', 'type': 'Software', 'duration': '4 weeks'}, {'missing_skill': 'Adobe After Effects', 'recommended_course': 'Adobe After Effects Motion Graphics', 'type': 'Software', 'duration': '4 weeks'}]"
347,HR,396,ERP Implementation & Management,6 weeks,Software,"[{'missing_skill': 'ADP Enterprise HR', 'recommended_course': 'ERP Implementation & Management', 'type': 'Software', 'duration': '6 weeks'}, {'missing_skill': 'AJAX', 'recommended_course': 'AJAX & Asynchronous Web Development', 'type': 'Technical', 'duration': '3 weeks'}, {'missing_skill': 'Active Listening', 'recommended_course': 'Active Listening Workshop', 'type': 'Soft Skill', 'duration': '1 week'}, {'missing_skill': 'Adobe Acrobat', 'recommended_course': 'Adobe Acrobat Professional', 'type': 'Software', 'duration': '2 weeks'}, {'missing_skill': 'Adobe ActionScript', 'recommended_course': 'Adobe ActionScript Programming', 'type': 'Software', 'duration': '4 weeks'}, {'missing_skill': 'Adobe After Effects', 'recommended_course': 'Adobe After Effects Motion Graphics', 'type': 'Software', 'duration': '4 weeks'}]"
348,IT,2491,3D Graphics Fundamentals,6 weeks,Technical,"[{'missing_skill': '3D graphics software', 'recommended_course': '3D Graphics Fundamentals', 'type': 'Technical', 'duration': '6 weeks'}]"
349,Sales,670,Accounting Software Proficiency,3 weeks,Software,"[{'missing_skill': 'ADP Drive DMS for Accounting', 'recommended_course': 'Accounting Software Proficiency', 'type': 'Software', 'duration': '3 weeks'}, {'missing_skill': 'AJAX', 'recommended_course': 'AJAX & Asynchronous Web Development', 'type': 'Technical', 'duration': '3 weeks'}, {'missing_skill': 'AMS Services AMS Sagitta', 'recommended_course': 'Git Version Control', 'type': 'Technical', 'duration': '1 week'}]"
350,Marketing,175,Cybersecurity Fundamentals,4 weeks,Technical,"[{'missing_skill': '2AB iLock Security Services', 'recommended_course': 'Cybersecurity Fundamentals', 'type': 'Technical', 'duration': '4 weeks'}, {'missing_skill': '911 system information databases', 'recommended_course': 'Database Reporting & BI Tools', 'type': 'Technical', 'duration': '3 weeks'}, {'missing_skill': 'Access management software', 'recommended_course': 'Access Management Systems', 'type': 'Software', 'duration': '2 weeks'}, {'missing_skill': 'Active Learning', 'recommended_course': 'Active Learning Techniques', 'type': 'Soft Skill', 'duration': '2 weeks'}, {'missing_skill': 'Active Listening', 'recommended_course': 'Active Listening Workshop', 'type': 'Soft Skill', 'duration': '1 week'}, {'missing_skill': 'Adobe Acrobat', 'recommended_course': 'Adobe Acrobat Professional', 'type': 'Software', 'duration': '2 weeks'}, {'missing_skill': 'Adobe Acrobat Reader', 'recommended_course': 'Adobe Creative Suite Mastery', 'type': 'Software', 'duration': '6 weeks'}, {'missing_skill': 'Adobe ActionScript', 'recommended_course': 'Adobe ActionScript Programming', 'type': 'Software', 'duration': '4 weeks'}]"
351,HR,396,ERP Implementation & Management,6 weeks,Software,"[{'missing_skill': 'ADP Enterprise HR', 'recommended_course': 'ERP Implementation & Management', 'type': 'Software', 'duration': '6 weeks'}, {'missing_skill': 'AJAX', 'recommended_course': 'AJAX & Asynchronous Web Development', 'type': 'Technical', 'duration': '3 weeks'}, {'missing_skill': 'Active Listening', 'recommended_course': 'Active Listening Workshop', 'type': 'Soft Skill', 'duration': '1 week'}, {'missing_skill': 'Adobe Acrobat', 'recommended_course': 'Adobe Acrobat Professional', 'type': 'Software', 'duration': '2 weeks'}, {'missing_skill': 'Adobe ActionScript', 'recommended_course': 'Adobe ActionScript Programming', 'type': 'Software', 'duration': '4 weeks'}, {'missing_skill': 'Adobe After Effects', 'recommended_course': 'Adobe After Effects Motion Graphics', 'type': 'Software', 'duration': '4 weeks'}]"
352,Support,401,ERP Implementation & Management,6 weeks,Software,"[{'missing_skill': 'ADP Enterprise HR', 'recommended_course': 'ERP Implementation & Management', 'type': 'Software', 'duration': '6 weeks'}, {'missing_skill': 'API Healthcare ActiveStaffer', 'recommended_course': 'RESTful API Design', 'type': 'Technical', 'duration': '2 weeks'}, {'missing_skill': 'Active Learning', 'recommended_course': 'Active Learning Techniques', 'type': 'Soft Skill', 'duration': '2 weeks'}, {'missing_skill': 'Active Listening', 'recommended_course': 'Active Listening Workshop', 'type': 'Soft Skill', 'duration': '1 week'}]"
353,IT,2493,3D Graphics Fundamentals,6 weeks,Technical,"[{'missing_skill': '3D graphics software', 'recommended_course': '3D Graphics Fundamentals', 'type': 'Technical', 'duration': '6 weeks'}]"
354,Support,400,ERP Implementation & Management,6 weeks,Software,"[{'missing_skill': 'ADP Enterprise HR', 'recommended_course': 'ERP Implementation & Management', 'type': 'Software', 'duration': '6 weeks'}, {'missing_skill': 'API Healthcare ActiveStaffer', 'recommended_course': 'RESTful API Design', 'type': 'Technical', 'duration': '2 weeks'}, {'missing_skill': 'Active Learning', 'recommended_course': 'Active Learning Techniques', 'type': 'Soft Skill', 'duration': '2 weeks'}, {'missing_skill': 'Active Listening', 'recommended_course': 'Active Listening Workshop', 'type': 'Soft Skill', 'duration': '1 week'}]"
355,Sales,669,Accounting Software Proficiency,3 weeks,Software,"[{'missing_skill': 'ADP Drive DMS for Accounting', 'recommended_course': 'Accounting Software Proficiency', 'type': 'Software', 'duration': '3 weeks'}, {'missing_skill': 'AJAX', 'recommended_course': 'AJAX & Asynchronous Web Development', 'type': 'Technical', 'duration': '3 weeks'}, {'missing_skill': 'AMS Services AMS Sagitta', 'recommended_course': 'Git Version Control', 'type': 'Technical', 'duration': '1 week'}]"
356,IT,2492,3D Graphics Fundamentals,6 weeks,Technical,"[{'missing_skill': '3D graphics software', 'recommended_course': '3D Graphics Fundamentals', 'type': 'Technical', 'duration': '6 weeks'}]"
357,HR,396,ERP Implementation & Management,6 weeks,Software,"[{'missing_skill': 'ADP Enterprise HR', 'recommended_course': 'ERP Implementation & Management', 'type': 'Software', 'duration': '6 weeks'}, {'missing_skill': 'AJAX', 'recommended_course': 'AJAX & Asynchronous Web Development', 'type': 'Technical', 'duration': '3 weeks'}, {'missing_skill': 'Active Listening', 'recommended_course': 'Active Listening Workshop', 'type': 'Soft Skill', 'duration': '1 week'}, {'missing_skill': 'Adobe Acrobat', 'recommended_course': 'Adobe Acrobat Professional', 'type': 'Software', 'duration': '2 weeks'}, {'missing_skill': 'Adobe ActionScript', 'recommended_course': 'Adobe ActionScript Programming', 'type': 'Software', 'duration': '4 weeks'}, {'missing_skill': 'Adobe After Effects', 'recommended_course': 'Adobe After Effects Motion Graphics', 'type': 'Software', 'duration': '4 weeks'}]"
358,IT,2493,3D Graphics Fundamentals,6 weeks,Technical,"[{'missing_skill': '3D graphics software', 'recommended_course': '3D Graphics Fundamentals', 'type': 'Technical', 'duration': '6 weeks'}]"
359,HR,397,ERP Implementation & Management,6 weeks,Software,"[{'missing_skill': 'ADP Enterprise HR', 'recommended_course': 'ERP Implementation & Management', 'type': 'Software', 'duration': '6 weeks'}, {'missing_skill': 'AJAX', 'recommended_course': 'AJAX & Asynchronous Web Development', 'type': 'Technical', 'duration': '3 weeks'}, {'missing_skill': 'Active Listening', 'recommended_course': 'Active Listening Workshop', 'type': 'Soft Skill', 'duration': '1 week'}, {'missing_skill': 'Adobe Acrobat', 'recommended_course': 'Adobe Acrobat Professional', 'type': 'Software', 'duration': '2 weeks'}, {'missing_skill': 'Adobe ActionScript', 'recommended_course': 'Adobe ActionScript Programming', 'type': 'Software', 'duration': '4 weeks'}, {'missing_skill': 'Adobe After Effects', 'recommended_course': 'Adobe After Effects Motion Graphics', 'type': 'Software', 'duration': '4 weeks'}]"
360,HR,396,ERP Implementation & Management,6 weeks,Software,"[{'missing_skill': 'ADP Enterprise HR', 'recommended_course': 'ERP Implementation & Management', 'type': 'Software', 'duration': '6 weeks'}, {'missing_skill': 'AJAX', 'recommended_course': 'AJAX & Asynchronous Web Development', 'type': 'Technical', 'duration': '3 weeks'}, {'missing_skill': 'Active Listening', 'recommended_course': 'Active Listening Workshop', 'type': 'Soft Skill', 'duration': '1 week'}, {'missing_skill': 'Adobe Acrobat', 'recommended_course': 'Adobe Acrobat Professional', 'type': 'Software', 'duration': '2 weeks'}, {'missing_skill': 'Adobe ActionScript', 'recommended_course': 'Adobe ActionScript Programming', 'type': 'Software', 'duration': '4 weeks'}, {'missing_skill': 'Adobe After Effects', 'recommended_course': 'Adobe After Effects Motion Graphics', 'type': 'Software', 'duration': '4 weeks'}]"
361,Marketing,174,Cybersecurity Fundamentals,4 weeks,Technical,"[{'missing_skill': '2AB iLock Security Services', 'recommended_course': 'Cybersecurity Fundamentals', 'type': 'Technical', 'duration': '4 weeks'}, {'missing_skill': '911 system information databases', 'recommended_course': 'Database Reporting & BI Tools', 'type': 'Technical', 'duration': '3 weeks'}, {'missing_skill': 'Access management software', 'recommended_course': 'Access Management Systems', 'type': 'Software', 'duration': '2 weeks'}, {'missing_skill': 'Active Learning', 'recommended_course': 'Active Learning Techniques', 'type': 'Soft Skill', 'duration': '2 weeks'}, {'missing_skill': 'Active Listening', 'recommended_course': 'Active Listening Workshop', 'type': 'Soft Skill', 'duration': '1 week'}, {'missing_skill': 'Adobe Acrobat', 'recommended_course': 'Adobe Acrobat Professional', 'type': 'Software', 'duration': '2 weeks'}, {'missing_skill': 'Adobe Acrobat Reader', 'recommended_course': 'Adobe Creative Suite Mastery', 'type': 'Software', 'duration': '6 weeks'}, {'missing_skill': 'Adobe ActionScript', 'recommended_course': 'Adobe ActionScript Programming', 'type': 'Software', 'duration': '4 weeks'}]"
362,Support,400,ERP Implementation & Management,6 weeks,Software,"[{'missing_skill': 'ADP Enterprise HR', 'recommended_course': 'ERP Implementation & Management', 'type': 'Software', 'duration': '6 weeks'}, {'missing_skill': 'API Healthcare ActiveStaffer', 'recommended_course': 'RESTful API Design', 'type': 'Technical', 'duration': '2 weeks'}, {'missing_skill': 'Active Learning', 'recommended_course': 'Active Learning Techniques', 'type': 'Soft Skill', 'duration': '2 weeks'}, {'missing_skill': 'Active Listening', 'recommended_course': 'Active Listening Workshop', 'type': 'Soft Skill', 'duration': '1 week'}]"
363,Support,400,ERP Implementation & Management,6 weeks,Software,"[{'missing_skill': 'ADP Enterprise HR', 'recommended_course': 'ERP Implementation & Management', 'type': 'Software', 'duration': '6 weeks'}, {'missing_skill': 'API Healthcare ActiveStaffer', 'recommended_course': 'RESTful API Design', 'type': 'Technical', 'duration': '2 weeks'}, {'missing_skill': 'Active Learning', 'recommended_course': 'Active Learning Techniques', 'type': 'Soft Skill', 'duration': '2 weeks'}, {'missing_skill': 'Active Listening', 'recommended_course': 'Active Listening Workshop', 'type': 'Soft Skill', 'duration': '1 week'}]"
364,IT,2491,3D Graphics Fundamentals,6 weeks,Technical,"[{'missing_skill': '3D graphics software', 'recommended_course': '3D Graphics Fundamentals', 'type': 'Technical', 'duration': '6 weeks'}]"
365,Sales,670,Accounting Software Proficiency,3 weeks,Software,"[{'missing_skill': 'ADP Drive DMS for Accounting', 'recommended_course': 'Accounting Software Proficiency', 'type': 'Software', 'duration': '3 weeks'}, {'missing_skill': 'AJAX', 'recommended_course': 'AJAX & Asynchronous Web Development', 'type': 'Technical', 'duration': '3 weeks'}, {'missing_skill': 'AMS Services AMS Sagitta', 'recommended_course': 'Git Version Control', 'type': 'Technical', 'duration': '1 week'}]"
366,Support,399,ERP Implementation & Management,6 weeks,Software,"[{'missing_skill': 'ADP Enterprise HR', 'recommended_course': 'ERP Implementation & Management', 'type': 'Software', 'duration': '6 weeks'}, {'missing_skill': 'API Healthcare ActiveStaffer', 'recommended_course': 'RESTful API Design', 'type': 'Technical', 'duration': '2 weeks'}, {'missing_skill': 'Active Learning', 'recommended_course': 'Active Learning Techniques', 'type': 'Soft Skill', 'duration': '2 weeks'}, {'missing_skill': 'Active Listening', 'recommended_course': 'Active Listening Workshop', 'type': 'Soft Skill', 'duration': '1 week'}]"
367,Finance,1433,Business Analytics Tools,3 weeks,Software,"[{'missing_skill': 'ACL Analytics', 'recommended_course': 'Business Analytics Tools', 'type': 'Software', 'duration': '3 weeks'}]"
368,IT,2491,3D Graphics Fundamentals,6 weeks,Technical,"[{'missing_skill': '3D graphics software', 'recommended_course': '3D Graphics Fundamentals', 'type': 'Technical', 'duration': '6 weeks'}]"
369,Sales,669,Accounting Software Proficiency,3 weeks,Software,"[{'missing_skill': 'ADP Drive DMS for Accounting', 'recommended_course': 'Accounting Software Proficiency', 'type': 'Software', 'duration': '3 weeks'}, {'missing_skill': 'AJAX', 'recommended_course': 'AJAX & Asynchronous Web Development', 'type': 'Technical', 'duration': '3 weeks'}, {'missing_skill': 'AMS Services AMS Sagitta', 'recommended_course': 'Git Version Control', 'type': 'Technical', 'duration': '1 week'}]"
370,HR,396,ERP Implementation & Management,6 weeks,Software,"[{'missing_skill': 'ADP Enterprise HR', 'recommended_course': 'ERP Implementation & Management', 'type': 'Software', 'duration': '6 weeks'}, {'missing_skill': 'AJAX', 'recommended_course': 'AJAX & Asynchronous Web Development', 'type': 'Technical', 'duration': '3 weeks'}, {'missing_skill': 'Active Listening', 'recommended_course': 'Active Listening Workshop', 'type': 'Soft Skill', 'duration': '1 week'}, {'missing_skill': 'Adobe Acrobat', 'recommended_course': 'Adobe Acrobat Professional', 'type': 'Software', 'duration': '2 weeks'}, {'missing_skill': 'Adobe ActionScript', 'recommended_course': 'Adobe ActionScript Programming', 'type': 'Software', 'duration': '4 weeks'}, {'missing_skill': 'Adobe After Effects', 'recommended_course': 'Adobe After Effects Motion Graphics', 'type': 'Software', 'duration': '4 weeks'}]"
371,Finance,1432,Business Analytics Tools,3 weeks,Software,"[{'missing_skill': 'ACL Analytics', 'recommended_course': 'Business Analytics Tools', 'type': 'Software', 'duration': '3 weeks'}]"
372,IT,2493,3D Graphics Fundamentals,6 weeks,Technical,"[{'missing_skill': '3D graphics software', 'recommended_course': '3D Graphics Fundamentals', 'type': 'Technical', 'duration': '6 weeks'}]"
373,Finance,1433,Business Analytics Tools,3 weeks,Software,"[{'missing_skill': 'ACL Analytics', 'recommended_course': 'Business Analytics Tools', 'type': 'Software', 'duration': '3 weeks'}]"
374,Finance,1434,Business Analytics Tools,3 weeks,Software,"[{'missing_skill': 'ACL Analytics', 'recommended_course': 'Business Analytics Tools', 'type': 'Software', 'duration': '3 weeks'}]"
375,Marketing,175,Cybersecurity Fundamentals,4 weeks,Technical,"[{'missing_skill': '2AB iLock Security Services', 'recommended_course': 'Cybersecurity Fundamentals', 'type': 'Technical', 'duration': '4 weeks'}, {'missing_skill': '911 system information databases', 'recommended_course': 'Database Reporting & BI Tools', 'type': 'Technical', 'duration': '3 weeks'}, {'missing_skill': 'Access management software', 'recommended_course': 'Access Management Systems', 'type': 'Software', 'duration': '2 weeks'}, {'missing_skill': 'Active Learning', 'recommended_course': 'Active Learning Techniques', 'type': 'Soft Skill', 'duration': '2 weeks'}, {'missing_skill': 'Active Listening', 'recommended_course': 'Active Listening Workshop', 'type': 'Soft Skill', 'duration': '1 week'}, {'missing_skill': 'Adobe Acrobat', 'recommended_course': 'Adobe Acrobat Professional', 'type': 'Software', 'duration': '2 weeks'}, {'missing_skill': 'Adobe Acrobat Reader', 'recommended_course': 'Adobe Creative Suite Mastery', 'type': 'Software', 'duration': '6 weeks'}, {'missing_skill': 'Adobe ActionScript', 'recommended_course': 'Adobe ActionScript Programming', 'type': 'Software', 'duration': '4 weeks'}]"
376,IT,2494,3D Graphics Fundamentals,6 weeks,Technical,"[{'missing_skill': '3D graphics software', 'recommended_course': '3D Graphics Fundamentals', 'type': 'Technical', 'duration': '6 weeks'}]"
377,Sales,669,Accounting Software Proficiency,3 weeks,Software,"[{'missing_skill': 'ADP Drive DMS for Accounting', 'recommended_course': 'Accounting Software Proficiency', 'type': 'Software', 'duration': '3 weeks'}, {'missing_skill': 'AJAX', 'recommended_course': 'AJAX & Asynchronous Web Development', 'type': 'Technical', 'duration': '3 weeks'}, {'missing_skill': 'AMS Services AMS Sagitta', 'recommended_course': 'Git Version Control', 'type': 'Technical', 'duration': '1 week'}]"
378,Sales,670,Accounting Software Proficiency,3 weeks,Software,"[{'missing_skill': 'ADP Drive DMS for Accounting', 'recommended_course': 'Accounting Software Proficiency', 'type': 'Software', 'duration': '3 weeks'}, {'missing_skill': 'AJAX', 'recommended_course': 'AJAX & Asynchronous Web Development', 'type': 'Technical', 'duration': '3 weeks'}, {'missing_skill': 'AMS Services AMS Sagitta', 'recommended_course': 'Git Version Control', 'type': 'Technical', 'duration': '1 week'}]"
379,Support,401,ERP Implementation & Management,6 weeks,Software,"[{'missing_skill': 'ADP Enterprise HR', 'recommended_course': 'ERP Implementation & Management', 'type': 'Software', 'duration': '6 weeks'}, {'missing_skill': 'API Healthcare ActiveStaffer', 'recommended_course': 'RESTful API Design', 'type': 'Technical', 'duration': '2 weeks'}, {'missing_skill': 'Active Learning', 'recommended_course': 'Active Learning Techniques', 'type': 'Soft Skill', 'duration': '2 weeks'}, {'missing_skill': 'Active Listening', 'recommended_course': 'Active Listening Workshop', 'type': 'Soft Skill', 'duration': '1 week'}]"
380,Marketing,175,Cybersecurity Fundamentals,4 weeks,Technical,"[{'missing_skill': '2AB iLock Security Services', 'recommended_course': 'Cybersecurity Fundamentals', 'type': 'Technical', 'duration': '4 weeks'}, {'missing_skill': '911 system information databases', 'recommended_course': 'Database Reporting & BI Tools', 'type': 'Technical', 'duration': '3 weeks'}, {'missing_skill': 'Access management software', 'recommended_course': 'Access Management Systems', 'type': 'Software', 'duration': '2 weeks'}, {'missing_skill': 'Active Learning', 'recommended_course': 'Active Learning Techniques', 'type': 'Soft Skill', 'duration': '2 weeks'}, {'missing_skill': 'Active Listening', 'recommended_course': 'Active Listening Workshop', 'type': 'Soft Skill', 'duration': '1 week'}, {'missing_skill': 'Adobe Acrobat', 'recommended_course': 'Adobe Acrobat Professional', 'type': 'Software', 'duration': '2 weeks'}, {'missing_skill': 'Adobe Acrobat Reader', 'recommended_course': 'Adobe Creative Suite Mastery', 'type': 'Software', 'duration': '6 weeks'}, {'missing_skill': 'Adobe ActionScript', 'recommended_course': 'Adobe ActionScript Programming', 'type': 'Software', 'duration': '4 weeks'}]"
381,IT,2492,3D Graphics Fundamentals,6 weeks,Technical,"[{'missing_skill': '3D graphics software', 'recommended_course': '3D Graphics Fundamentals', 'type': 'Technical', 'duration': '6 weeks'}]"
382,Support,399,ERP Implementation & Management,6 weeks,Software,"[{'missing_skill': 'ADP Enterprise HR', 'recommended_course': 'ERP Implementation & Management', 'type': 'Software', 'duration': '6 weeks'}, {'missing_skill': 'API Healthcare ActiveStaffer', 'recommended_course': 'RESTful API Design', 'type': 'Technical', 'duration': '2 weeks'}, {'missing_skill': 'Active Learning', 'recommended_course': 'Active Learning Techniques', 'type': 'Soft Skill', 'duration': '2 weeks'}, {'missing_skill': 'Active Listening', 'recommended_course': 'Active Listening Workshop', 'type': 'Soft Skill', 'duration': '1 week'}]"
383,IT,2493,3D Graphics Fundamentals,6 weeks,Technical,"[{'missing_skill': '3D graphics software', 'recommended_course': '3D Graphics Fundamentals', 'type': 'Technical', 'duration': '6 weeks'}]"
384,Sales,670,Accounting Software Proficiency,3 weeks,Software,"[{'missing_skill': 'ADP Drive DMS for Accounting', 'recommended_course': 'Accounting Software Proficiency', 'type': 'Software', 'duration': '3 weeks'}, {'missing_skill': 'AJAX', 'recommended_course': 'AJAX & Asynchronous Web Development', 'type': 'Technical', 'duration': '3 weeks'}, {'missing_skill': 'AMS Services AMS Sagitta', 'recommended_course': 'Git Version Control', 'type': 'Technical', 'duration': '1 week'}]"
385,HR,397,ERP Implementation & Management,6 weeks,Software,"[{'missing_skill': 'ADP Enterprise HR', 'recommended_course': 'ERP Implementation & Management', 'type': 'Software', 'duration': '6 weeks'}, {'missing_skill': 'AJAX', 'recommended_course': 'AJAX & Asynchronous Web Development', 'type': 'Technical', 'duration': '3 weeks'}, {'missing_skill': 'Active Listening', 'recommended_course': 'Active Listening Workshop', 'type': 'Soft Skill', 'duration': '1 week'}, {'missing_skill': 'Adobe Acrobat', 'recommended_course': 'Adobe Acrobat Professional', 'type': 'Software', 'duration': '2 weeks'}, {'missing_skill': 'Adobe ActionScript', 'recommended_course': 'Adobe ActionScript Programming', 'type': 'Software', 'duration': '4 weeks'}, {'missing_skill': 'Adobe After Effects', 'recommended_course': 'Adobe After Effects Motion Graphics', 'type': 'Software', 'duration': '4 weeks'}]"
386,Sales,671,Accounting Software Proficiency,3 weeks,Software,"[{'missing_skill': 'ADP Drive DMS for Accounting', 'recommended_course': 'Accounting Software Proficiency', 'type': 'Software', 'duration': '3 weeks'}, {'missing_skill': 'AJAX', 'recommended_course': 'AJAX & Asynchronous Web Development', 'type': 'Technical', 'duration': '3 weeks'}, {'missing_skill': 'AMS Services AMS Sagitta', 'recommended_course': 'Git Version Control', 'type': 'Technical', 'duration': '1 week'}]"
387,Sales,671,Accounting Software Proficiency,3 weeks,Software,"[{'missing_skill': 'ADP Drive DMS for Accounting', 'recommended_course': 'Accounting Software Proficiency', 'type': 'Software', 'duration': '3 weeks'}, {'missing_skill': 'AJAX', 'recommended_course': 'AJAX & Asynchronous Web Development', 'type': 'Technical', 'duration': '3 weeks'}, {'missing_skill': 'AMS Services AMS Sagitta', 'recommended_course': 'Git Version Control', 'type': 'Technical', 'duration': '1 week'}]"
388,Marketing,175,Cybersecurity Fundamentals,4 weeks,Technical,"[{'missing_skill': '2AB iLock Security Services', 'recommended_course': 'Cybersecurity Fundamentals', 'type': 'Technical', 'duration': '4 weeks'}, {'missing_skill': '911 system information databases', 'recommended_course': 'Database Reporting & BI Tools', 'type': 'Technical', 'duration': '3 weeks'}, {'missing_skill': 'Access management software', 'recommended_course': 'Access Management Systems', 'type': 'Software', 'duration': '2 weeks'}, {'missing_skill': 'Active Learning', 'recommended_course': 'Active Learning Techniques', 'type': 'Soft Skill', 'duration': '2 weeks'}, {'missing_skill': 'Active Listening', 'recommended_course': 'Active Listening Workshop', 'type': 'Soft Skill', 'duration': '1 week'}, {'missing_skill': 'Adobe Acrobat', 'recommended_course': 'Adobe Acrobat Professional', 'type': 'Software', 'duration': '2 weeks'}, {'missing_skill': 'Adobe Acrobat Reader', 'recommended_course': 'Adobe Creative Suite Mastery', 'type': 'Software', 'duration': '6 weeks'}, {'missing_skill': 'Adobe ActionScript', 'recommended_course': 'Adobe ActionScript Programming', 'type': 'Software', 'duration': '4 weeks'}]"
389,Support,400,ERP Implementation & Management,6 weeks,Software,"[{'missing_skill': 'ADP Enterprise HR', 'recommended_course': 'ERP Implementation & Management', 'type': 'Software', 'duration': '6 weeks'}, {'missing_skill': 'API Healthcare ActiveStaffer', 'recommended_course': 'RESTful API Design', 'type': 'Technical', 'duration': '2 weeks'}, {'missing_skill': 'Active Learning', 'recommended_course': 'Active Learning Techniques', 'type': 'Soft Skill', 'duration': '2 weeks'}, {'missing_skill': 'Active Listening', 'recommended_course': 'Active Listening Workshop', 'type': 'Soft Skill', 'duration': '1 week'}]"
390,Sales,669,Accounting Software Proficiency,3 weeks,Software,"[{'missing_skill': 'ADP Drive DMS for Accounting', 'recommended_course': 'Accounting Software Proficiency', 'type': 'Software', 'duration': '3 weeks'}, {'missing_skill': 'AJAX', 'recommended_course': 'AJAX & Asynchronous Web Development', 'type': 'Technical', 'duration': '3 weeks'}, {'missing_skill': 'AMS Services AMS Sagitta', 'recommended_course': 'Git Version Control', 'type': 'Technical', 'duration': '1 week'}]"
391,Marketing,175,Cybersecurity Fundamentals,4 weeks,Technical,"[{'missing_skill': '2AB iLock Security Services', 'recommended_course': 'Cybersecurity Fundamentals', 'type': 'Technical', 'duration': '4 weeks'}, {'missing_skill': '911 system information databases', 'recommended_course': 'Database Reporting & BI Tools', 'type': 'Technical', 'duration': '3 weeks'}, {'missing_skill': 'Access management software', 'recommended_course': 'Access Management Systems', 'type': 'Software', 'duration': '2 weeks'}, {'missing_skill': 'Active Learning', 'recommended_course': 'Active Learning Techniques', 'type': 'Soft Skill', 'duration': '2 weeks'}, {'missing_skill': 'Active Listening', 'recommended_course': 'Active Listening Workshop', 'type': 'Soft Skill', 'duration': '1 week'}, {'missing_skill': 'Adobe Acrobat', 'recommended_course': 'Adobe Acrobat Professional', 'type': 'Software', 'duration': '2 weeks'}, {'missing_skill': 'Adobe Acrobat Reader', 'recommended_course': 'Adobe Creative Suite Mastery', 'type': 'Software', 'duration': '6 weeks'}, {'missing_skill': 'Adobe ActionScript', 'recommended_course': 'Adobe ActionScript Programming', 'type': 'Software', 'duration': '4 weeks'}]"
392,IT,2492,3D Graphics Fundamentals,6 weeks,Technical,"[{'missing_skill': '3D graphics software', 'recommended_course': '3D Graphics Fundamentals', 'type': 'Technical', 'duration': '6 weeks'}]"
393,Support,400,ERP Implementation & Management,6 weeks,Software,"[{'missing_skill': 'ADP Enterprise HR', 'recommended_course': 'ERP Implementation & Management', 'type': 'Software', 'duration': '6 weeks'}, {'missing_skill': 'API Healthcare ActiveStaffer', 'recommended_course': 'RESTful API Design', 'type': 'Technical', 'duration': '2 weeks'}, {'missing_skill': 'Active Learning', 'recommended_course': 'Active Learning Techniques', 'type': 'Soft Skill', 'duration': '2 weeks'}, {'missing_skill': 'Active Listening', 'recommended_course': 'Active Listening Workshop', 'type': 'Soft Skill', 'duration': '1 week'}]"
394,Finance,1433,Business Analytics Tools,3 weeks,Software,"[{'missing_skill': 'ACL Analytics', 'recommended_course': 'Business Analytics Tools', 'type': 'Software', 'duration': '3 weeks'}]"
395,Sales,669,Accounting Software Proficiency,3 weeks,Software,"[{'missing_skill': 'ADP Drive DMS for Accounting', 'recommended_course': 'Accounting Software Proficiency', 'type': 'Software', 'duration': '3 weeks'}, {'missing_skill': 'AJAX', 'recommended_course': 'AJAX & Asynchronous Web Development', 'type': 'Technical', 'duration': '3 weeks'}, {'missing_skill': 'AMS Services AMS Sagitta', 'recommended_course': 'Git Version Control', 'type': 'Technical', 'duration': '1 week'}]"
396,Marketing,176,Cybersecurity Fundamentals,4 weeks,Technical,"[{'missing_skill': '2AB iLock Security Services', 'recommended_course': 'Cybersecurity Fundamentals', 'type': 'Technical', 'duration': '4 weeks'}, {'missing_skill': '911 system information databases', 'recommended_course': 'Database Reporting & BI Tools', 'type': 'Technical', 'duration': '3 weeks'}, {'missing_skill': 'Access management software', 'recommended_course': 'Access Management Systems', 'type': 'Software', 'duration': '2 weeks'}, {'missing_skill': 'Active Learning', 'recommended_course': 'Active Learning Techniques', 'type': 'Soft Skill', 'duration': '2 weeks'}, {'missing_skill': 'Active Listening', 'recommended_course': 'Active Listening Workshop', 'type': 'Soft Skill', 'duration': '1 week'}, {'missing_skill': 'Adobe Acrobat', 'recommended_course': 'Adobe Acrobat Professional', 'type': 'Software', 'duration': '2 weeks'}, {'missing_skill': 'Adobe Acrobat Reader', 'recommended_course': 'Adobe Creative Suite Mastery', 'type': 'Software', 'duration': '6 weeks'}, {'missing_skill': 'Adobe ActionScript', 'recommended_course': 'Adobe ActionScript Programming', 'type': 'Software', 'duration': '4 weeks'}]"
397,IT,2494,3D Graphics Fundamentals,6 weeks,Technical,"[{'missing_skill': '3D graphics software', 'recommended_course': '3D Graphics Fundamentals', 'type': 'Technical', 'duration': '6 weeks'}]"
398,Sales,670,Accounting Software Proficiency,3 weeks,Software,"[{'missing_skill': 'ADP Drive DMS for Accounting', 'recommended_course': 'Accounting Software Proficiency', 'type': 'Software', 'duration': '3 weeks'}, {'missing_skill': 'AJAX', 'recommended_course': 'AJAX & Asynchronous Web Development', 'type': 'Technical', 'duration': '3 weeks'}, {'missing_skill': 'AMS Services AMS Sagitta', 'recommended_course': 'Git Version Control', 'type': 'Technical', 'duration': '1 week'}]"
399,Sales,670,Accounting Software Proficiency,3 weeks,Software,"[{'missing_skill': 'ADP Drive DMS for Accounting', 'recommended_course': 'Accounting Software Proficiency', 'type': 'Software', 'duration': '3 weeks'}, {'missing_skill': 'AJAX', 'recommended_course': 'AJAX & Asynchronous Web Development', 'type': 'Technical', 'duration': '3 weeks'}, {'missing_skill': 'AMS Services AMS Sagitta', 'recommended_course': 'Git Version Control', 'type': 'Technical', 'duration': '1 week'}]"
400,Finance,1434,Business Analytics Tools,3 weeks,Software,"[{'missing_skill': 'ACL Analytics', 'recommended_course': 'Business Analytics Tools', 'type': 'Software', 'duration': '3 weeks'}]"
401,IT,2493,3D Graphics Fundamentals,6 weeks,Technical,"[{'missing_skill': '3D graphics software', 'recommended_course': '3D Graphics Fundamentals', 'type': 'Technical', 'duration': '6 weeks'}]"
402,Marketing,175,Cybersecurity Fundamentals,4 weeks,Technical,"[{'missing_skill': '2AB iLock Security Services', 'recommended_course': 'Cybersecurity Fundamentals', 'type': 'Technical', 'duration': '4 weeks'}, {'missing_skill': '911 system information databases', 'recommended_course': 'Database Reporting & BI Tools', 'type': 'Technical', 'duration': '3 weeks'}, {'missing_skill': 'Access management software', 'recommended_course': 'Access Management Systems', 'type': 'Software', 'duration': '2 weeks'}, {'missing_skill': 'Active Learning', 'recommended_course': 'Active Learning Techniques', 'type': 'Soft Skill', 'duration': '2 weeks'}, {'missing_skill': 'Active Listening', 'recommended_course': 'Active Listening Workshop', 'type': 'Soft Skill', 'duration': '1 week'}, {'missing_skill': 'Adobe Acrobat', 'recommended_course': 'Adobe Acrobat Professional', 'type': 'Software', 'duration': '2 weeks'}, {'missing_skill': 'Adobe Acrobat Reader', 'recommended_course': 'Adobe Creative Suite Mastery', 'type': 'Software', 'duration': '6 weeks'}, {'missing_skill': 'Adobe ActionScript', 'recommended_course': 'Adobe ActionScript Programming', 'type': 'Software', 'duration': '4 weeks'}]"
403,Sales,669,Accounting Software Proficiency,3 weeks,Software,"[{'missing_skill': 'ADP Drive DMS for Accounting', 'recommended_course': 'Accounting Software Proficiency', 'type': 'Software', 'duration': '3 weeks'}, {'missing_skill': 'AJAX', 'recommended_course': 'AJAX & Asynchronous Web Development', 'type': 'Technical', 'duration': '3 weeks'}, {'missing_skill': 'AMS Services AMS Sagitta', 'recommended_course': 'Git Version Control', 'type': 'Technical', 'duration': '1 week'}]"
404,IT,2494,3D Graphics Fundamentals,6 weeks,Technical,"[{'missing_skill': '3D graphics software', 'recommended_course': '3D Graphics Fundamentals', 'type': 'Technical', 'duration': '6 weeks'}]"
405,IT,2493,3D Graphics Fundamentals,6 weeks,Technical,"[{'missing_skill': '3D graphics software', 'recommended_course': '3D Graphics Fundamentals', 'type': 'Technical', 'duration': '6 weeks'}]"
406,Sales,670,Accounting Software Proficiency,3 weeks,Software,"[{'missing_skill': 'ADP Drive DMS for Accounting', 'recommended_course': 'Accounting Software Proficiency', 'type': 'Software', 'duration': '3 weeks'}, {'missing_skill': 'AJAX', 'recommended_course': 'AJAX & Asynchronous Web Development', 'type': 'Technical', 'duration': '3 weeks'}, {'missing_skill': 'AMS Services AMS Sagitta', 'recommended_course': 'Git Version Control', 'type': 'Technical', 'duration': '1 week'}]"
407,IT,2494,3D Graphics Fundamentals,6 weeks,Technical,"[{'missing_skill': '3D graphics software', 'recommended_course': '3D Graphics Fundamentals', 'type': 'Technical', 'duration': '6 weeks'}]"
408,Support,400,ERP Implementation & Management,6 weeks,Software,"[{'missing_skill': 'ADP Enterprise HR', 'recommended_course': 'ERP Implementation & Management', 'type': 'Software', 'duration': '6 weeks'}, {'missing_skill': 'API Healthcare ActiveStaffer', 'recommended_course': 'RESTful API Design', 'type': 'Technical', 'duration': '2 weeks'}, {'missing_skill': 'Active Learning', 'recommended_course': 'Active Learning Techniques', 'type': 'Soft Skill', 'duration': '2 weeks'}, {'missing_skill': 'Active Listening', 'recommended_course': 'Active Listening Workshop', 'type': 'Soft Skill', 'duration': '1 week'}]"
409,HR,397,ERP Implementation & Management,6 weeks,Software,"[{'missing_skill': 'ADP Enterprise HR', 'recommended_course': 'ERP Implementation & Management', 'type': 'Software', 'duration': '6 weeks'}, {'missing_skill': 'AJAX', 'recommended_course': 'AJAX & Asynchronous Web Development', 'type': 'Technical', 'duration': '3 weeks'}, {'missing_skill': 'Active Listening', 'recommended_course': 'Active Listening Workshop', 'type': 'Soft Skill', 'duration': '1 week'}, {'missing_skill': 'Adobe Acrobat', 'recommended_course': 'Adobe Acrobat Professional', 'type': 'Software', 'duration': '2 weeks'}, {'missing_skill': 'Adobe ActionScript', 'recommended_course': 'Adobe ActionScript Programming', 'type': 'Software', 'duration': '4 weeks'}, {'missing_skill': 'Adobe After Effects', 'recommended_course': 'Adobe After Effects Motion Graphics', 'type': 'Software', 'duration': '4 weeks'}]"
410,Marketing,176,Cybersecurity Fundamentals,4 weeks,Technical,"[{'missing_skill': '2AB iLock Security Services', 'recommended_course': 'Cybersecurity Fundamentals', 'type': 'Technical', 'duration': '4 weeks'}, {'missing_skill': '911 system information databases', 'recommended_course': 'Database Reporting & BI Tools', 'type': 'Technical', 'duration': '3 weeks'}, {'missing_skill': 'Access management software', 'recommended_course': 'Access Management Systems', 'type': 'Software', 'duration': '2 weeks'}, {'missing_skill': 'Active Learning', 'recommended_course': 'Active Learning Techniques', 'type': 'Soft Skill', 'duration': '2 weeks'}, {'missing_skill': 'Active Listening', 'recommended_course': 'Active Listening Workshop', 'type': 'Soft Skill', 'duration': '1 week'}, {'missing_skill': 'Adobe Acrobat', 'recommended_course': 'Adobe Acrobat Professional', 'type': 'Software', 'duration': '2 weeks'}, {'missing_skill': 'Adobe Acrobat Reader', 'recommended_course': 'Adobe Creative Suite Mastery', 'type': 'Software', 'duration': '6 weeks'}, {'missing_skill': 'Adobe ActionScript', 'recommended_course': 'Adobe ActionScript Programming', 'type': 'Software', 'duration': '4 weeks'}]"
411,Marketing,174,Cybersecurity Fundamentals,4 weeks,Technical,"[{'missing_skill': '2AB iLock Security Services', 'recommended_course': 'Cybersecurity Fundamentals', 'type': 'Technical', 'duration': '4 weeks'}, {'missing_skill': '911 system information databases', 'recommended_course': 'Database Reporting & BI Tools', 'type': 'Technical', 'duration': '3 weeks'}, {'missing_skill': 'Access management software', 'recommended_course': 'Access Management Systems', 'type': 'Software', 'duration': '2 weeks'}, {'missing_skill': 'Active Learning', 'recommended_course': 'Active Learning Techniques', 'type': 'Soft Skill', 'duration': '2 weeks'}, {'missing_skill': 'Active Listening', 'recommended_course': 'Active Listening Workshop', 'type': 'Soft Skill', 'duration': '1 week'}, {'missing_skill': 'Adobe Acrobat', 'recommended_course': 'Adobe Acrobat Professional', 'type': 'Software', 'duration': '2 weeks'}, {'missing_skill': 'Adobe Acrobat Reader', 'recommended_course': 'Adobe Creative Suite Mastery', 'type': 'Software', 'duration': '6 weeks'}, {'missing_skill': 'Adobe ActionScript', 'recommended_course': 'Adobe ActionScript Programming', 'type': 'Software', 'duration': '4 weeks'}]"
412,Support,400,ERP Implementation & Management,6 weeks,Software,"[{'missing_skill': 'ADP Enterprise HR', 'recommended_course': 'ERP Implementation & Management', 'type': 'Software', 'duration': '6 weeks'}, {'missing_skill': 'API Healthcare ActiveStaffer', 'recommended_course': 'RESTful API Design', 'type': 'Technical', 'duration': '2 weeks'}, {'missing_skill': 'Active Learning', 'recommended_course': 'Active Learning Techniques', 'type': 'Soft Skill', 'duration': '2 weeks'}, {'missing_skill': 'Active Listening', 'recommended_course': 'Active Listening Workshop', 'type': 'Soft Skill', 'duration': '1 week'}]"
413,Finance,1434,Business Analytics Tools,3 weeks,Software,"[{'missing_skill': 'ACL Analytics', 'recommended_course': 'Business Analytics Tools', 'type': 'Software', 'duration': '3 weeks'}]"
414,Finance,1433,Business Analytics Tools,3 weeks,Software,"[{'missing_skill': 'ACL Analytics', 'recommended_course': 'Business Analytics Tools', 'type': 'Software', 'duration': '3 weeks'}]"
415,IT,2492,3D Graphics Fundamentals,6 weeks,Technical,"[{'missing_skill': '3D graphics software', 'recommended_course': '3D Graphics Fundamentals', 'type': 'Technical', 'duration': '6 weeks'}]"
416,Finance,1434,Business Analytics Tools,3 weeks,Software,"[{'missing_skill': 'ACL Analytics', 'recommended_course': 'Business Analytics Tools', 'type': 'Software', 'duration': '3 weeks'}]"
417,Finance,1433,Business Analytics Tools,3 weeks,Software,"[{'missing_skill': 'ACL Analytics', 'recommended_course': 'Business Analytics Tools', 'type': 'Software', 'duration': '3 weeks'}]"
418,Sales,670,Accounting Software Proficiency,3 weeks,Software,"[{'missing_skill': 'ADP Drive DMS for Accounting', 'recommended_course': 'Accounting Software Proficiency', 'type': 'Software', 'duration': '3 weeks'}, {'missing_skill': 'AJAX', 'recommended_course': 'AJAX & Asynchronous Web Development', 'type': 'Technical', 'duration': '3 weeks'}, {'missing_skill': 'AMS Services AMS Sagitta', 'recommended_course': 'Git Version Control', 'type': 'Technical', 'duration': '1 week'}]"
419,Marketing,174,Cybersecurity Fundamentals,4 weeks,Technical,"[{'missing_skill': '2AB iLock Security Services', 'recommended_course': 'Cybersecurity Fundamentals', 'type': 'Technical', 'duration': '4 weeks'}, {'missing_skill': '911 system information databases', 'recommended_course': 'Database Reporting & BI Tools', 'type': 'Technical', 'duration': '3 weeks'}, {'missing_skill': 'Access management software', 'recommended_course': 'Access Management Systems', 'type': 'Software', 'duration': '2 weeks'}, {'missing_skill': 'Active Learning', 'recommended_course': 'Active Learning Techniques', 'type': 'Soft Skill', 'duration': '2 weeks'}, {'missing_skill': 'Active Listening', 'recommended_course': 'Active Listening Workshop', 'type': 'Soft Skill', 'duration': '1 week'}, {'missing_skill': 'Adobe Acrobat', 'recommended_course': 'Adobe Acrobat Professional', 'type': 'Software', 'duration': '2 weeks'}, {'missing_skill': 'Adobe Acrobat Reader', 'recommended_course': 'Adobe Creative Suite Mastery', 'type': 'Software', 'duration': '6 weeks'}, {'missing_skill': 'Adobe ActionScript', 'recommended_course': 'Adobe ActionScript Programming', 'type': 'Software', 'duration': '4 weeks'}]"
420,Sales,671,Accounting Software Proficiency,3 weeks,Software,"[{'missing_skill': 'ADP Drive DMS for Accounting', 'recommended_course': 'Accounting Software Proficiency', 'type': 'Software', 'duration': '3 weeks'}, {'missing_skill': 'AJAX', 'recommended_course': 'AJAX & Asynchronous Web Development', 'type': 'Technical', 'duration': '3 weeks'}, {'missing_skill': 'AMS Services AMS Sagitta', 'recommended_course': 'Git Version Control', 'type': 'Technical', 'duration': '1 week'}]"
421,Finance,1433,Business Analytics Tools,3 weeks,Software,"[{'missing_skill': 'ACL Analytics', 'recommended_course': 'Business Analytics Tools', 'type': 'Software', 'duration': '3 weeks'}]"
422,Marketing,175,Cybersecurity Fundamentals,4 weeks,Technical,"[{'missing_skill': '2AB iLock Security Services', 'recommended_course': 'Cybersecurity Fundamentals', 'type': 'Technical', 'duration': '4 weeks'}, {'missing_skill': '911 system information databases', 'recommended_course': 'Database Reporting & BI Tools', 'type': 'Technical', 'duration': '3 weeks'}, {'missing_skill': 'Access management software', 'recommended_course': 'Access Management Systems', 'type': 'Software', 'duration': '2 weeks'}, {'missing_skill': 'Active Learning', 'recommended_course': 'Active Learning Techniques', 'type': 'Soft Skill', 'duration': '2 weeks'}, {'missing_skill': 'Active Listening', 'recommended_course': 'Active Listening Workshop', 'type': 'Soft Skill', 'duration': '1 week'}, {'missing_skill': 'Adobe Acrobat', 'recommended_course': 'Adobe Acrobat Professional', 'type': 'Software', 'duration': '2 weeks'}, {'missing_skill': 'Adobe Acrobat Reader', 'recommended_course': 'Adobe Creative Suite Mastery', 'type': 'Software', 'duration': '6 weeks'}, {'missing_skill': 'Adobe ActionScript', 'recommended_course': 'Adobe ActionScript Programming', 'type': 'Software', 'duration': '4 weeks'}]"
423,Sales,669,Accounting Software Proficiency,3 weeks,Software,"[{'missing_skill': 'ADP Drive DMS for Accounting', 'recommended_course': 'Accounting Software Proficiency', 'type': 'Software', 'duration': '3 weeks'}, {'missing_skill': 'AJAX', 'recommended_course': 'AJAX & Asynchronous Web Development', 'type': 'Technical', 'duration': '3 weeks'}, {'missing_skill': 'AMS Services AMS Sagitta', 'recommended_course': 'Git Version Control', 'type': 'Technical', 'duration': '1 week'}]"
424,Marketing,175,Cybersecurity Fundamentals,4 weeks,Technical,"[{'missing_skill': '2AB iLock Security Services', 'recommended_course': 'Cybersecurity Fundamentals', 'type': 'Technical', 'duration': '4 weeks'}, {'missing_skill': '911 system information databases', 'recommended_course': 'Database Reporting & BI Tools', 'type': 'Technical', 'duration': '3 weeks'}, {'missing_skill': 'Access management software', 'recommended_course': 'Access Management Systems', 'type': 'Software', 'duration': '2 weeks'}, {'missing_skill': 'Active Learning', 'recommended_course': 'Active Learning Techniques', 'type': 'Soft Skill', 'duration': '2 weeks'}, {'missing_skill': 'Active Listening', 'recommended_course': 'Active Listening Workshop', 'type': 'Soft Skill', 'duration': '1 week'}, {'missing_skill': 'Adobe Acrobat', 'recommended_course': 'Adobe Acrobat Professional', 'type': 'Software', 'duration': '2 weeks'}, {'missing_skill': 'Adobe Acrobat Reader', 'recommended_course': 'Adobe Creative Suite Mastery', 'type': 'Software', 'duration': '6 weeks'}, {'missing_skill': 'Adobe ActionScript', 'recommended_course': 'Adobe ActionScript Programming', 'type': 'Software', 'duration': '4 weeks'}]"
425,Marketing,174,Cybersecurity Fundamentals,4 weeks,Technical,"[{'missing_skill': '2AB iLock Security Services', 'recommended_course': 'Cybersecurity Fundamentals', 'type': 'Technical', 'duration': '4 weeks'}, {'missing_skill': '911 system information databases', 'recommended_course': 'Database Reporting & BI Tools', 'type': 'Technical', 'duration': '3 weeks'}, {'missing_skill': 'Access management software', 'recommended_course': 'Access Management Systems', 'type': 'Software', 'duration': '2 weeks'}, {'missing_skill': 'Active Learning', 'recommended_course': 'Active Learning Techniques', 'type': 'Soft Skill', 'duration': '2 weeks'}, {'missing_skill': 'Active Listening', 'recommended_course': 'Active Listening Workshop', 'type': 'Soft Skill', 'duration': '1 week'}, {'missing_skill': 'Adobe Acrobat', 'recommended_course': 'Adobe Acrobat Professional', 'type': 'Software', 'duration': '2 weeks'}, {'missing_skill': 'Adobe Acrobat Reader', 'recommended_course': 'Adobe Creative Suite Mastery', 'type': 'Software', 'duration': '6 weeks'}, {'missing_skill': 'Adobe ActionScript', 'recommended_course': 'Adobe ActionScript Programming', 'type': 'Software', 'duration': '4 weeks'}]"
426,Sales,670,Accounting Software Proficiency,3 weeks,Software,"[{'missing_skill': 'ADP Drive DMS for Accounting', 'recommended_course': 'Accounting Software Proficiency', 'type': 'Software', 'duration': '3 weeks'}, {'missing_skill': 'AJAX', 'recommended_course': 'AJAX & Asynchronous Web Development', 'type': 'Technical', 'duration': '3 weeks'}, {'missing_skill': 'AMS Services AMS Sagitta', 'recommended_course': 'Git Version Control', 'type': 'Technical', 'duration': '1 week'}]"
427,Finance,1434,Business Analytics Tools,3 weeks,Software,"[{'missing_skill': 'ACL Analytics', 'recommended_course': 'Business Analytics Tools', 'type': 'Software', 'duration': '3 weeks'}]"
428,Sales,670,Accounting Software Proficiency,3 weeks,Software,"[{'missing_skill': 'ADP Drive DMS for Accounting', 'recommended_course': 'Accounting Software Proficiency', 'type': 'Software', 'duration': '3 weeks'}, {'missing_skill': 'AJAX', 'recommended_course': 'AJAX & Asynchronous Web Development', 'type': 'Technical', 'duration': '3 weeks'}, {'missing_skill': 'AMS Services AMS Sagitta', 'recommended_course': 'Git Version Control', 'type': 'Technical', 'duration': '1 week'}]"
429,Finance,1432,Business Analytics Tools,3 weeks,Software,"[{'missing_skill': 'ACL Analytics', 'recommended_course': 'Business Analytics Tools', 'type': 'Software', 'duration': '3 weeks'}]"
430,Sales,670,Accounting Software Proficiency,3 weeks,Software,"[{'missing_skill': 'ADP Drive DMS for Accounting', 'recommended_course': 'Accounting Software Proficiency', 'type': 'Software', 'duration': '3 weeks'}, {'missing_skill': 'AJAX', 'recommended_course': 'AJAX & Asynchronous Web Development', 'type': 'Technical', 'duration': '3 weeks'}, {'missing_skill': 'AMS Services AMS Sagitta', 'recommended_course': 'Git Version Control', 'type': 'Technical', 'duration': '1 week'}]"
431,IT,2492,3D Graphics Fundamentals,6 weeks,Technical,"[{'missing_skill': '3D graphics software', 'recommended_course': '3D Graphics Fundamentals', 'type': 'Technical', 'duration': '6 weeks'}]"
432,Support,400,ERP Implementation & Management,6 weeks,Software,"[{'missing_skill': 'ADP Enterprise HR', 'recommended_course': 'ERP Implementation & Management', 'type': 'Software', 'duration': '6 weeks'}, {'missing_skill': 'API Healthcare ActiveStaffer', 'recommended_course': 'RESTful API Design', 'type': 'Technical', 'duration': '2 weeks'}, {'missing_skill': 'Active Learning', 'recommended_course': 'Active Learning Techniques', 'type': 'Soft Skill', 'duration': '2 weeks'}, {'missing_skill': 'Active Listening', 'recommended_course': 'Active Listening Workshop', 'type': 'Soft Skill', 'duration': '1 week'}]"
433,Sales,669,Accounting Software Proficiency,3 weeks,Software,"[{'missing_skill': 'ADP Drive DMS for Accounting', 'recommended_course': 'Accounting Software Proficiency', 'type': 'Software', 'duration': '3 weeks'}, {'missing_skill': 'AJAX', 'recommended_course': 'AJAX & Asynchronous Web Development', 'type': 'Technical', 'duration': '3 weeks'}, {'missing_skill': 'AMS Services AMS Sagitta', 'recommended_course': 'Git Version Control', 'type': 'Technical', 'duration': '1 week'}]"
434,Support,399,ERP Implementation & Management,6 weeks,Software,"[{'missing_skill': 'ADP Enterprise HR', 'recommended_course': 'ERP Implementation & Management', 'type': 'Software', 'duration': '6 weeks'}, {'missing_skill': 'API Healthcare ActiveStaffer', 'recommended_course': 'RESTful API Design', 'type': 'Technical', 'duration': '2 weeks'}, {'missing_skill': 'Active Learning', 'recommended_course': 'Active Learning Techniques', 'type': 'Soft Skill', 'duration': '2 weeks'}, {'missing_skill': 'Active Listening', 'recommended_course': 'Active Listening Workshop', 'type': 'Soft Skill', 'duration': '1 week'}]"
435,Support,401,ERP Implementation & Management,6 weeks,Software,"[{'missing_skill': 'ADP Enterprise HR', 'recommended_course': 'ERP Implementation & Management', 'type': 'Software', 'duration': '6 weeks'}, {'missing_skill': 'API Healthcare ActiveStaffer', 'recommended_course': 'RESTful API Design', 'type': 'Technical', 'duration': '2 weeks'}, {'missing_skill': 'Active Learning', 'recommended_course': 'Active Learning Techniques', 'type': 'Soft Skill', 'duration': '2 weeks'}, {'missing_skill': 'Active Listening', 'recommended_course': 'Active Listening Workshop', 'type': 'Soft Skill', 'duration': '1 week'}]"
436,Marketing,176,Cybersecurity Fundamentals,4 weeks,Technical,"[{'missing_skill': '2AB iLock Security Services', 'recommended_course': 'Cybersecurity Fundamentals', 'type': 'Technical', 'duration': '4 weeks'}, {'missing_skill': '911 system information databases', 'recommended_course': 'Database Reporting & BI Tools', 'type': 'Technical', 'duration': '3 weeks'}, {'missing_skill': 'Access management software', 'recommended_course': 'Access Management Systems', 'type': 'Software', 'duration': '2 weeks'}, {'missing_skill': 'Active Learning', 'recommended_course': 'Active Learning Techniques', 'type': 'Soft Skill', 'duration': '2 weeks'}, {'missing_skill': 'Active Listening', 'recommended_course': 'Active Listening Workshop', 'type': 'Soft Skill', 'duration': '1 week'}, {'missing_skill': 'Adobe Acrobat', 'recommended_course': 'Adobe Acrobat Professional', 'type': 'Software', 'duration': '2 weeks'}, {'missing_skill': 'Adobe Acrobat Reader', 'recommended_course': 'Adobe Creative Suite Mastery', 'type': 'Software', 'duration': '6 weeks'}, {'missing_skill': 'Adobe ActionScript', 'recommended_course': 'Adobe ActionScript Programming', 'type': 'Software', 'duration': '4 weeks'}]"
437,HR,397,ERP Implementation & Management,6 weeks,Software,"[{'missing_skill': 'ADP Enterprise HR', 'recommended_course': 'ERP Implementation & Management', 'type': 'Software', 'duration': '6 weeks'}, {'missing_skill': 'AJAX', 'recommended_course': 'AJAX & Asynchronous Web Development', 'type': 'Technical', 'duration': '3 weeks'}, {'missing_skill': 'Active Listening', 'recommended_course': 'Active Listening Workshop', 'type': 'Soft Skill', 'duration': '1 week'}, {'missing_skill': 'Adobe Acrobat', 'recommended_course': 'Adobe Acrobat Professional', 'type': 'Software', 'duration': '2 weeks'}, {'missing_skill': 'Adobe ActionScript', 'recommended_course': 'Adobe ActionScript Programming', 'type': 'Software', 'duration': '4 weeks'}, {'missing_skill': 'Adobe After Effects', 'recommended_course': 'Adobe After Effects Motion Graphics', 'type': 'Software', 'duration': '4 weeks'}]"
438,Marketing,174,Cybersecurity Fundamentals,4 weeks,Technical,"[{'missing_skill': '2AB iLock Security Services', 'recommended_course': 'Cybersecurity Fundamentals', 'type': 'Technical', 'duration': '4 weeks'}, {'missing_skill': '911 system information databases', 'recommended_course': 'Database Reporting & BI Tools', 'type': 'Technical', 'duration': '3 weeks'}, {'missing_skill': 'Access management software', 'recommended_course': 'Access Management Systems', 'type': 'Software', 'duration': '2 weeks'}, {'missing_skill': 'Active Learning', 'recommended_course': 'Active Learning Techniques', 'type': 'Soft Skill', 'duration': '2 weeks'}, {'missing_skill': 'Active Listening', 'recommended_course': 'Active Listening Workshop', 'type': 'Soft Skill', 'duration': '1 week'}, {'missing_skill': 'Adobe Acrobat', 'recommended_course': 'Adobe Acrobat Professional', 'type': 'Software', 'duration': '2 weeks'}, {'missing_skill': 'Adobe Acrobat Reader', 'recommended_course': 'Adobe Creative Suite Mastery', 'type': 'Software', 'duration': '6 weeks'}, {'missing_skill': 'Adobe ActionScript', 'recommended_course': 'Adobe ActionScript Programming', 'type': 'Software', 'duration': '4 weeks'}]"
439,Marketing,175,Cybersecurity Fundamentals,4 weeks,Technical,"[{'missing_skill': '2AB iLock Security Services', 'recommended_course': 'Cybersecurity Fundamentals', 'type': 'Technical', 'duration': '4 weeks'}, {'missing_skill': '911 system information databases', 'recommended_course': 'Database Reporting & BI Tools', 'type': 'Technical', 'duration': '3 weeks'}, {'missing_skill': 'Access management software', 'recommended_course': 'Access Management Systems', 'type': 'Software', 'duration': '2 weeks'}, {'missing_skill': 'Active Learning', 'recommended_course': 'Active Learning Techniques', 'type': 'Soft Skill', 'duration': '2 weeks'}, {'missing_skill': 'Active Listening', 'recommended_course': 'Active Listening Workshop', 'type': 'Soft Skill', 'duration': '1 week'}, {'missing_skill': 'Adobe Acrobat', 'recommended_course': 'Adobe Acrobat Professional', 'type': 'Software', 'duration': '2 weeks'}, {'missing_skill': 'Adobe Acrobat Reader', 'recommended_course': 'Adobe Creative Suite Mastery', 'type': 'Software', 'duration': '6 weeks'}, {'missing_skill': 'Adobe ActionScript', 'recommended_course': 'Adobe ActionScript Programming', 'type': 'Software', 'duration': '4 weeks'}]"
440,Sales,670,Accounting Software Proficiency,3 weeks,Software,"[{'missing_skill': 'ADP Drive DMS for Accounting', 'recommended_course': 'Accounting Software Proficiency', 'type': 'Software', 'duration': '3 weeks'}, {'missing_skill': 'AJAX', 'recommended_course': 'AJAX & Asynchronous Web Development', 'type': 'Technical', 'duration': '3 weeks'}, {'missing_skill': 'AMS Services AMS Sagitta', 'recommended_course': 'Git Version Control', 'type': 'Technical', 'duration': '1 week'}]"
441,Sales,669,Accounting Software Proficiency,3 weeks,Software,"[{'missing_skill': 'ADP Drive DMS for Accounting', 'recommended_course': 'Accounting Software Proficiency', 'type': 'Software', 'duration': '3 weeks'}, {'missing_skill': 'AJAX', 'recommended_course': 'AJAX & Asynchronous Web Development', 'type': 'Technical', 'duration': '3 weeks'}, {'missing_skill': 'AMS Services AMS Sagitta', 'recommended_course': 'Git Version Control', 'type': 'Technical', 'duration': '1 week'}]"
442,Support,400,ERP Implementation & Management,6 weeks,Software,"[{'missing_skill': 'ADP Enterprise HR', 'recommended_course': 'ERP Implementation & Management', 'type': 'Software', 'duration': '6 weeks'}, {'missing_skill': 'API Healthcare ActiveStaffer', 'recommended_course': 'RESTful API Design', 'type': 'Technical', 'duration': '2 weeks'}, {'missing_skill': 'Active Learning', 'recommended_course': 'Active Learning Techniques', 'type': 'Soft Skill', 'duration': '2 weeks'}, {'missing_skill': 'Active Listening', 'recommended_course': 'Active Listening Workshop', 'type': 'Soft Skill', 'duration': '1 week'}]"
443,HR,396,ERP Implementation & Management,6 weeks,Software,"[{'missing_skill': 'ADP Enterprise HR', 'recommended_course': 'ERP Implementation & Management', 'type': 'Software', 'duration': '6 weeks'}, {'missing_skill': 'AJAX', 'recommended_course': 'AJAX & Asynchronous Web Development', 'type': 'Technical', 'duration': '3 weeks'}, {'missing_skill': 'Active Listening', 'recommended_course': 'Active Listening Workshop', 'type': 'Soft Skill', 'duration': '1 week'}, {'missing_skill': 'Adobe Acrobat', 'recommended_course': 'Adobe Acrobat Professional', 'type': 'Software', 'duration': '2 weeks'}, {'missing_skill': 'Adobe ActionScript', 'recommended_course': 'Adobe ActionScript Programming', 'type': 'Software', 'duration': '4 weeks'}, {'missing_skill': 'Adobe After Effects', 'recommended_course': 'Adobe After Effects Motion Graphics', 'type': 'Software', 'duration': '4 weeks'}]"
444,IT,2495,3D Graphics Fundamentals,6 weeks,Technical,"[{'missing_skill': '3D graphics software', 'recommended_course': '3D Graphics Fundamentals', 'type': 'Technical', 'duration': '6 weeks'}]"
445,Sales,669,Accounting Software Proficiency,3 weeks,Software,"[{'missing_skill': 'ADP Drive DMS for Accounting', 'recommended_course': 'Accounting Software Proficiency', 'type': 'Software', 'duration': '3 weeks'}, {'missing_skill': 'AJAX', 'recommended_course': 'AJAX & Asynchronous Web Development', 'type': 'Technical', 'duration': '3 weeks'}, {'missing_skill': 'AMS Services AMS Sagitta', 'recommended_course': 'Git Version Control', 'type': 'Technical', 'duration': '1 week'}]"
446,Support,400,ERP Implementation & Management,6 weeks,Software,"[{'missing_skill': 'ADP Enterprise HR', 'recommended_course': 'ERP Implementation & Management', 'type': 'Software', 'duration': '6 weeks'}, {'missing_skill': 'API Healthcare ActiveStaffer', 'recommended_course': 'RESTful API Design', 'type': 'Technical', 'duration': '2 weeks'}, {'missing_skill': 'Active Learning', 'recommended_course': 'Active Learning Techniques', 'type': 'Soft Skill', 'duration': '2 weeks'}, {'missing_skill': 'Active Listening', 'recommended_course': 'Active Listening Workshop', 'type': 'Soft Skill', 'duration': '1 week'}]"
447,Sales,671,Accounting Software Proficiency,3 weeks,Software,"[{'missing_skill': 'ADP Drive DMS for Accounting', 'recommended_course': 'Accounting Software Proficiency', 'type': 'Software', 'duration': '3 weeks'}, {'missing_skill': 'AJAX', 'recommended_course': 'AJAX & Asynchronous Web Development', 'type': 'Technical', 'duration': '3 weeks'}, {'missing_skill': 'AMS Services AMS Sagitta', 'recommended_course': 'Git Version Control', 'type': 'Technical', 'duration': '1 week'}]"
448,IT,2492,3D Graphics Fundamentals,6 weeks,Technical,"[{'missing_skill': '3D graphics software', 'recommended_course': '3D Graphics Fundamentals', 'type': 'Technical', 'duration': '6 weeks'}]"
449,Finance,1432,Business Analytics Tools,3 weeks,Software,"[{'missing_skill': 'ACL Analytics', 'recommended_course': 'Business Analytics Tools', 'type': 'Software', 'duration': '3 weeks'}]"
450,IT,2494,3D Graphics Fundamentals,6 weeks,Technical,"[{'missing_skill': '3D graphics software', 'recommended_course': '3D Graphics Fundamentals', 'type': 'Technical', 'duration': '6 weeks'}]"
451,Support,399,ERP Implementation & Management,6 weeks,Software,"[{'missing_skill': 'ADP Enterprise HR', 'recommended_course': 'ERP Implementation & Management', 'type': 'Software', 'duration': '6 weeks'}, {'missing_skill': 'API Healthcare ActiveStaffer', 'recommended_course': 'RESTful API Design', 'type': 'Technical', 'duration': '2 weeks'}, {'missing_skill': 'Active Learning', 'recommended_course': 'Active Learning Techniques', 'type': 'Soft Skill', 'duration': '2 weeks'}, {'missing_skill': 'Active Listening', 'recommended_course': 'Active Listening Workshop', 'type': 'Soft Skill', 'duration': '1 week'}]"
452,Support,401,ERP Implementation & Management,6 weeks,Software,"[{'missing_skill': 'ADP Enterprise HR', 'recommended_course': 'ERP Implementation & Management', 'type': 'Software', 'duration': '6 weeks'}, {'missing_skill': 'API Healthcare ActiveStaffer', 'recommended_course': 'RESTful API Design', 'type': 'Technical', 'duration': '2 weeks'}, {'missing_skill': 'Active Learning', 'recommended_course': 'Active Learning Techniques', 'type': 'Soft Skill', 'duration': '2 weeks'}, {'missing_skill': 'Active Listening', 'recommended_course': 'Active Listening Workshop', 'type': 'Soft Skill', 'duration': '1 week'}]"
453,IT,2492,3D Graphics Fundamentals,6 weeks,Technical,"[{'missing_skill': '3D graphics software', 'recommended_course': '3D Graphics Fundamentals', 'type': 'Technical', 'duration': '6 weeks'}]"
454,IT,2491,3D Graphics Fundamentals,6 weeks,Technical,"[{'missing_skill': '3D graphics software', 'recommended_course': '3D Graphics Fundamentals', 'type': 'Technical', 'duration': '6 weeks'}]"
455,IT,2493,3D Graphics Fundamentals,6 weeks,Technical,"[{'missing_skill': '3D graphics software', 'recommended_course': '3D Graphics Fundamentals', 'type': 'Technical', 'duration': '6 weeks'}]"
456,Marketing,175,Cybersecurity Fundamentals,4 weeks,Technical,"[{'missing_skill': '2AB iLock Security Services', 'recommended_course': 'Cybersecurity Fundamentals', 'type': 'Technical', 'duration': '4 weeks'}, {'missing_skill': '911 system information databases', 'recommended_course': 'Database Reporting & BI Tools', 'type': 'Technical', 'duration': '3 weeks'}, {'missing_skill': 'Access management software', 'recommended_course': 'Access Management Systems', 'type': 'Software', 'duration': '2 weeks'}, {'missing_skill': 'Active Learning', 'recommended_course': 'Active Learning Techniques', 'type': 'Soft Skill', 'duration': '2 weeks'}, {'missing_skill': 'Active Listening', 'recommended_course': 'Active Listening Workshop', 'type': 'Soft Skill', 'duration': '1 week'}, {'missing_skill': 'Adobe Acrobat', 'recommended_course': 'Adobe Acrobat Professional', 'type': 'Software', 'duration': '2 weeks'}, {'missing_skill': 'Adobe Acrobat Reader', 'recommended_course': 'Adobe Creative Suite Mastery', 'type': 'Software', 'duration': '6 weeks'}, {'missing_skill': 'Adobe ActionScript', 'recommended_course': 'Adobe ActionScript Programming', 'type': 'Software', 'duration': '4 weeks'}]"
457,Support,400,ERP Implementation & Management,6 weeks,Software,"[{'missing_skill': 'ADP Enterprise HR', 'recommended_course': 'ERP Implementation & Management', 'type': 'Software', 'duration': '6 weeks'}, {'missing_skill': 'API Healthcare ActiveStaffer', 'recommended_course': 'RESTful API Design', 'type': 'Technical', 'duration': '2 weeks'}, {'missing_skill': 'Active Learning', 'recommended_course': 'Active Learning Techniques', 'type': 'Soft Skill', 'duration': '2 weeks'}, {'missing_skill': 'Active Listening', 'recommended_course': 'Active Listening Workshop', 'type': 'Soft Skill', 'duration': '1 week'}]"
458,HR,397,ERP Implementation & Management,6 weeks,Software,"[{'missing_skill': 'ADP Enterprise HR', 'recommended_course': 'ERP Implementation & Management', 'type': 'Software', 'duration': '6 weeks'}, {'missing_skill': 'AJAX', 'recommended_course': 'AJAX & Asynchronous Web Development', 'type': 'Technical', 'duration': '3 weeks'}, {'missing_skill': 'Active Listening', 'recommended_course': 'Active Listening Workshop', 'type': 'Soft Skill', 'duration': '1 week'}, {'missing_skill': 'Adobe Acrobat', 'recommended_course': 'Adobe Acrobat Professional', 'type': 'Software', 'duration': '2 weeks'}, {'missing_skill': 'Adobe ActionScript', 'recommended_course': 'Adobe ActionScript Programming', 'type': 'Software', 'duration': '4 weeks'}, {'missing_skill': 'Adobe After Effects', 'recommended_course': 'Adobe After Effects Motion Graphics', 'type': 'Software', 'duration': '4 weeks'}]"
459,Sales,671,Accounting Software Proficiency,3 weeks,Software,"[{'missing_skill': 'ADP Drive DMS for Accounting', 'recommended_course': 'Accounting Software Proficiency', 'type': 'Software', 'duration': '3 weeks'}, {'missing_skill': 'AJAX', 'recommended_course': 'AJAX & Asynchronous Web Development', 'type': 'Technical', 'duration': '3 weeks'}, {'missing_skill': 'AMS Services AMS Sagitta', 'recommended_course': 'Git Version Control', 'type': 'Technical', 'duration': '1 week'}]"
460,Marketing,176,Cybersecurity Fundamentals,4 weeks,Technical,"[{'missing_skill': '2AB iLock Security Services', 'recommended_course': 'Cybersecurity Fundamentals', 'type': 'Technical', 'duration': '4 weeks'}, {'missing_skill': '911 system information databases', 'recommended_course': 'Database Reporting & BI Tools', 'type': 'Technical', 'duration': '3 weeks'}, {'missing_skill': 'Access management software', 'recommended_course': 'Access Management Systems', 'type': 'Software', 'duration': '2 weeks'}, {'missing_skill': 'Active Learning', 'recommended_course': 'Active Learning Techniques', 'type': 'Soft Skill', 'duration': '2 weeks'}, {'missing_skill': 'Active Listening', 'recommended_course': 'Active Listening Workshop', 'type': 'Soft Skill', 'duration': '1 week'}, {'missing_skill': 'Adobe Acrobat', 'recommended_course': 'Adobe Acrobat Professional', 'type': 'Software', 'duration': '2 weeks'}, {'missing_skill': 'Adobe Acrobat Reader', 'recommended_course': 'Adobe Creative Suite Mastery', 'type': 'Software', 'duration': '6 weeks'}, {'missing_skill': 'Adobe ActionScript', 'recommended_course': 'Adobe ActionScript Programming', 'type': 'Software', 'duration': '4 weeks'}]"
461,Finance,1433,Business Analytics Tools,3 weeks,Software,"[{'missing_skill': 'ACL Analytics', 'recommended_course': 'Business Analytics Tools', 'type': 'Software', 'duration': '3 weeks'}]"
462,Support,401,ERP Implementation & Management,6 weeks,Software,"[{'missing_skill': 'ADP Enterprise HR', 'recommended_course': 'ERP Implementation & Management', 'type': 'Software', 'duration': '6 weeks'}, {'missing_skill': 'API Healthcare ActiveStaffer', 'recommended_course': 'RESTful API Design', 'type': 'Technical', 'duration': '2 weeks'}, {'missing_skill': 'Active Learning', 'recommended_course': 'Active Learning Techniques', 'type': 'Soft Skill', 'duration': '2 weeks'}, {'missing_skill': 'Active Listening', 'recommended_course': 'Active Listening Workshop', 'type': 'Soft Skill', 'duration': '1 week'}]"
463,Finance,1433,Business Analytics Tools,3 weeks,Software,"[{'missing_skill': 'ACL Analytics', 'recommended_course': 'Business Analytics Tools', 'type': 'Software', 'duration': '3 weeks'}]"
464,Sales,670,Accounting Software Proficiency,3 weeks,Software,"[{'missing_skill': 'ADP Drive DMS for Accounting', 'recommended_course': 'Accounting Software Proficiency', 'type': 'Software', 'duration': '3 weeks'}, {'missing_skill': 'AJAX', 'recommended_course': 'AJAX & Asynchronous Web Development', 'type': 'Technical', 'duration': '3 weeks'}, {'missing_skill': 'AMS Services AMS Sagitta', 'recommended_course': 'Git Version Control', 'type': 'Technical', 'duration': '1 week'}]"
465,Support,400,ERP Implementation & Management,6 weeks,Software,"[{'missing_skill': 'ADP Enterprise HR', 'recommended_course': 'ERP Implementation & Management', 'type': 'Software', 'duration': '6 weeks'}, {'missing_skill': 'API Healthcare ActiveStaffer', 'recommended_course': 'RESTful API Design', 'type': 'Technical', 'duration': '2 weeks'}, {'missing_skill': 'Active Learning', 'recommended_course': 'Active Learning Techniques', 'type': 'Soft Skill', 'duration': '2 weeks'}, {'missing_skill': 'Active Listening', 'recommended_course': 'Active Listening Workshop', 'type': 'Soft Skill', 'duration': '1 week'}]"
466,IT,2490,3D Graphics Fundamentals,6 weeks,Technical,"[{'missing_skill': '3D graphics software', 'recommended_course': '3D Graphics Fundamentals', 'type': 'Technical', 'duration': '6 weeks'}]"
467,Finance,1433,Business Analytics Tools,3 weeks,Software,"[{'missing_skill': 'ACL Analytics', 'recommended_course': 'Business Analytics Tools', 'type': 'Software', 'duration': '3 weeks'}]"
468,HR,396,ERP Implementation & Management,6 weeks,Software,"[{'missing_skill': 'ADP Enterprise HR', 'recommended_course': 'ERP Implementation & Management', 'type': 'Software', 'duration': '6 weeks'}, {'missing_skill': 'AJAX', 'recommended_course': 'AJAX & Asynchronous Web Development', 'type': 'Technical', 'duration': '3 weeks'}, {'missing_skill': 'Active Listening', 'recommended_course': 'Active Listening Workshop', 'type': 'Soft Skill', 'duration': '1 week'}, {'missing_skill': 'Adobe Acrobat', 'recommended_course': 'Adobe Acrobat Professional', 'type': 'Software', 'duration': '2 weeks'}, {'missing_skill': 'Adobe ActionScript', 'recommended_course': 'Adobe ActionScript Programming', 'type': 'Software', 'duration': '4 weeks'}, {'missing_skill': 'Adobe After Effects', 'recommended_course': 'Adobe After Effects Motion Graphics', 'type': 'Software', 'duration': '4 weeks'}]"
469,Finance,1432,Business Analytics Tools,3 weeks,Software,"[{'missing_skill': 'ACL Analytics', 'recommended_course': 'Business Analytics Tools', 'type': 'Software', 'duration': '3 weeks'}]"
470,HR,397,ERP Implementation & Management,6 weeks,Software,"[{'missing_skill': 'ADP Enterprise HR', 'recommended_course': 'ERP Implementation & Management', 'type': 'Software', 'duration': '6 weeks'}, {'missing_skill': 'AJAX', 'recommended_course': 'AJAX & Asynchronous Web Development', 'type': 'Technical', 'duration': '3 weeks'}, {'missing_skill': 'Active Listening', 'recommended_course': 'Active Listening Workshop', 'type': 'Soft Skill', 'duration': '1 week'}, {'missing_skill': 'Adobe Acrobat', 'recommended_course': 'Adobe Acrobat Professional', 'type': 'Software', 'duration': '2 weeks'}, {'missing_skill': 'Adobe ActionScript', 'recommended_course': 'Adobe ActionScript Programming', 'type': 'Software', 'duration': '4 weeks'}, {'missing_skill': 'Adobe After Effects', 'recommended_course': 'Adobe After Effects Motion Graphics', 'type': 'Software', 'duration': '4 weeks'}]"
471,HR,396,ERP Implementation & Management,6 weeks,Software,"[{'missing_skill': 'ADP Enterprise HR', 'recommended_course': 'ERP Implementation & Management', 'type': 'Software', 'duration': '6 weeks'}, {'missing_skill': 'AJAX', 'recommended_course': 'AJAX & Asynchronous Web Development', 'type': 'Technical', 'duration': '3 weeks'}, {'missing_skill': 'Active Listening', 'recommended_course': 'Active Listening Workshop', 'type': 'Soft Skill', 'duration': '1 week'}, {'missing_skill': 'Adobe Acrobat', 'recommended_course': 'Adobe Acrobat Professional', 'type': 'Software', 'duration': '2 weeks'}, {'missing_skill': 'Adobe ActionScript', 'recommended_course': 'Adobe ActionScript Programming', 'type': 'Software', 'duration': '4 weeks'}, {'missing_skill': 'Adobe After Effects', 'recommended_course': 'Adobe After Effects Motion Graphics', 'type': 'Software', 'duration': '4 weeks'}]"
472,Finance,1433,Business Analytics Tools,3 weeks,Software,"[{'missing_skill': 'ACL Analytics', 'recommended_course': 'Business Analytics Tools', 'type': 'Software', 'duration': '3 weeks'}]"
473,IT,2491,3D Graphics Fundamentals,6 weeks,Technical,"[{'missing_skill': '3D graphics software', 'recommended_course': '3D Graphics Fundamentals', 'type': 'Technical', 'duration': '6 weeks'}]"
474,Finance,1434,Business Analytics Tools,3 weeks,Software,"[{'missing_skill': 'ACL Analytics', 'recommended_course': 'Business Analytics Tools', 'type': 'Software', 'duration': '3 weeks'}]"
475,Sales,670,Accounting Software Proficiency,3 weeks,Software,"[{'missing_skill': 'ADP Drive DMS for Accounting', 'recommended_course': 'Accounting Software Proficiency', 'type': 'Software', 'duration': '3 weeks'}, {'missing_skill': 'AJAX', 'recommended_course': 'AJAX & Asynchronous Web Development', 'type': 'Technical', 'duration': '3 weeks'}, {'missing_skill': 'AMS Services AMS Sagitta', 'recommended_course': 'Git Version Control', 'type': 'Technical', 'duration': '1 week'}]"
476,HR,396,ERP Implementation & Management,6 weeks,Software,"[{'missing_skill': 'ADP Enterprise HR', 'recommended_course': 'ERP Implementation & Management', 'type': 'Software', 'duration': '6 weeks'}, {'missing_skill': 'AJAX', 'recommended_course': 'AJAX & Asynchronous Web Development', 'type': 'Technical', 'duration': '3 weeks'}, {'missing_skill': 'Active Listening', 'recommended_course': 'Active Listening Workshop', 'type': 'Soft Skill', 'duration': '1 week'}, {'missing_skill': 'Adobe Acrobat', 'recommended_course': 'Adobe Acrobat Professional', 'type': 'Software', 'duration': '2 weeks'}, {'missing_skill': 'Adobe ActionScript', 'recommended_course': 'Adobe ActionScript Programming', 'type': 'Software', 'duration': '4 weeks'}, {'missing_skill': 'Adobe After Effects', 'recommended_course': 'Adobe After Effects Motion Graphics', 'type': 'Software', 'duration': '4 weeks'}]"
477,Sales,670,Accounting Software Proficiency,3 weeks,Software,"[{'missing_skill': 'ADP Drive DMS for Accounting', 'recommended_course': 'Accounting Software Proficiency', 'type': 'Software', 'duration': '3 weeks'}, {'missing_skill': 'AJAX', 'recommended_course': 'AJAX & Asynchronous Web Development', 'type': 'Technical', 'duration': '3 weeks'}, {'missing_skill': 'AMS Services AMS Sagitta', 'recommended_course': 'Git Version Control', 'type': 'Technical', 'duration': '1 week'}]"
478,Marketing,174,Cybersecurity Fundamentals,4 weeks,Technical,"[{'missing_skill': '2AB iLock Security Services', 'recommended_course': 'Cybersecurity Fundamentals', 'type': 'Technical', 'duration': '4 weeks'}, {'missing_skill': '911 system information databases', 'recommended_course': 'Database Reporting & BI Tools', 'type': 'Technical', 'duration': '3 weeks'}, {'missing_skill': 'Access management software', 'recommended_course': 'Access Management Systems', 'type': 'Software', 'duration': '2 weeks'}, {'missing_skill': 'Active Learning', 'recommended_course': 'Active Learning Techniques', 'type': 'Soft Skill', 'duration': '2 weeks'}, {'missing_skill': 'Active Listening', 'recommended_course': 'Active Listening Workshop', 'type': 'Soft Skill', 'duration': '1 week'}, {'missing_skill': 'Adobe Acrobat', 'recommended_course': 'Adobe Acrobat Professional', 'type': 'Software', 'duration': '2 weeks'}, {'missing_skill': 'Adobe Acrobat Reader', 'recommended_course': 'Adobe Creative Suite Mastery', 'type': 'Software', 'duration': '6 weeks'}, {'missing_skill': 'Adobe ActionScript', 'recommended_course': 'Adobe ActionScript Programming', 'type': 'Software', 'duration': '4 weeks'}]"
479,IT,2493,3D Graphics Fundamentals,6 weeks,Technical,"[{'missing_skill': '3D graphics software', 'recommended_course': '3D Graphics Fundamentals', 'type': 'Technical', 'duration': '6 weeks'}]"
480,Support,400,ERP Implementation & Management,6 weeks,Software,"[{'missing_skill': 'ADP Enterprise HR', 'recommended_course': 'ERP Implementation & Management', 'type': 'Software', 'duration': '6 weeks'}, {'missing_skill': 'API Healthcare ActiveStaffer', 'recommended_course': 'RESTful API Design', 'type': 'Technical', 'duration': '2 weeks'}, {'missing_skill': 'Active Learning', 'recommended_course': 'Active Learning Techniques', 'type': 'Soft Skill', 'duration': '2 weeks'}, {'missing_skill': 'Active Listening', 'recommended_course': 'Active Listening Workshop', 'type': 'Soft Skill', 'duration': '1 week'}]"
481,IT,2492,3D Graphics Fundamentals,6 weeks,Technical,"[{'missing_skill': '3D graphics software', 'recommended_course': '3D Graphics Fundamentals', 'type': 'Technical', 'duration': '6 weeks'}]"
482,Support,399,ERP Implementation & Management,6 weeks,Software,"[{'missing_skill': 'ADP Enterprise HR', 'recommended_course': 'ERP Implementation & Management', 'type': 'Software', 'duration': '6 weeks'}, {'missing_skill': 'API Healthcare ActiveStaffer', 'recommended_course': 'RESTful API Design', 'type': 'Technical', 'duration': '2 weeks'}, {'missing_skill': 'Active Learning', 'recommended_course': 'Active Learning Techniques', 'type': 'Soft Skill', 'duration': '2 weeks'}, {'missing_skill': 'Active Listening', 'recommended_course': 'Active Listening Workshop', 'type': 'Soft Skill', 'duration': '1 week'}]"
483,IT,2495,3D Graphics Fundamentals,6 weeks,Technical,"[{'missing_skill': '3D graphics software', 'recommended_course': '3D Graphics Fundamentals', 'type': 'Technical', 'duration': '6 weeks'}]"
484,Sales,669,Accounting Software Proficiency,3 weeks,Software,"[{'missing_skill': 'ADP Drive DMS for Accounting', 'recommended_course': 'Accounting Software Proficiency', 'type': 'Software', 'duration': '3 weeks'}, {'missing_skill': 'AJAX', 'recommended_course': 'AJAX & Asynchronous Web Development', 'type': 'Technical', 'duration': '3 weeks'}, {'missing_skill': 'AMS Services AMS Sagitta', 'recommended_course': 'Git Version Control', 'type': 'Technical', 'duration': '1 week'}]"
485,Sales,671,Accounting Software Proficiency,3 weeks,Software,"[{'missing_skill': 'ADP Drive DMS for Accounting', 'recommended_course': 'Accounting Software Proficiency', 'type': 'Software', 'duration': '3 weeks'}, {'missing_skill': 'AJAX', 'recommended_course': 'AJAX & Asynchronous Web Development', 'type': 'Technical', 'duration': '3 weeks'}, {'missing_skill': 'AMS Services AMS Sagitta', 'recommended_course': 'Git Version Control', 'type': 'Technical', 'duration': '1 week'}]"
486,Sales,670,Accounting Software Proficiency,3 weeks,Software,"[{'missing_skill': 'ADP Drive DMS for Accounting', 'recommended_course': 'Accounting Software Proficiency', 'type': 'Software', 'duration': '3 weeks'}, {'missing_skill': 'AJAX', 'recommended_course': 'AJAX & Asynchronous Web Development', 'type': 'Technical', 'duration': '3 weeks'}, {'missing_skill': 'AMS Services AMS Sagitta', 'recommended_course': 'Git Version Control', 'type': 'Technical', 'duration': '1 week'}]"
487,IT,2492,3D Graphics Fundamentals,6 weeks,Technical,"[{'missing_skill': '3D graphics software', 'recommended_course': '3D Graphics Fundamentals', 'type': 'Technical', 'duration': '6 weeks'}]"
488,Finance,1433,Business Analytics Tools,3 weeks,Software,"[{'missing_skill': 'ACL Analytics', 'recommended_course': 'Business Analytics Tools', 'type': 'Software', 'duration': '3 weeks'}]"
489,Finance,1434,Business Analytics Tools,3 weeks,Software,"[{'missing_skill': 'ACL Analytics', 'recommended_course': 'Business Analytics Tools', 'type': 'Software', 'duration': '3 weeks'}]"
490,HR,396,ERP Implementation & Management,6 weeks,Software,"[{'missing_skill': 'ADP Enterprise HR', 'recommended_course': 'ERP Implementation & Management', 'type': 'Software', 'duration': '6 weeks'}, {'missing_skill': 'AJAX', 'recommended_course': 'AJAX & Asynchronous Web Development', 'type': 'Technical', 'duration': '3 weeks'}, {'missing_skill': 'Active Listening', 'recommended_course': 'Active Listening Workshop', 'type': 'Soft Skill', 'duration': '1 week'}, {'missing_skill': 'Adobe Acrobat', 'recommended_course': 'Adobe Acrobat Professional', 'type': 'Software', 'duration': '2 weeks'}, {'missing_skill': 'Adobe ActionScript', 'recommended_course': 'Adobe ActionScript Programming', 'type': 'Software', 'duration': '4 weeks'}, {'missing_skill': 'Adobe After Effects', 'recommended_course': 'Adobe After Effects Motion Graphics', 'type': 'Software', 'duration': '4 weeks'}]"
491,Sales,670,Accounting Software Proficiency,3 weeks,Software,"[{'missing_skill': 'ADP Drive DMS for Accounting', 'recommended_course': 'Accounting Software Proficiency', 'type': 'Software', 'duration': '3 weeks'}, {'missing_skill': 'AJAX', 'recommended_course': 'AJAX & Asynchronous Web Development', 'type': 'Technical', 'duration': '3 weeks'}, {'missing_skill': 'AMS Services AMS Sagitta', 'recommended_course': 'Git Version Control', 'type': 'Technical', 'duration': '1 week'}]"
492,Marketing,176,Cybersecurity Fundamentals,4 weeks,Technical,"[{'missing_skill': '2AB iLock Security Services', 'recommended_course': 'Cybersecurity Fundamentals', 'type': 'Technical', 'duration': '4 weeks'}, {'missing_skill': '911 system information databases', 'recommended_course': 'Database Reporting & BI Tools', 'type': 'Technical', 'duration': '3 weeks'}, {'missing_skill': 'Access management software', 'recommended_course': 'Access Management Systems', 'type': 'Software', 'duration': '2 weeks'}, {'missing_skill': 'Active Learning', 'recommended_course': 'Active Learning Techniques', 'type': 'Soft Skill', 'duration': '2 weeks'}, {'missing_skill': 'Active Listening', 'recommended_course': 'Active Listening Workshop', 'type': 'Soft Skill', 'duration': '1 week'}, {'missing_skill': 'Adobe Acrobat', 'recommended_course': 'Adobe Acrobat Professional', 'type': 'Software', 'duration': '2 weeks'}, {'missing_skill': 'Adobe Acrobat Reader', 'recommended_course': 'Adobe Creative Suite Mastery', 'type': 'Software', 'duration': '6 weeks'}, {'missing_skill': 'Adobe ActionScript', 'recommended_course': 'Adobe ActionScript Programming', 'type': 'Software', 'duration': '4 weeks'}]"
493,IT,2490,3D Graphics Fundamentals,6 weeks,Technical,"[{'missing_skill': '3D graphics software', 'recommended_course': '3D Graphics Fundamentals', 'type': 'Technical', 'duration': '6 weeks'}]"
494,HR,397,ERP Implementation & Management,6 weeks,Software,"[{'missing_skill': 'ADP Enterprise HR', 'recommended_course': 'ERP Implementation & Management', 'type': 'Software', 'duration': '6 weeks'}, {'missing_skill': 'AJAX', 'recommended_course': 'AJAX & Asynchronous Web Development', 'type': 'Technical', 'duration': '3 weeks'}, {'missing_skill': 'Active Listening', 'recommended_course': 'Active Listening Workshop', 'type': 'Soft Skill', 'duration': '1 week'}, {'missing_skill': 'Adobe Acrobat', 'recommended_course': 'Adobe Acrobat Professional', 'type': 'Software', 'duration': '2 weeks'}, {'missing_skill': 'Adobe ActionScript', 'recommended_course': 'Adobe ActionScript Programming', 'type': 'Software', 'duration': '4 weeks'}, {'missing_skill': 'Adobe After Effects', 'recommended_course': 'Adobe After Effects Motion Graphics', 'type': 'Software', 'duration': '4 weeks'}]"
495,IT,2494,3D Graphics Fundamentals,6 weeks,Technical,"[{'missing_skill': '3D graphics software', 'recommended_course': '3D Graphics Fundamentals', 'type': 'Technical', 'duration': '6 weeks'}]"
496,IT,2496,3D Graphics Fundamentals,6 weeks,Technical,"[{'missing_skill': '3D graphics software', 'recommended_course': '3D Graphics Fundamentals', 'type': 'Technical', 'duration': '6 weeks'}]"
497,Finance,1433,Business Analytics Tools,3 weeks,Software,"[{'missing_skill': 'ACL Analytics', 'recommended_course': 'Business Analytics Tools', 'type': 'Software', 'duration': '3 weeks'}]"
498,Finance,1433,Business Analytics Tools,3 weeks,Software,"[{'missing_skill': 'ACL Analytics', 'recommended_course': 'Business Analytics Tools', 'type': 'Software', 'duration': '3 weeks'}]"
499,Sales,670,Accounting Software Proficiency,3 weeks,Software,"[{'missing_skill': 'ADP Drive DMS for Accounting', 'recommended_course': 'Accounting Software Proficiency', 'type': 'Software', 'duration': '3 weeks'}, {'missing_skill': 'AJAX', 'recommended_course': 'AJAX & Asynchronous Web Development', 'type': 'Technical', 'duration': '3 weeks'}, {'missing_skill': 'AMS Services AMS Sagitta', 'recommended_course': 'Git Version Control', 'type': 'Technical', 'duration': '1 week'}]"
500,Marketing,175,Cybersecurity Fundamentals,4 weeks,Technical,"[{'missing_skill': '2AB iLock Security Services', 'recommended_course': 'Cybersecurity Fundamentals', 'type': 'Technical', 'duration': '4 weeks'}, {'missing_skill': '911 system information databases', 'recommended_course': 'Database Reporting & BI Tools', 'type': 'Technical', 'duration': '3 weeks'}, {'missing_skill': 'Access management software', 'recommended_course': 'Access Management Systems', 'type': 'Software', 'duration': '2 weeks'}, {'missing_skill': 'Active Learning', 'recommended_course': 'Active Learning Techniques', 'type': 'Soft Skill', 'duration': '2 weeks'}, {'missing_skill': 'Active Listening', 'recommended_course': 'Active Listening Workshop', 'type': 'Soft Skill', 'duration': '1 week'}, {'missing_skill': 'Adobe Acrobat', 'recommended_course': 'Adobe Acrobat Professional', 'type': 'Software', 'duration': '2 weeks'}, {'missing_skill': 'Adobe Acrobat Reader', 'recommended_course': 'Adobe Creative Suite Mastery', 'type': 'Software', 'duration': '6 weeks'}, {'missing_skill': 'Adobe ActionScript', 'recommended_course': 'Adobe ActionScript Programming', 'type': 'Software', 'duration': '4 weeks'}]"
