EmployeeID,Department,JobRole,Age,Gender,YearsAtCompany,MonthlySalary,PerformanceRating,Attrition_Prob,Risk,Satisfaction,WorkLifeBalance,Engagement_Score,Gap_Count,Skill_Gap,Top_Recommendation,Training_Duration,Skill_Gap_Str
1,Finance,Auditor,57,Other,9,93531,4,0.5334,MEDIUM,3.02,2.99,2.94,1433,"['Microsoft Power BI', 'Brihzon Solutions SMART Dairy Resource Planning', 'TechHackers Swap @nalyst', 'Unger Software Methusaleh', 'Computer integrated manufacturing CIM software']",Git Version Control,1 week,"Microsoft Power BI, Brihzon Solutions SMART Dairy Resource Planning, TechHackers Swap @nalyst"
2,Sales,Sales Executive,26,Female,11,53706,1,0.7897,HIGH,3.02,2.99,2.94,670,"['Astute Solutions PowerCenter', 'MI-Assistant MI Management System', 'General Magic Portico', 'Sawtooth SSI Web', 'Electronic medical record EMR software']",PowerPoint Presentations,1 week,"Astute Solutions PowerCenter, MI-Assistant MI Management System, General Magic Portico"
3,Support,Helpdesk,59,Other,15,105756,4,0.1067,LOW,3.02,2.99,2.94,399,"['Delivery operations information system DOIS', 'Electronic medical record EMR software', 'StataCorp Stata', 'HVAC tools software', 'Evernote']",PowerPoint Presentations,1 week,"Delivery operations information system DOIS, Electronic medical record EMR software, StataCorp Stata"
4,HR,HR Executive,43,Female,10,176377,4,0.2436,LOW,3.02,2.99,2.94,397,"['Bond International Software Bond StaffSuite', 'SAP ERP Human Capital Management', 'Google Calendar', 'Mentimeter', 'Cluen executive recruitment software']",PowerPoint Presentations,1 week,"Bond International Software Bond StaffSuite, SAP ERP Human Capital Management, Google Calendar"
5,Sales,Account Manager,52,Male,6,154782,4,0.1411,LOW,3.02,2.99,2.94,671,"['Astute Solutions PowerCenter', 'MI-Assistant MI Management System', 'General Magic Portico', 'Sawtooth SSI Web', 'Electronic medical record EMR software']",PowerPoint Presentations,1 week,"Astute Solutions PowerCenter, MI-Assistant MI Management System, General Magic Portico"
6,Support,Helpdesk,33,Other,7,58647,3,0.4192,MEDIUM,3.02,2.99,2.94,399,"['Delivery operations information system DOIS', 'Electronic medical record EMR software', 'StataCorp Stata', 'HVAC tools software', 'Evernote']",PowerPoint Presentations,1 week,"Delivery operations information system DOIS, Electronic medical record EMR software, StataCorp Stata"
7,IT,Engineer,55,Male,7,70273,1,0.0832,LOW,3.02,2.99,2.94,2492,"['Oxford Reference Online', 'Microsoft Power BI', 'XML Path Language XPATH', 'Teradata Active Enterprise Data Warehouse', 'BitWizard B.V. mtr']",Git Version Control,1 week,"Oxford Reference Online, Microsoft Power BI, XML Path Language XPATH"
8,HR,HR Executive,51,Female,9,178909,3,0.6115,HIGH,3.02,2.99,2.94,397,"['Bond International Software Bond StaffSuite', 'SAP ERP Human Capital Management', 'Google Calendar', 'Mentimeter', 'Cluen executive recruitment software']",PowerPoint Presentations,1 week,"Bond International Software Bond StaffSuite, SAP ERP Human Capital Management, Google Calendar"
9,HR,HR Executive,32,Male,15,51014,3,0.4902,MEDIUM,3.02,2.99,2.94,397,"['Bond International Software Bond StaffSuite', 'SAP ERP Human Capital Management', 'Google Calendar', 'Mentimeter', 'Cluen executive recruitment software']",PowerPoint Presentations,1 week,"Bond International Software Bond StaffSuite, SAP ERP Human Capital Management, Google Calendar"
10,Finance,Accountant,54,Female,14,63726,2,0.783,HIGH,3.02,2.99,2.94,1433,"['Microsoft Power BI', 'Brihzon Solutions SMART Dairy Resource Planning', 'TechHackers Swap @nalyst', 'Unger Software Methusaleh', 'Computer integrated manufacturing CIM software']",Git Version Control,1 week,"Microsoft Power BI, Brihzon Solutions SMART Dairy Resource Planning, TechHackers Swap @nalyst"
11,HR,HR Executive,52,Other,10,64215,3,0.0887,LOW,3.02,2.99,2.94,397,"['Bond International Software Bond StaffSuite', 'SAP ERP Human Capital Management', 'Google Calendar', 'Mentimeter', 'Cluen executive recruitment software']",PowerPoint Presentations,1 week,"Bond International Software Bond StaffSuite, SAP ERP Human Capital Management, Google Calendar"
12,Support,Helpdesk,55,Male,14,76960,5,0.0707,LOW,3.02,2.99,2.94,400,"['Delivery operations information system DOIS', 'Electronic medical record EMR software', 'StataCorp Stata', 'HVAC tools software', 'Evernote']",PowerPoint Presentations,1 week,"Delivery operations information system DOIS, Electronic medical record EMR software, StataCorp Stata"
13,Finance,Accountant,47,Male,5,151391,4,0.1216,LOW,3.02,2.99,2.94,1433,"['Microsoft Power BI', 'Brihzon Solutions SMART Dairy Resource Planning', 'TechHackers Swap @nalyst', 'Unger Software Methusaleh', 'Computer integrated manufacturing CIM software']",Git Version Control,1 week,"Microsoft Power BI, Brihzon Solutions SMART Dairy Resource Planning, TechHackers Swap @nalyst"
14,HR,HR Manager,50,Female,13,170862,4,0.0178,LOW,3.02,2.99,2.94,397,"['Bond International Software Bond StaffSuite', 'SAP ERP Human Capital Management', 'Google Calendar', 'Mentimeter', 'Cluen executive recruitment software']",PowerPoint Presentations,1 week,"Bond International Software Bond StaffSuite, SAP ERP Human Capital Management, Google Calendar"
15,IT,Developer,26,Male,7,161974,3,0.0699,LOW,3.02,2.99,2.94,2491,"['Oxford Reference Online', 'Microsoft Power BI', 'XML Path Language XPATH', 'Teradata Active Enterprise Data Warehouse', 'BitWizard B.V. mtr']",Google Analytics Certification,3 weeks,"Oxford Reference Online, Microsoft Power BI, XML Path Language XPATH"
16,Marketing,SEO Analyst,43,Female,5,164012,3,0.0564,LOW,3.02,2.99,2.94,175,"['Oracle Java', 'Video production software', 'Mentimeter', 'JavaScript', 'Marketo Marketing Automation']",PowerPoint Presentations,1 week,"Oracle Java, Video production software, Mentimeter"
17,Support,Support Engineer,41,Other,11,70403,3,0.0435,LOW,3.02,2.99,2.94,400,"['Delivery operations information system DOIS', 'Electronic medical record EMR software', 'StataCorp Stata', 'HVAC tools software', 'Evernote']",PowerPoint Presentations,1 week,"Delivery operations information system DOIS, Electronic medical record EMR software, StataCorp Stata"
18,IT,Tester,39,Female,15,173689,3,0.418,MEDIUM,3.02,2.99,2.94,2492,"['Oxford Reference Online', 'Microsoft Power BI', 'XML Path Language XPATH', 'Teradata Active Enterprise Data Warehouse', 'BitWizard B.V. mtr']",Git Version Control,1 week,"Oxford Reference Online, Microsoft Power BI, XML Path Language XPATH"
19,Support,Helpdesk,47,Male,15,122403,1,0.0904,LOW,3.02,2.99,2.94,400,"['Delivery operations information system DOIS', 'Electronic medical record EMR software', 'StataCorp Stata', 'HVAC tools software', 'Evernote']",PowerPoint Presentations,1 week,"Delivery operations information system DOIS, Electronic medical record EMR software, StataCorp Stata"
20,Support,Support Engineer,23,Other,10,65010,3,0.128,LOW,3.02,2.99,2.94,399,"['Delivery operations information system DOIS', 'Electronic medical record EMR software', 'StataCorp Stata', 'HVAC tools software', 'Evernote']",PowerPoint Presentations,1 week,"Delivery operations information system DOIS, Electronic medical record EMR software, StataCorp Stata"
21,Support,Support Engineer,54,Female,2,75646,3,0.0551,LOW,3.02,2.99,2.94,399,"['Delivery operations information system DOIS', 'Electronic medical record EMR software', 'StataCorp Stata', 'HVAC tools software', 'Evernote']",PowerPoint Presentations,1 week,"Delivery operations information system DOIS, Electronic medical record EMR software, StataCorp Stata"
22,Sales,Sales Executive,60,Other,14,130906,4,0.2498,LOW,3.02,2.99,2.94,669,"['Astute Solutions PowerCenter', 'MI-Assistant MI Management System', 'General Magic Portico', 'Sawtooth SSI Web', 'Electronic medical record EMR software']",PowerPoint Presentations,1 week,"Astute Solutions PowerCenter, MI-Assistant MI Management System, General Magic Portico"
23,IT,Tester,42,Male,6,176048,3,0.2831,LOW,3.02,2.99,2.94,2491,"['Oxford Reference Online', 'Microsoft Power BI', 'XML Path Language XPATH', 'Teradata Active Enterprise Data Warehouse', 'BitWizard B.V. mtr']",Git Version Control,1 week,"Oxford Reference Online, Microsoft Power BI, XML Path Language XPATH"
24,IT,Tester,57,Female,3,68060,2,0.5025,MEDIUM,3.02,2.99,2.94,2492,"['Oxford Reference Online', 'Microsoft Power BI', 'XML Path Language XPATH', 'Teradata Active Enterprise Data Warehouse', 'BitWizard B.V. mtr']",Google Analytics Certification,3 weeks,"Oxford Reference Online, Microsoft Power BI, XML Path Language XPATH"
25,Marketing,Content Lead,59,Other,5,62282,4,0.5113,MEDIUM,3.02,2.99,2.94,175,"['Oracle Java', 'Video production software', 'Mentimeter', 'JavaScript', 'Microsoft Excel']",PowerPoint Presentations,1 week,"Oracle Java, Video production software, Mentimeter"
26,Marketing,SEO Analyst,28,Other,2,89567,3,0.5751,MEDIUM,3.02,2.99,2.94,175,"['Oracle Java', 'Video production software', 'Mentimeter', 'JavaScript', 'Marketo Marketing Automation']",PowerPoint Presentations,1 week,"Oracle Java, Video production software, Mentimeter"
27,Sales,Sales Executive,33,Other,11,82449,4,0.6864,HIGH,3.02,2.99,2.94,669,"['Astute Solutions PowerCenter', 'MI-Assistant MI Management System', 'General Magic Portico', 'Sawtooth SSI Web', 'Electronic medical record EMR software']",PowerPoint Presentations,1 week,"Astute Solutions PowerCenter, MI-Assistant MI Management System, General Magic Portico"
28,Marketing,Content Lead,52,Female,4,41883,2,0.1405,LOW,3.02,2.99,2.94,175,"['Oracle Java', 'Video production software', 'Mentimeter', 'JavaScript', 'Marketo Marketing Automation']",PowerPoint Presentations,1 week,"Oracle Java, Video production software, Mentimeter"
29,Finance,Accountant,46,Male,15,74577,3,0.6182,HIGH,3.02,2.99,2.94,1433,"['Microsoft Power BI', 'Brihzon Solutions SMART Dairy Resource Planning', 'TechHackers Swap @nalyst', 'Unger Software Methusaleh', 'Computer integrated manufacturing CIM software']",Git Version Control,1 week,"Microsoft Power BI, Brihzon Solutions SMART Dairy Resource Planning, TechHackers Swap @nalyst"
30,Support,Support Engineer,23,Male,12,104549,4,0.4899,MEDIUM,3.02,2.99,2.94,399,"['Delivery operations information system DOIS', 'Electronic medical record EMR software', 'StataCorp Stata', 'HVAC tools software', 'Evernote']",PowerPoint Presentations,1 week,"Delivery operations information system DOIS, Electronic medical record EMR software, StataCorp Stata"
31,IT,Developer,60,Other,4,74638,4,0.6965,HIGH,3.02,2.99,2.94,2494,"['Oxford Reference Online', 'Microsoft Power BI', 'XML Path Language XPATH', 'Teradata Active Enterprise Data Warehouse', 'BitWizard B.V. mtr']",Git Version Control,1 week,"Oxford Reference Online, Microsoft Power BI, XML Path Language XPATH"
32,Marketing,Content Lead,50,Male,5,103189,3,0.0706,LOW,3.02,2.99,2.94,175,"['Oracle Java', 'Video production software', 'Mentimeter', 'JavaScript', 'Marketo Marketing Automation']",PowerPoint Presentations,1 week,"Oracle Java, Video production software, Mentimeter"
33,IT,Tester,43,Male,12,41254,1,0.1229,LOW,3.02,2.99,2.94,2492,"['Oxford Reference Online', 'Microsoft Power BI', 'XML Path Language XPATH', 'Teradata Active Enterprise Data Warehouse', 'BitWizard B.V. mtr']",Google Analytics Certification,3 weeks,"Oxford Reference Online, Microsoft Power BI, XML Path Language XPATH"
34,IT,Engineer,33,Male,8,152027,3,0.272,LOW,3.02,2.99,2.94,2491,"['Oxford Reference Online', 'Microsoft Power BI', 'XML Path Language XPATH', 'Teradata Active Enterprise Data Warehouse', 'BitWizard B.V. mtr']",Google Analytics Certification,3 weeks,"Oxford Reference Online, Microsoft Power BI, XML Path Language XPATH"
35,Marketing,SEO Analyst,27,Male,4,109614,4,0.2114,LOW,3.02,2.99,2.94,176,"['Oracle Java', 'Video production software', 'Mentimeter', 'JavaScript', 'Microsoft Excel']",PowerPoint Presentations,1 week,"Oracle Java, Video production software, Mentimeter"
36,Finance,Auditor,32,Male,7,38475,3,0.5607,MEDIUM,3.02,2.99,2.94,1433,"['Microsoft Power BI', 'Brihzon Solutions SMART Dairy Resource Planning', 'TechHackers Swap @nalyst', 'Unger Software Methusaleh', 'Computer integrated manufacturing CIM software']",Git Version Control,1 week,"Microsoft Power BI, Brihzon Solutions SMART Dairy Resource Planning, TechHackers Swap @nalyst"
37,Marketing,Content Lead,43,Male,6,72671,3,0.5064,MEDIUM,3.02,2.99,2.94,176,"['Oracle Java', 'Video production software', 'Mentimeter', 'JavaScript', 'Marketo Marketing Automation']",PowerPoint Presentations,1 week,"Oracle Java, Video production software, Mentimeter"
38,Finance,Accountant,58,Male,15,34306,4,0.6451,HIGH,3.02,2.99,2.94,1433,"['Microsoft Power BI', 'Brihzon Solutions SMART Dairy Resource Planning', 'TechHackers Swap @nalyst', 'Unger Software Methusaleh', 'Computer integrated manufacturing CIM software']",Git Version Control,1 week,"Microsoft Power BI, Brihzon Solutions SMART Dairy Resource Planning, TechHackers Swap @nalyst"
39,Finance,Auditor,22,Other,14,73324,3,0.5577,MEDIUM,3.02,2.99,2.94,1433,"['Microsoft Power BI', 'Brihzon Solutions SMART Dairy Resource Planning', 'TechHackers Swap @nalyst', 'Unger Software Methusaleh', 'Computer integrated manufacturing CIM software']",Git Version Control,1 week,"Microsoft Power BI, Brihzon Solutions SMART Dairy Resource Planning, TechHackers Swap @nalyst"
40,Finance,Auditor,39,Male,13,163576,3,0.0655,LOW,3.02,2.99,2.94,1433,"['Microsoft Power BI', 'Brihzon Solutions SMART Dairy Resource Planning', 'TechHackers Swap @nalyst', 'Unger Software Methusaleh', 'Computer integrated manufacturing CIM software']",Git Version Control,1 week,"Microsoft Power BI, Brihzon Solutions SMART Dairy Resource Planning, TechHackers Swap @nalyst"
41,Sales,Account Manager,22,Male,9,49953,3,0.0727,LOW,3.02,2.99,2.94,669,"['Astute Solutions PowerCenter', 'MI-Assistant MI Management System', 'General Magic Portico', 'Sawtooth SSI Web', 'Electronic medical record EMR software']",PowerPoint Presentations,1 week,"Astute Solutions PowerCenter, MI-Assistant MI Management System, General Magic Portico"
42,Marketing,Content Lead,41,Female,6,108906,3,0.0295,LOW,3.02,2.99,2.94,175,"['Oracle Java', 'Video production software', 'Mentimeter', 'JavaScript', 'Microsoft Excel']",PowerPoint Presentations,1 week,"Oracle Java, Video production software, Mentimeter"
43,Marketing,Content Lead,23,Male,15,78457,5,0.0837,LOW,3.02,2.99,2.94,177,"['Oracle Java', 'Video production software', 'Mentimeter', 'JavaScript', 'Microsoft Excel']",PowerPoint Presentations,1 week,"Oracle Java, Video production software, Mentimeter"
44,IT,Engineer,55,Female,14,37533,4,0.5927,MEDIUM,3.02,2.99,2.94,2494,"['Oxford Reference Online', 'Microsoft Power BI', 'XML Path Language XPATH', 'Teradata Active Enterprise Data Warehouse', 'BitWizard B.V. mtr']",Git Version Control,1 week,"Oxford Reference Online, Microsoft Power BI, XML Path Language XPATH"
45,Finance,Accountant,33,Female,7,171225,4,0.647,HIGH,3.02,2.99,2.94,1432,"['Microsoft Power BI', 'Brihzon Solutions SMART Dairy Resource Planning', 'TechHackers Swap @nalyst', 'Unger Software Methusaleh', 'Computer integrated manufacturing CIM software']",Git Version Control,1 week,"Microsoft Power BI, Brihzon Solutions SMART Dairy Resource Planning, TechHackers Swap @nalyst"
46,IT,Developer,21,Male,9,101051,1,0.7291,HIGH,3.02,2.99,2.94,2493,"['Oxford Reference Online', 'Microsoft Power BI', 'XML Path Language XPATH', 'Teradata Active Enterprise Data Warehouse', 'BitWizard B.V. mtr']",Google Analytics Certification,3 weeks,"Oxford Reference Online, Microsoft Power BI, XML Path Language XPATH"
47,Sales,Account Manager,33,Other,7,50654,4,0.4027,MEDIUM,3.02,2.99,2.94,670,"['Astute Solutions PowerCenter', 'MI-Assistant MI Management System', 'General Magic Portico', 'Sawtooth SSI Web', 'Electronic medical record EMR software']",PowerPoint Presentations,1 week,"Astute Solutions PowerCenter, MI-Assistant MI Management System, General Magic Portico"
48,Sales,Sales Executive,22,Other,7,71622,4,0.5454,MEDIUM,3.02,2.99,2.94,670,"['Astute Solutions PowerCenter', 'MI-Assistant MI Management System', 'General Magic Portico', 'Sawtooth SSI Web', 'Electronic medical record EMR software']",PowerPoint Presentations,1 week,"Astute Solutions PowerCenter, MI-Assistant MI Management System, General Magic Portico"
49,Support,Helpdesk,23,Male,4,132390,4,0.0882,LOW,3.02,2.99,2.94,399,"['Delivery operations information system DOIS', 'Electronic medical record EMR software', 'StataCorp Stata', 'HVAC tools software', 'Evernote']",PowerPoint Presentations,1 week,"Delivery operations information system DOIS, Electronic medical record EMR software, StataCorp Stata"
50,IT,Tester,54,Female,2,179351,3,0.5139,MEDIUM,3.02,2.99,2.94,2494,"['Oxford Reference Online', 'Microsoft Power BI', 'XML Path Language XPATH', 'Teradata Active Enterprise Data Warehouse', 'BitWizard B.V. mtr']",Advanced Excel,2 weeks,"Oxford Reference Online, Microsoft Power BI, XML Path Language XPATH"
51,Sales,Sales Executive,57,Female,10,50691,4,0.5515,MEDIUM,3.02,2.99,2.94,669,"['Astute Solutions PowerCenter', 'MI-Assistant MI Management System', 'General Magic Portico', 'Sawtooth SSI Web', 'Electronic medical record EMR software']",PowerPoint Presentations,1 week,"Astute Solutions PowerCenter, MI-Assistant MI Management System, General Magic Portico"
52,Support,Support Engineer,52,Other,14,163863,4,0.5069,MEDIUM,3.02,2.99,2.94,400,"['Delivery operations information system DOIS', 'Electronic medical record EMR software', 'StataCorp Stata', 'HVAC tools software', 'Evernote']",PowerPoint Presentations,1 week,"Delivery operations information system DOIS, Electronic medical record EMR software, StataCorp Stata"
53,Marketing,SEO Analyst,36,Male,4,134280,5,0.048,LOW,3.02,2.99,2.94,175,"['Oracle Java', 'Video production software', 'Mentimeter', 'JavaScript', 'Marketo Marketing Automation']",PowerPoint Presentations,1 week,"Oracle Java, Video production software, Mentimeter"
54,Finance,Auditor,52,Female,14,38519,2,0.0806,LOW,3.02,2.99,2.94,1434,"['Microsoft Power BI', 'Brihzon Solutions SMART Dairy Resource Planning', 'TechHackers Swap @nalyst', 'Unger Software Methusaleh', 'Computer integrated manufacturing CIM software']",Git Version Control,1 week,"Microsoft Power BI, Brihzon Solutions SMART Dairy Resource Planning, TechHackers Swap @nalyst"
55,Finance,Accountant,35,Female,4,153394,3,0.5574,MEDIUM,3.02,2.99,2.94,1433,"['Microsoft Power BI', 'Brihzon Solutions SMART Dairy Resource Planning', 'TechHackers Swap @nalyst', 'Unger Software Methusaleh', 'Computer integrated manufacturing CIM software']",Git Version Control,1 week,"Microsoft Power BI, Brihzon Solutions SMART Dairy Resource Planning, TechHackers Swap @nalyst"
56,IT,Developer,48,Male,7,42964,2,0.0699,LOW,3.02,2.99,2.94,2495,"['Oxford Reference Online', 'Microsoft Power BI', 'XML Path Language XPATH', 'Teradata Active Enterprise Data Warehouse', 'BitWizard B.V. mtr']",Git Version Control,1 week,"Oxford Reference Online, Microsoft Power BI, XML Path Language XPATH"
57,IT,Developer,30,Other,6,52745,1,0.1459,LOW,3.02,2.99,2.94,2491,"['Oxford Reference Online', 'Microsoft Power BI', 'XML Path Language XPATH', 'Teradata Active Enterprise Data Warehouse', 'BitWizard B.V. mtr']",Git Version Control,1 week,"Oxford Reference Online, Microsoft Power BI, XML Path Language XPATH"
58,Support,Helpdesk,34,Other,13,37431,3,0.0961,LOW,3.02,2.99,2.94,401,"['Delivery operations information system DOIS', 'Electronic medical record EMR software', 'StataCorp Stata', 'HVAC tools software', 'Evernote']",PowerPoint Presentations,1 week,"Delivery operations information system DOIS, Electronic medical record EMR software, StataCorp Stata"
59,Marketing,SEO Analyst,22,Male,3,124008,4,0.5671,MEDIUM,3.02,2.99,2.94,177,"['Oracle Java', 'Video production software', 'Mentimeter', 'JavaScript', 'Microsoft Excel']",PowerPoint Presentations,1 week,"Oracle Java, Video production software, Mentimeter"
60,HR,HR Executive,48,Male,8,128442,4,0.0428,LOW,3.02,2.99,2.94,396,"['Bond International Software Bond StaffSuite', 'SAP ERP Human Capital Management', 'Google Calendar', 'Mentimeter', 'Cluen executive recruitment software']",PowerPoint Presentations,1 week,"Bond International Software Bond StaffSuite, SAP ERP Human Capital Management, Google Calendar"
61,HR,HR Manager,57,Other,10,137226,2,0.6566,HIGH,3.02,2.99,2.94,397,"['Bond International Software Bond StaffSuite', 'SAP ERP Human Capital Management', 'Google Calendar', 'Mentimeter', 'Cluen executive recruitment software']",PowerPoint Presentations,1 week,"Bond International Software Bond StaffSuite, SAP ERP Human Capital Management, Google Calendar"
62,IT,Tester,48,Female,5,150377,4,0.2453,LOW,3.02,2.99,2.94,2493,"['Oxford Reference Online', 'Microsoft Power BI', 'XML Path Language XPATH', 'Teradata Active Enterprise Data Warehouse', 'BitWizard B.V. mtr']",Git Version Control,1 week,"Oxford Reference Online, Microsoft Power BI, XML Path Language XPATH"
63,HR,HR Manager,27,Female,13,161874,5,0.0708,LOW,3.02,2.99,2.94,397,"['Bond International Software Bond StaffSuite', 'SAP ERP Human Capital Management', 'Google Calendar', 'Mentimeter', 'Cluen executive recruitment software']",PowerPoint Presentations,1 week,"Bond International Software Bond StaffSuite, SAP ERP Human Capital Management, Google Calendar"
64,Support,Helpdesk,32,Female,6,39558,3,0.1482,LOW,3.02,2.99,2.94,401,"['Delivery operations information system DOIS', 'Electronic medical record EMR software', 'StataCorp Stata', 'HVAC tools software', 'Evernote']",PowerPoint Presentations,1 week,"Delivery operations information system DOIS, Electronic medical record EMR software, StataCorp Stata"
65,Sales,Account Manager,60,Male,12,49620,3,0.4042,MEDIUM,3.02,2.99,2.94,670,"['Astute Solutions PowerCenter', 'MI-Assistant MI Management System', 'General Magic Portico', 'Sawtooth SSI Web', 'Electronic medical record EMR software']",PowerPoint Presentations,1 week,"Astute Solutions PowerCenter, MI-Assistant MI Management System, General Magic Portico"
66,Marketing,Content Lead,34,Female,4,86861,3,0.3494,MEDIUM,3.02,2.99,2.94,176,"['Oracle Java', 'Video production software', 'Mentimeter', 'JavaScript', 'Microsoft Excel']",PowerPoint Presentations,1 week,"Oracle Java, Video production software, Mentimeter"
67,Sales,Sales Executive,22,Female,2,155851,4,0.1642,LOW,3.02,2.99,2.94,670,"['Astute Solutions PowerCenter', 'MI-Assistant MI Management System', 'General Magic Portico', 'Sawtooth SSI Web', 'Electronic medical record EMR software']",PowerPoint Presentations,1 week,"Astute Solutions PowerCenter, MI-Assistant MI Management System, General Magic Portico"
68,Sales,Sales Executive,21,Female,14,72637,2,0.7238,HIGH,3.02,2.99,2.94,670,"['Astute Solutions PowerCenter', 'MI-Assistant MI Management System', 'General Magic Portico', 'Sawtooth SSI Web', 'Electronic medical record EMR software']",PowerPoint Presentations,1 week,"Astute Solutions PowerCenter, MI-Assistant MI Management System, General Magic Portico"
69,Sales,Account Manager,26,Female,13,151643,4,0.0244,LOW,3.02,2.99,2.94,670,"['Astute Solutions PowerCenter', 'MI-Assistant MI Management System', 'General Magic Portico', 'Sawtooth SSI Web', 'Electronic medical record EMR software']",PowerPoint Presentations,1 week,"Astute Solutions PowerCenter, MI-Assistant MI Management System, General Magic Portico"
70,Finance,Accountant,37,Female,10,155727,2,0.7885,HIGH,3.02,2.99,2.94,1434,"['Microsoft Power BI', 'Brihzon Solutions SMART Dairy Resource Planning', 'TechHackers Swap @nalyst', 'Unger Software Methusaleh', 'Computer integrated manufacturing CIM software']",Git Version Control,1 week,"Microsoft Power BI, Brihzon Solutions SMART Dairy Resource Planning, TechHackers Swap @nalyst"
71,HR,HR Executive,55,Female,7,71487,5,0.0631,LOW,3.02,2.99,2.94,396,"['Bond International Software Bond StaffSuite', 'SAP ERP Human Capital Management', 'Google Calendar', 'Mentimeter', 'Cluen executive recruitment software']",PowerPoint Presentations,1 week,"Bond International Software Bond StaffSuite, SAP ERP Human Capital Management, Google Calendar"
72,Marketing,Content Lead,23,Female,14,169631,4,0.0608,LOW,3.02,2.99,2.94,175,"['Oracle Java', 'Video production software', 'Mentimeter', 'JavaScript', 'Microsoft Excel']",PowerPoint Presentations,1 week,"Oracle Java, Video production software, Mentimeter"
73,IT,Developer,29,Male,4,56935,4,0.6659,HIGH,3.02,2.99,2.94,2494,"['Oxford Reference Online', 'Microsoft Power BI', 'XML Path Language XPATH', 'Teradata Active Enterprise Data Warehouse', 'BitWizard B.V. mtr']",Advanced Excel,2 weeks,"Oxford Reference Online, Microsoft Power BI, XML Path Language XPATH"
74,Sales,Sales Executive,32,Female,2,68664,3,0.3338,MEDIUM,3.02,2.99,2.94,670,"['Astute Solutions PowerCenter', 'MI-Assistant MI Management System', 'General Magic Portico', 'Sawtooth SSI Web', 'Electronic medical record EMR software']",PowerPoint Presentations,1 week,"Astute Solutions PowerCenter, MI-Assistant MI Management System, General Magic Portico"
75,IT,Developer,31,Other,11,129732,4,0.5089,MEDIUM,3.02,2.99,2.94,2494,"['Oxford Reference Online', 'Microsoft Power BI', 'XML Path Language XPATH', 'Teradata Active Enterprise Data Warehouse', 'BitWizard B.V. mtr']",Git Version Control,1 week,"Oxford Reference Online, Microsoft Power BI, XML Path Language XPATH"
76,HR,HR Manager,21,Female,11,36008,2,0.0356,LOW,3.02,2.99,2.94,397,"['Bond International Software Bond StaffSuite', 'SAP ERP Human Capital Management', 'Google Calendar', 'Mentimeter', 'Cluen executive recruitment software']",PowerPoint Presentations,1 week,"Bond International Software Bond StaffSuite, SAP ERP Human Capital Management, Google Calendar"
77,Sales,Sales Executive,25,Other,12,163071,4,0.128,LOW,3.02,2.99,2.94,671,"['Astute Solutions PowerCenter', 'MI-Assistant MI Management System', 'General Magic Portico', 'Sawtooth SSI Web', 'Electronic medical record EMR software']",PowerPoint Presentations,1 week,"Astute Solutions PowerCenter, MI-Assistant MI Management System, General Magic Portico"
78,Sales,Sales Executive,26,Other,3,44713,3,0.3665,MEDIUM,3.02,2.99,2.94,670,"['Astute Solutions PowerCenter', 'MI-Assistant MI Management System', 'General Magic Portico', 'Sawtooth SSI Web', 'Electronic medical record EMR software']",PowerPoint Presentations,1 week,"Astute Solutions PowerCenter, MI-Assistant MI Management System, General Magic Portico"
79,Marketing,Content Lead,46,Male,4,73718,4,0.037,LOW,3.02,2.99,2.94,175,"['Oracle Java', 'Video production software', 'Mentimeter', 'JavaScript', 'Marketo Marketing Automation']",PowerPoint Presentations,1 week,"Oracle Java, Video production software, Mentimeter"
80,HR,HR Manager,47,Other,11,142815,2,0.7313,HIGH,3.02,2.99,2.94,396,"['Bond International Software Bond StaffSuite', 'SAP ERP Human Capital Management', 'Google Calendar', 'Mentimeter', 'Cluen executive recruitment software']",PowerPoint Presentations,1 week,"Bond International Software Bond StaffSuite, SAP ERP Human Capital Management, Google Calendar"
81,Support,Helpdesk,43,Male,11,82938,4,0.1635,LOW,3.02,2.99,2.94,401,"['Delivery operations information system DOIS', 'Electronic medical record EMR software', 'StataCorp Stata', 'HVAC tools software', 'Evernote']",PowerPoint Presentations,1 week,"Delivery operations information system DOIS, Electronic medical record EMR software, StataCorp Stata"
82,IT,Engineer,22,Female,5,32356,2,0.0451,LOW,3.02,2.99,2.94,2493,"['Oxford Reference Online', 'Microsoft Power BI', 'XML Path Language XPATH', 'Teradata Active Enterprise Data Warehouse', 'BitWizard B.V. mtr']",Google Analytics Certification,3 weeks,"Oxford Reference Online, Microsoft Power BI, XML Path Language XPATH"
83,IT,Developer,28,Other,5,150136,4,0.6547,HIGH,3.02,2.99,2.94,2494,"['Oxford Reference Online', 'Microsoft Power BI', 'XML Path Language XPATH', 'Teradata Active Enterprise Data Warehouse', 'BitWizard B.V. mtr']",Git Version Control,1 week,"Oxford Reference Online, Microsoft Power BI, XML Path Language XPATH"
84,Finance,Auditor,51,Female,4,103550,3,0.2865,LOW,3.02,2.99,2.94,1433,"['Microsoft Power BI', 'Brihzon Solutions SMART Dairy Resource Planning', 'TechHackers Swap @nalyst', 'Unger Software Methusaleh', 'Computer integrated manufacturing CIM software']",Git Version Control,1 week,"Microsoft Power BI, Brihzon Solutions SMART Dairy Resource Planning, TechHackers Swap @nalyst"
85,Sales,Sales Executive,31,Other,5,145121,2,0.7383,HIGH,3.02,2.99,2.94,670,"['Astute Solutions PowerCenter', 'MI-Assistant MI Management System', 'General Magic Portico', 'Sawtooth SSI Web', 'Electronic medical record EMR software']",PowerPoint Presentations,1 week,"Astute Solutions PowerCenter, MI-Assistant MI Management System, General Magic Portico"
86,Sales,Sales Executive,54,Male,8,152976,3,0.1159,LOW,3.02,2.99,2.94,670,"['Astute Solutions PowerCenter', 'MI-Assistant MI Management System', 'General Magic Portico', 'Sawtooth SSI Web', 'Electronic medical record EMR software']",PowerPoint Presentations,1 week,"Astute Solutions PowerCenter, MI-Assistant MI Management System, General Magic Portico"
87,Support,Support Engineer,44,Male,5,43063,3,0.0511,LOW,3.02,2.99,2.94,400,"['Delivery operations information system DOIS', 'Electronic medical record EMR software', 'StataCorp Stata', 'HVAC tools software', 'Evernote']",PowerPoint Presentations,1 week,"Delivery operations information system DOIS, Electronic medical record EMR software, StataCorp Stata"
88,Marketing,Content Lead,30,Male,12,33987,4,0.4147,MEDIUM,3.02,2.99,2.94,174,"['Oracle Java', 'Video production software', 'Mentimeter', 'JavaScript', 'Marketo Marketing Automation']",PowerPoint Presentations,1 week,"Oracle Java, Video production software, Mentimeter"
89,Marketing,SEO Analyst,44,Female,11,145588,3,0.5862,MEDIUM,3.02,2.99,2.94,175,"['Oracle Java', 'Video production software', 'Mentimeter', 'JavaScript', 'Microsoft Excel']",PowerPoint Presentations,1 week,"Oracle Java, Video production software, Mentimeter"
90,Finance,Auditor,32,Other,2,43235,3,0.58,MEDIUM,3.02,2.99,2.94,1432,"['Microsoft Power BI', 'Brihzon Solutions SMART Dairy Resource Planning', 'TechHackers Swap @nalyst', 'Unger Software Methusaleh', 'Computer integrated manufacturing CIM software']",Git Version Control,1 week,"Microsoft Power BI, Brihzon Solutions SMART Dairy Resource Planning, TechHackers Swap @nalyst"
91,IT,Tester,60,Other,4,56904,3,0.6663,HIGH,3.02,2.99,2.94,2494,"['Oxford Reference Online', 'Microsoft Power BI', 'XML Path Language XPATH', 'Teradata Active Enterprise Data Warehouse', 'BitWizard B.V. mtr']",Git Version Control,1 week,"Oxford Reference Online, Microsoft Power BI, XML Path Language XPATH"
92,Finance,Accountant,26,Female,2,62833,5,0.0569,LOW,3.02,2.99,2.94,1435,"['Microsoft Power BI', 'Brihzon Solutions SMART Dairy Resource Planning', 'TechHackers Swap @nalyst', 'Unger Software Methusaleh', 'Computer integrated manufacturing CIM software']",Git Version Control,1 week,"Microsoft Power BI, Brihzon Solutions SMART Dairy Resource Planning, TechHackers Swap @nalyst"
93,Sales,Account Manager,22,Other,4,133108,3,0.0692,LOW,3.02,2.99,2.94,670,"['Astute Solutions PowerCenter', 'MI-Assistant MI Management System', 'General Magic Portico', 'Sawtooth SSI Web', 'Electronic medical record EMR software']",PowerPoint Presentations,1 week,"Astute Solutions PowerCenter, MI-Assistant MI Management System, General Magic Portico"
94,Support,Helpdesk,35,Male,5,65954,3,0.1663,LOW,3.02,2.99,2.94,399,"['Delivery operations information system DOIS', 'Electronic medical record EMR software', 'StataCorp Stata', 'HVAC tools software', 'Evernote']",PowerPoint Presentations,1 week,"Delivery operations information system DOIS, Electronic medical record EMR software, StataCorp Stata"
95,Support,Support Engineer,58,Female,7,99805,4,0.0679,LOW,3.02,2.99,2.94,399,"['Delivery operations information system DOIS', 'Electronic medical record EMR software', 'StataCorp Stata', 'HVAC tools software', 'Evernote']",PowerPoint Presentations,1 week,"Delivery operations information system DOIS, Electronic medical record EMR software, StataCorp Stata"
96,Marketing,Content Lead,43,Female,14,156104,3,0.0646,LOW,3.02,2.99,2.94,175,"['Oracle Java', 'Video production software', 'Mentimeter', 'JavaScript', 'Marketo Marketing Automation']",PowerPoint Presentations,1 week,"Oracle Java, Video production software, Mentimeter"
97,HR,HR Manager,34,Female,3,115105,3,0.4987,MEDIUM,3.02,2.99,2.94,396,"['Bond International Software Bond StaffSuite', 'SAP ERP Human Capital Management', 'Google Calendar', 'Mentimeter', 'Cluen executive recruitment software']",PowerPoint Presentations,1 week,"Bond International Software Bond StaffSuite, SAP ERP Human Capital Management, Google Calendar"
98,Marketing,Content Lead,52,Female,10,77462,3,0.5009,MEDIUM,3.02,2.99,2.94,174,"['Oracle Java', 'Video production software', 'Mentimeter', 'JavaScript', 'Marketo Marketing Automation']",PowerPoint Presentations,1 week,"Oracle Java, Video production software, Mentimeter"
99,HR,HR Executive,58,Female,12,136059,4,0.0705,LOW,3.02,2.99,2.94,397,"['Bond International Software Bond StaffSuite', 'SAP ERP Human Capital Management', 'Google Calendar', 'Mentimeter', 'Cluen executive recruitment software']",PowerPoint Presentations,1 week,"Bond International Software Bond StaffSuite, SAP ERP Human Capital Management, Google Calendar"
100,Sales,Account Manager,29,Male,6,152981,3,0.0493,LOW,3.02,2.99,2.94,669,"['Astute Solutions PowerCenter', 'MI-Assistant MI Management System', 'General Magic Portico', 'Sawtooth SSI Web', 'Electronic medical record EMR software']",PowerPoint Presentations,1 week,"Astute Solutions PowerCenter, MI-Assistant MI Management System, General Magic Portico"
101,HR,HR Manager,43,Other,11,107081,3,0.6498,HIGH,3.02,2.99,2.94,398,"['Bond International Software Bond StaffSuite', 'SAP ERP Human Capital Management', 'Google Calendar', 'Mentimeter', 'Cluen executive recruitment software']",PowerPoint Presentations,1 week,"Bond International Software Bond StaffSuite, SAP ERP Human Capital Management, Google Calendar"
102,HR,HR Executive,30,Female,14,172259,5,0.5115,MEDIUM,3.02,2.99,2.94,397,"['Bond International Software Bond StaffSuite', 'SAP ERP Human Capital Management', 'Google Calendar', 'Mentimeter', 'Cluen executive recruitment software']",PowerPoint Presentations,1 week,"Bond International Software Bond StaffSuite, SAP ERP Human Capital Management, Google Calendar"
103,Sales,Account Manager,51,Female,11,50979,4,0.4852,MEDIUM,3.02,2.99,2.94,671,"['Astute Solutions PowerCenter', 'MI-Assistant MI Management System', 'General Magic Portico', 'Sawtooth SSI Web', 'Electronic medical record EMR software']",PowerPoint Presentations,1 week,"Astute Solutions PowerCenter, MI-Assistant MI Management System, General Magic Portico"
104,Support,Support Engineer,27,Female,9,98130,4,0.0935,LOW,3.02,2.99,2.94,400,"['Delivery operations information system DOIS', 'Electronic medical record EMR software', 'StataCorp Stata', 'HVAC tools software', 'Evernote']",PowerPoint Presentations,1 week,"Delivery operations information system DOIS, Electronic medical record EMR software, StataCorp Stata"
105,Marketing,SEO Analyst,59,Other,7,117953,3,0.5688,MEDIUM,3.02,2.99,2.94,176,"['Oracle Java', 'Video production software', 'Mentimeter', 'JavaScript', 'Microsoft Excel']",PowerPoint Presentations,1 week,"Oracle Java, Video production software, Mentimeter"
106,Finance,Accountant,31,Female,7,149459,2,0.7691,HIGH,3.02,2.99,2.94,1433,"['Microsoft Power BI', 'Brihzon Solutions SMART Dairy Resource Planning', 'TechHackers Swap @nalyst', 'Unger Software Methusaleh', 'Computer integrated manufacturing CIM software']",Git Version Control,1 week,"Microsoft Power BI, Brihzon Solutions SMART Dairy Resource Planning, TechHackers Swap @nalyst"
107,IT,Developer,33,Other,13,68241,5,0.0778,LOW,3.02,2.99,2.94,2493,"['Oxford Reference Online', 'Microsoft Power BI', 'XML Path Language XPATH', 'Teradata Active Enterprise Data Warehouse', 'BitWizard B.V. mtr']",Git Version Control,1 week,"Oxford Reference Online, Microsoft Power BI, XML Path Language XPATH"
108,HR,HR Executive,51,Female,7,47360,4,0.1056,LOW,3.02,2.99,2.94,397,"['Bond International Software Bond StaffSuite', 'SAP ERP Human Capital Management', 'Google Calendar', 'Mentimeter', 'Cluen executive recruitment software']",PowerPoint Presentations,1 week,"Bond International Software Bond StaffSuite, SAP ERP Human Capital Management, Google Calendar"
109,Support,Support Engineer,49,Other,7,126122,4,0.0695,LOW,3.02,2.99,2.94,399,"['Delivery operations information system DOIS', 'Electronic medical record EMR software', 'StataCorp Stata', 'HVAC tools software', 'Evernote']",PowerPoint Presentations,1 week,"Delivery operations information system DOIS, Electronic medical record EMR software, StataCorp Stata"
110,IT,Developer,33,Other,13,77857,4,0.1092,LOW,3.02,2.99,2.94,2492,"['Oxford Reference Online', 'Microsoft Power BI', 'XML Path Language XPATH', 'Teradata Active Enterprise Data Warehouse', 'BitWizard B.V. mtr']",Git Version Control,1 week,"Oxford Reference Online, Microsoft Power BI, XML Path Language XPATH"
111,Support,Helpdesk,53,Male,4,50520,3,0.5281,MEDIUM,3.02,2.99,2.94,399,"['Delivery operations information system DOIS', 'Electronic medical record EMR software', 'StataCorp Stata', 'HVAC tools software', 'Evernote']",PowerPoint Presentations,1 week,"Delivery operations information system DOIS, Electronic medical record EMR software, StataCorp Stata"
112,IT,Engineer,49,Male,15,113247,1,0.7388,HIGH,3.02,2.99,2.94,2492,"['Oxford Reference Online', 'Microsoft Power BI', 'XML Path Language XPATH', 'Teradata Active Enterprise Data Warehouse', 'BitWizard B.V. mtr']",Google Analytics Certification,3 weeks,"Oxford Reference Online, Microsoft Power BI, XML Path Language XPATH"
113,IT,Developer,39,Male,11,74074,3,0.3248,MEDIUM,3.02,2.99,2.94,2493,"['Oxford Reference Online', 'Microsoft Power BI', 'XML Path Language XPATH', 'Teradata Active Enterprise Data Warehouse', 'BitWizard B.V. mtr']",Google Analytics Certification,3 weeks,"Oxford Reference Online, Microsoft Power BI, XML Path Language XPATH"
114,Support,Helpdesk,59,Male,2,152599,4,0.4858,MEDIUM,3.02,2.99,2.94,399,"['Delivery operations information system DOIS', 'Electronic medical record EMR software', 'StataCorp Stata', 'HVAC tools software', 'Evernote']",PowerPoint Presentations,1 week,"Delivery operations information system DOIS, Electronic medical record EMR software, StataCorp Stata"
115,Sales,Account Manager,33,Male,3,156093,3,0.0359,LOW,3.02,2.99,2.94,669,"['Astute Solutions PowerCenter', 'MI-Assistant MI Management System', 'General Magic Portico', 'Sawtooth SSI Web', 'Electronic medical record EMR software']",PowerPoint Presentations,1 week,"Astute Solutions PowerCenter, MI-Assistant MI Management System, General Magic Portico"
116,Support,Helpdesk,22,Other,15,153900,3,0.0847,LOW,3.02,2.99,2.94,400,"['Delivery operations information system DOIS', 'Electronic medical record EMR software', 'StataCorp Stata', 'HVAC tools software', 'Evernote']",PowerPoint Presentations,1 week,"Delivery operations information system DOIS, Electronic medical record EMR software, StataCorp Stata"
117,Marketing,SEO Analyst,43,Other,13,168316,2,0.5527,MEDIUM,3.02,2.99,2.94,176,"['Oracle Java', 'Video production software', 'Mentimeter', 'JavaScript', 'Marketo Marketing Automation']",PowerPoint Presentations,1 week,"Oracle Java, Video production software, Mentimeter"
118,HR,HR Executive,52,Female,12,31840,2,0.7355,HIGH,3.02,2.99,2.94,398,"['Bond International Software Bond StaffSuite', 'SAP ERP Human Capital Management', 'Google Calendar', 'Mentimeter', 'Cluen executive recruitment software']",PowerPoint Presentations,1 week,"Bond International Software Bond StaffSuite, SAP ERP Human Capital Management, Google Calendar"
119,Finance,Auditor,31,Female,3,44728,3,0.0747,LOW,3.02,2.99,2.94,1432,"['Microsoft Power BI', 'Brihzon Solutions SMART Dairy Resource Planning', 'TechHackers Swap @nalyst', 'Unger Software Methusaleh', 'Computer integrated manufacturing CIM software']",Git Version Control,1 week,"Microsoft Power BI, Brihzon Solutions SMART Dairy Resource Planning, TechHackers Swap @nalyst"
120,Sales,Sales Executive,59,Other,15,144337,3,0.6298,HIGH,3.02,2.99,2.94,670,"['Astute Solutions PowerCenter', 'MI-Assistant MI Management System', 'General Magic Portico', 'Sawtooth SSI Web', 'Electronic medical record EMR software']",PowerPoint Presentations,1 week,"Astute Solutions PowerCenter, MI-Assistant MI Management System, General Magic Portico"
121,IT,Developer,45,Male,12,78575,2,0.717,HIGH,3.02,2.99,2.94,2492,"['Oxford Reference Online', 'Microsoft Power BI', 'XML Path Language XPATH', 'Teradata Active Enterprise Data Warehouse', 'BitWizard B.V. mtr']",Git Version Control,1 week,"Oxford Reference Online, Microsoft Power BI, XML Path Language XPATH"
122,Support,Support Engineer,59,Male,11,121058,3,0.0408,LOW,3.02,2.99,2.94,399,"['Delivery operations information system DOIS', 'Electronic medical record EMR software', 'StataCorp Stata', 'HVAC tools software', 'Evernote']",PowerPoint Presentations,1 week,"Delivery operations information system DOIS, Electronic medical record EMR software, StataCorp Stata"
123,Finance,Auditor,49,Female,7,151344,4,0.2715,LOW,3.02,2.99,2.94,1433,"['Microsoft Power BI', 'Brihzon Solutions SMART Dairy Resource Planning', 'TechHackers Swap @nalyst', 'Unger Software Methusaleh', 'Computer integrated manufacturing CIM software']",Git Version Control,1 week,"Microsoft Power BI, Brihzon Solutions SMART Dairy Resource Planning, TechHackers Swap @nalyst"
124,IT,Engineer,44,Female,3,67225,3,0.0479,LOW,3.02,2.99,2.94,2494,"['Oxford Reference Online', 'Microsoft Power BI', 'XML Path Language XPATH', 'Teradata Active Enterprise Data Warehouse', 'BitWizard B.V. mtr']",Git Version Control,1 week,"Oxford Reference Online, Microsoft Power BI, XML Path Language XPATH"
125,Finance,Accountant,22,Female,10,172135,4,0.0726,LOW,3.02,2.99,2.94,1433,"['Microsoft Power BI', 'Brihzon Solutions SMART Dairy Resource Planning', 'TechHackers Swap @nalyst', 'Unger Software Methusaleh', 'Computer integrated manufacturing CIM software']",Git Version Control,1 week,"Microsoft Power BI, Brihzon Solutions SMART Dairy Resource Planning, TechHackers Swap @nalyst"
126,IT,Developer,60,Male,8,91931,3,0.0712,LOW,3.02,2.99,2.94,2494,"['Oxford Reference Online', 'Microsoft Power BI', 'XML Path Language XPATH', 'Teradata Active Enterprise Data Warehouse', 'BitWizard B.V. mtr']",Git Version Control,1 week,"Oxford Reference Online, Microsoft Power BI, XML Path Language XPATH"
127,Sales,Sales Executive,25,Female,14,89066,3,0.119,LOW,3.02,2.99,2.94,670,"['Astute Solutions PowerCenter', 'MI-Assistant MI Management System', 'General Magic Portico', 'Sawtooth SSI Web', 'Electronic medical record EMR software']",PowerPoint Presentations,1 week,"Astute Solutions PowerCenter, MI-Assistant MI Management System, General Magic Portico"
128,HR,HR Executive,47,Other,5,72561,3,0.655,HIGH,3.02,2.99,2.94,398,"['Bond International Software Bond StaffSuite', 'SAP ERP Human Capital Management', 'Google Calendar', 'Mentimeter', 'Cluen executive recruitment software']",PowerPoint Presentations,1 week,"Bond International Software Bond StaffSuite, SAP ERP Human Capital Management, Google Calendar"
129,Support,Support Engineer,56,Female,8,68809,4,0.473,MEDIUM,3.02,2.99,2.94,399,"['Delivery operations information system DOIS', 'Electronic medical record EMR software', 'StataCorp Stata', 'HVAC tools software', 'Evernote']",PowerPoint Presentations,1 week,"Delivery operations information system DOIS, Electronic medical record EMR software, StataCorp Stata"
130,IT,Tester,35,Female,7,93279,5,0.0551,LOW,3.02,2.99,2.94,2493,"['Oxford Reference Online', 'Microsoft Power BI', 'XML Path Language XPATH', 'Teradata Active Enterprise Data Warehouse', 'BitWizard B.V. mtr']",Google Analytics Certification,3 weeks,"Oxford Reference Online, Microsoft Power BI, XML Path Language XPATH"
131,Support,Helpdesk,27,Female,10,55650,3,0.0292,LOW,3.02,2.99,2.94,400,"['Delivery operations information system DOIS', 'Electronic medical record EMR software', 'StataCorp Stata', 'HVAC tools software', 'Evernote']",PowerPoint Presentations,1 week,"Delivery operations information system DOIS, Electronic medical record EMR software, StataCorp Stata"
132,HR,HR Executive,59,Other,7,74552,5,0.0704,LOW,3.02,2.99,2.94,396,"['Bond International Software Bond StaffSuite', 'SAP ERP Human Capital Management', 'Google Calendar', 'Mentimeter', 'Cluen executive recruitment software']",PowerPoint Presentations,1 week,"Bond International Software Bond StaffSuite, SAP ERP Human Capital Management, Google Calendar"
133,Finance,Auditor,55,Other,6,145869,5,0.3174,MEDIUM,3.02,2.99,2.94,1434,"['Microsoft Power BI', 'Brihzon Solutions SMART Dairy Resource Planning', 'TechHackers Swap @nalyst', 'Unger Software Methusaleh', 'Computer integrated manufacturing CIM software']",Git Version Control,1 week,"Microsoft Power BI, Brihzon Solutions SMART Dairy Resource Planning, TechHackers Swap @nalyst"
134,HR,HR Manager,45,Male,11,148129,3,0.0966,LOW,3.02,2.99,2.94,396,"['Bond International Software Bond StaffSuite', 'SAP ERP Human Capital Management', 'Google Calendar', 'Mentimeter', 'Cluen executive recruitment software']",PowerPoint Presentations,1 week,"Bond International Software Bond StaffSuite, SAP ERP Human Capital Management, Google Calendar"
135,Marketing,Content Lead,38,Female,14,44652,3,0.0534,LOW,3.02,2.99,2.94,175,"['Oracle Java', 'Video production software', 'Mentimeter', 'JavaScript', 'Microsoft Excel']",PowerPoint Presentations,1 week,"Oracle Java, Video production software, Mentimeter"
136,Marketing,SEO Analyst,39,Male,2,178756,5,0.4933,MEDIUM,3.02,2.99,2.94,176,"['Oracle Java', 'Video production software', 'Mentimeter', 'JavaScript', 'Microsoft Excel']",PowerPoint Presentations,1 week,"Oracle Java, Video production software, Mentimeter"
137,Finance,Auditor,56,Female,9,110538,3,0.3803,MEDIUM,3.02,2.99,2.94,1433,"['Microsoft Power BI', 'Brihzon Solutions SMART Dairy Resource Planning', 'TechHackers Swap @nalyst', 'Unger Software Methusaleh', 'Computer integrated manufacturing CIM software']",Git Version Control,1 week,"Microsoft Power BI, Brihzon Solutions SMART Dairy Resource Planning, TechHackers Swap @nalyst"
138,IT,Engineer,40,Female,12,39286,4,0.2173,LOW,3.02,2.99,2.94,2494,"['Oxford Reference Online', 'Microsoft Power BI', 'XML Path Language XPATH', 'Teradata Active Enterprise Data Warehouse', 'BitWizard B.V. mtr']",Git Version Control,1 week,"Oxford Reference Online, Microsoft Power BI, XML Path Language XPATH"
139,IT,Developer,30,Male,4,55595,4,0.0782,LOW,3.02,2.99,2.94,2493,"['Oxford Reference Online', 'Microsoft Power BI', 'XML Path Language XPATH', 'Teradata Active Enterprise Data Warehouse', 'BitWizard B.V. mtr']",Git Version Control,1 week,"Oxford Reference Online, Microsoft Power BI, XML Path Language XPATH"
140,Sales,Account Manager,56,Other,3,168010,5,0.4909,MEDIUM,3.02,2.99,2.94,671,"['Astute Solutions PowerCenter', 'MI-Assistant MI Management System', 'General Magic Portico', 'Sawtooth SSI Web', 'Electronic medical record EMR software']",PowerPoint Presentations,1 week,"Astute Solutions PowerCenter, MI-Assistant MI Management System, General Magic Portico"
141,IT,Tester,50,Other,10,71526,2,0.7561,HIGH,3.02,2.99,2.94,2493,"['Oxford Reference Online', 'Microsoft Power BI', 'XML Path Language XPATH', 'Teradata Active Enterprise Data Warehouse', 'BitWizard B.V. mtr']",Google Analytics Certification,3 weeks,"Oxford Reference Online, Microsoft Power BI, XML Path Language XPATH"
142,Sales,Account Manager,23,Male,7,152981,4,0.0538,LOW,3.02,2.99,2.94,669,"['Astute Solutions PowerCenter', 'MI-Assistant MI Management System', 'General Magic Portico', 'Sawtooth SSI Web', 'Electronic medical record EMR software']",PowerPoint Presentations,1 week,"Astute Solutions PowerCenter, MI-Assistant MI Management System, General Magic Portico"
143,Support,Helpdesk,51,Other,6,60483,3,0.1846,LOW,3.02,2.99,2.94,401,"['Delivery operations information system DOIS', 'Electronic medical record EMR software', 'StataCorp Stata', 'HVAC tools software', 'Evernote']",PowerPoint Presentations,1 week,"Delivery operations information system DOIS, Electronic medical record EMR software, StataCorp Stata"
144,Sales,Account Manager,53,Other,4,37564,3,0.0548,LOW,3.02,2.99,2.94,670,"['Astute Solutions PowerCenter', 'MI-Assistant MI Management System', 'General Magic Portico', 'Sawtooth SSI Web', 'Electronic medical record EMR software']",PowerPoint Presentations,1 week,"Astute Solutions PowerCenter, MI-Assistant MI Management System, General Magic Portico"
145,Support,Support Engineer,52,Male,4,103473,3,0.0409,LOW,3.02,2.99,2.94,400,"['Delivery operations information system DOIS', 'Electronic medical record EMR software', 'StataCorp Stata', 'HVAC tools software', 'Evernote']",PowerPoint Presentations,1 week,"Delivery operations information system DOIS, Electronic medical record EMR software, StataCorp Stata"
146,HR,HR Manager,43,Male,14,98618,3,0.0415,LOW,3.02,2.99,2.94,396,"['Bond International Software Bond StaffSuite', 'SAP ERP Human Capital Management', 'Google Calendar', 'Mentimeter', 'Cluen executive recruitment software']",PowerPoint Presentations,1 week,"Bond International Software Bond StaffSuite, SAP ERP Human Capital Management, Google Calendar"
147,Sales,Account Manager,28,Other,10,69768,4,0.2603,LOW,3.02,2.99,2.94,670,"['Astute Solutions PowerCenter', 'MI-Assistant MI Management System', 'General Magic Portico', 'Sawtooth SSI Web', 'Electronic medical record EMR software']",PowerPoint Presentations,1 week,"Astute Solutions PowerCenter, MI-Assistant MI Management System, General Magic Portico"
148,Sales,Account Manager,32,Other,11,124262,4,0.1595,LOW,3.02,2.99,2.94,670,"['Astute Solutions PowerCenter', 'MI-Assistant MI Management System', 'General Magic Portico', 'Sawtooth SSI Web', 'Electronic medical record EMR software']",PowerPoint Presentations,1 week,"Astute Solutions PowerCenter, MI-Assistant MI Management System, General Magic Portico"
149,Support,Support Engineer,48,Female,11,31181,3,0.2756,LOW,3.02,2.99,2.94,401,"['Delivery operations information system DOIS', 'Electronic medical record EMR software', 'StataCorp Stata', 'HVAC tools software', 'Evernote']",PowerPoint Presentations,1 week,"Delivery operations information system DOIS, Electronic medical record EMR software, StataCorp Stata"
150,Marketing,Content Lead,48,Male,10,139956,3,0.4716,MEDIUM,3.02,2.99,2.94,174,"['Oracle Java', 'Video production software', 'Mentimeter', 'JavaScript', 'Marketo Marketing Automation']",PowerPoint Presentations,1 week,"Oracle Java, Video production software, Mentimeter"
151,HR,HR Executive,34,Other,6,53489,3,0.527,MEDIUM,3.02,2.99,2.94,397,"['Bond International Software Bond StaffSuite', 'SAP ERP Human Capital Management', 'Google Calendar', 'Mentimeter', 'Cluen executive recruitment software']",PowerPoint Presentations,1 week,"Bond International Software Bond StaffSuite, SAP ERP Human Capital Management, Google Calendar"
152,Sales,Account Manager,34,Other,5,123313,4,0.122,LOW,3.02,2.99,2.94,669,"['Astute Solutions PowerCenter', 'MI-Assistant MI Management System', 'General Magic Portico', 'Sawtooth SSI Web', 'Electronic medical record EMR software']",PowerPoint Presentations,1 week,"Astute Solutions PowerCenter, MI-Assistant MI Management System, General Magic Portico"
153,IT,Tester,52,Other,4,34410,4,0.1039,LOW,3.02,2.99,2.94,2492,"['Oxford Reference Online', 'Microsoft Power BI', 'XML Path Language XPATH', 'Teradata Active Enterprise Data Warehouse', 'BitWizard B.V. mtr']",Git Version Control,1 week,"Oxford Reference Online, Microsoft Power BI, XML Path Language XPATH"
154,Marketing,SEO Analyst,54,Male,9,35504,4,0.3808,MEDIUM,3.02,2.99,2.94,175,"['Oracle Java', 'Video production software', 'Mentimeter', 'JavaScript', 'Marketo Marketing Automation']",PowerPoint Presentations,1 week,"Oracle Java, Video production software, Mentimeter"
155,HR,HR Executive,41,Other,8,47809,4,0.6344,HIGH,3.02,2.99,2.94,396,"['Bond International Software Bond StaffSuite', 'SAP ERP Human Capital Management', 'Google Calendar', 'Mentimeter', 'Cluen executive recruitment software']",PowerPoint Presentations,1 week,"Bond International Software Bond StaffSuite, SAP ERP Human Capital Management, Google Calendar"
156,IT,Developer,33,Male,2,152793,3,0.6064,HIGH,3.02,2.99,2.94,2495,"['Oxford Reference Online', 'Microsoft Power BI', 'XML Path Language XPATH', 'Teradata Active Enterprise Data Warehouse', 'BitWizard B.V. mtr']",Git Version Control,1 week,"Oxford Reference Online, Microsoft Power BI, XML Path Language XPATH"
157,HR,HR Executive,51,Male,8,144222,4,0.62,HIGH,3.02,2.99,2.94,396,"['Bond International Software Bond StaffSuite', 'SAP ERP Human Capital Management', 'Google Calendar', 'Mentimeter', 'Cluen executive recruitment software']",PowerPoint Presentations,1 week,"Bond International Software Bond StaffSuite, SAP ERP Human Capital Management, Google Calendar"
158,Marketing,Content Lead,55,Female,7,122095,4,0.0181,LOW,3.02,2.99,2.94,176,"['Oracle Java', 'Video production software', 'Mentimeter', 'JavaScript', 'Microsoft Excel']",PowerPoint Presentations,1 week,"Oracle Java, Video production software, Mentimeter"
159,Support,Support Engineer,60,Other,13,176852,5,0.1332,LOW,3.02,2.99,2.94,400,"['Delivery operations information system DOIS', 'Electronic medical record EMR software', 'StataCorp Stata', 'HVAC tools software', 'Evernote']",PowerPoint Presentations,1 week,"Delivery operations information system DOIS, Electronic medical record EMR software, StataCorp Stata"
160,Sales,Sales Executive,51,Male,15,138076,3,0.0818,LOW,3.02,2.99,2.94,670,"['Astute Solutions PowerCenter', 'MI-Assistant MI Management System', 'General Magic Portico', 'Sawtooth SSI Web', 'Electronic medical record EMR software']",PowerPoint Presentations,1 week,"Astute Solutions PowerCenter, MI-Assistant MI Management System, General Magic Portico"
161,Support,Helpdesk,53,Male,2,166057,3,0.5675,MEDIUM,3.02,2.99,2.94,400,"['Delivery operations information system DOIS', 'Electronic medical record EMR software', 'StataCorp Stata', 'HVAC tools software', 'Evernote']",PowerPoint Presentations,1 week,"Delivery operations information system DOIS, Electronic medical record EMR software, StataCorp Stata"
162,Finance,Accountant,35,Female,4,81547,4,0.6874,HIGH,3.02,2.99,2.94,1432,"['Microsoft Power BI', 'Brihzon Solutions SMART Dairy Resource Planning', 'TechHackers Swap @nalyst', 'Unger Software Methusaleh', 'Computer integrated manufacturing CIM software']",Git Version Control,1 week,"Microsoft Power BI, Brihzon Solutions SMART Dairy Resource Planning, TechHackers Swap @nalyst"
163,HR,HR Executive,47,Female,8,78148,5,0.0337,LOW,3.02,2.99,2.94,398,"['Bond International Software Bond StaffSuite', 'SAP ERP Human Capital Management', 'Google Calendar', 'Mentimeter', 'Cluen executive recruitment software']",PowerPoint Presentations,1 week,"Bond International Software Bond StaffSuite, SAP ERP Human Capital Management, Google Calendar"
164,HR,HR Manager,25,Female,5,57534,3,0.4014,MEDIUM,3.02,2.99,2.94,397,"['Bond International Software Bond StaffSuite', 'SAP ERP Human Capital Management', 'Google Calendar', 'Mentimeter', 'Cluen executive recruitment software']",PowerPoint Presentations,1 week,"Bond International Software Bond StaffSuite, SAP ERP Human Capital Management, Google Calendar"
165,IT,Tester,60,Other,15,77413,2,0.3874,MEDIUM,3.02,2.99,2.94,2494,"['Oxford Reference Online', 'Microsoft Power BI', 'XML Path Language XPATH', 'Teradata Active Enterprise Data Warehouse', 'BitWizard B.V. mtr']",Git Version Control,1 week,"Oxford Reference Online, Microsoft Power BI, XML Path Language XPATH"
166,IT,Tester,31,Female,2,143831,3,0.0487,LOW,3.02,2.99,2.94,2492,"['Oxford Reference Online', 'Microsoft Power BI', 'XML Path Language XPATH', 'Teradata Active Enterprise Data Warehouse', 'BitWizard B.V. mtr']",Git Version Control,1 week,"Oxford Reference Online, Microsoft Power BI, XML Path Language XPATH"
167,HR,HR Manager,28,Female,3,126163,3,0.0307,LOW,3.02,2.99,2.94,397,"['Bond International Software Bond StaffSuite', 'SAP ERP Human Capital Management', 'Google Calendar', 'Mentimeter', 'Cluen executive recruitment software']",PowerPoint Presentations,1 week,"Bond International Software Bond StaffSuite, SAP ERP Human Capital Management, Google Calendar"
168,HR,HR Executive,34,Other,5,151729,3,0.6285,HIGH,3.02,2.99,2.94,396,"['Bond International Software Bond StaffSuite', 'SAP ERP Human Capital Management', 'Google Calendar', 'Mentimeter', 'Cluen executive recruitment software']",PowerPoint Presentations,1 week,"Bond International Software Bond StaffSuite, SAP ERP Human Capital Management, Google Calendar"
169,Support,Support Engineer,33,Other,10,44773,3,0.0663,LOW,3.02,2.99,2.94,399,"['Delivery operations information system DOIS', 'Electronic medical record EMR software', 'StataCorp Stata', 'HVAC tools software', 'Evernote']",PowerPoint Presentations,1 week,"Delivery operations information system DOIS, Electronic medical record EMR software, StataCorp Stata"
170,Sales,Account Manager,60,Female,5,115425,1,0.838,HIGH,3.02,2.99,2.94,670,"['Astute Solutions PowerCenter', 'MI-Assistant MI Management System', 'General Magic Portico', 'Sawtooth SSI Web', 'Electronic medical record EMR software']",PowerPoint Presentations,1 week,"Astute Solutions PowerCenter, MI-Assistant MI Management System, General Magic Portico"
171,Marketing,SEO Analyst,60,Other,13,52297,5,0.5464,MEDIUM,3.02,2.99,2.94,175,"['Oracle Java', 'Video production software', 'Mentimeter', 'JavaScript', 'Microsoft Excel']",PowerPoint Presentations,1 week,"Oracle Java, Video production software, Mentimeter"
172,HR,HR Manager,22,Female,12,166881,3,0.0516,LOW,3.02,2.99,2.94,396,"['Bond International Software Bond StaffSuite', 'SAP ERP Human Capital Management', 'Google Calendar', 'Mentimeter', 'Cluen executive recruitment software']",PowerPoint Presentations,1 week,"Bond International Software Bond StaffSuite, SAP ERP Human Capital Management, Google Calendar"
173,Support,Support Engineer,39,Female,13,38986,1,0.0455,LOW,3.02,2.99,2.94,401,"['Delivery operations information system DOIS', 'Electronic medical record EMR software', 'StataCorp Stata', 'HVAC tools software', 'Evernote']",PowerPoint Presentations,1 week,"Delivery operations information system DOIS, Electronic medical record EMR software, StataCorp Stata"
174,Marketing,Content Lead,43,Other,13,172355,4,0.5196,MEDIUM,3.02,2.99,2.94,174,"['Oracle Java', 'Video production software', 'Mentimeter', 'JavaScript', 'Marketo Marketing Automation']",PowerPoint Presentations,1 week,"Oracle Java, Video production software, Mentimeter"
175,Marketing,SEO Analyst,51,Other,2,43852,4,0.5453,MEDIUM,3.02,2.99,2.94,176,"['Oracle Java', 'Video production software', 'Mentimeter', 'JavaScript', 'Microsoft Excel']",PowerPoint Presentations,1 week,"Oracle Java, Video production software, Mentimeter"
176,Support,Helpdesk,24,Male,9,134669,3,0.5703,MEDIUM,3.02,2.99,2.94,400,"['Delivery operations information system DOIS', 'Electronic medical record EMR software', 'StataCorp Stata', 'HVAC tools software', 'Evernote']",PowerPoint Presentations,1 week,"Delivery operations information system DOIS, Electronic medical record EMR software, StataCorp Stata"
177,Support,Helpdesk,59,Male,2,126177,1,0.1061,LOW,3.02,2.99,2.94,399,"['Delivery operations information system DOIS', 'Electronic medical record EMR software', 'StataCorp Stata', 'HVAC tools software', 'Evernote']",PowerPoint Presentations,1 week,"Delivery operations information system DOIS, Electronic medical record EMR software, StataCorp Stata"
178,Sales,Account Manager,49,Male,15,47221,4,0.0485,LOW,3.02,2.99,2.94,669,"['Astute Solutions PowerCenter', 'MI-Assistant MI Management System', 'General Magic Portico', 'Sawtooth SSI Web', 'Electronic medical record EMR software']",PowerPoint Presentations,1 week,"Astute Solutions PowerCenter, MI-Assistant MI Management System, General Magic Portico"
179,Marketing,SEO Analyst,34,Other,9,88315,2,0.7558,HIGH,3.02,2.99,2.94,176,"['Oracle Java', 'Video production software', 'Mentimeter', 'JavaScript', 'Microsoft Excel']",PowerPoint Presentations,1 week,"Oracle Java, Video production software, Mentimeter"
180,Support,Helpdesk,49,Male,14,139006,2,0.7135,HIGH,3.02,2.99,2.94,399,"['Delivery operations information system DOIS', 'Electronic medical record EMR software', 'StataCorp Stata', 'HVAC tools software', 'Evernote']",PowerPoint Presentations,1 week,"Delivery operations information system DOIS, Electronic medical record EMR software, StataCorp Stata"
181,Support,Helpdesk,30,Other,4,124984,3,0.0677,LOW,3.02,2.99,2.94,401,"['Delivery operations information system DOIS', 'Electronic medical record EMR software', 'StataCorp Stata', 'HVAC tools software', 'Evernote']",PowerPoint Presentations,1 week,"Delivery operations information system DOIS, Electronic medical record EMR software, StataCorp Stata"
182,Support,Support Engineer,51,Other,11,48033,3,0.0379,LOW,3.02,2.99,2.94,400,"['Delivery operations information system DOIS', 'Electronic medical record EMR software', 'StataCorp Stata', 'HVAC tools software', 'Evernote']",PowerPoint Presentations,1 week,"Delivery operations information system DOIS, Electronic medical record EMR software, StataCorp Stata"
183,Sales,Account Manager,28,Female,8,176131,3,0.12,LOW,3.02,2.99,2.94,669,"['Astute Solutions PowerCenter', 'MI-Assistant MI Management System', 'General Magic Portico', 'Sawtooth SSI Web', 'Electronic medical record EMR software']",PowerPoint Presentations,1 week,"Astute Solutions PowerCenter, MI-Assistant MI Management System, General Magic Portico"
184,Finance,Auditor,58,Other,11,83089,2,0.1478,LOW,3.02,2.99,2.94,1433,"['Microsoft Power BI', 'Brihzon Solutions SMART Dairy Resource Planning', 'TechHackers Swap @nalyst', 'Unger Software Methusaleh', 'Computer integrated manufacturing CIM software']",Git Version Control,1 week,"Microsoft Power BI, Brihzon Solutions SMART Dairy Resource Planning, TechHackers Swap @nalyst"
185,Sales,Sales Executive,33,Female,3,65067,4,0.5855,MEDIUM,3.02,2.99,2.94,670,"['Astute Solutions PowerCenter', 'MI-Assistant MI Management System', 'General Magic Portico', 'Sawtooth SSI Web', 'Electronic medical record EMR software']",PowerPoint Presentations,1 week,"Astute Solutions PowerCenter, MI-Assistant MI Management System, General Magic Portico"
186,IT,Developer,29,Other,11,35093,4,0.597,MEDIUM,3.02,2.99,2.94,2493,"['Oxford Reference Online', 'Microsoft Power BI', 'XML Path Language XPATH', 'Teradata Active Enterprise Data Warehouse', 'BitWizard B.V. mtr']",Advanced Excel,2 weeks,"Oxford Reference Online, Microsoft Power BI, XML Path Language XPATH"
187,Support,Support Engineer,33,Female,4,161083,3,0.0911,LOW,3.02,2.99,2.94,400,"['Delivery operations information system DOIS', 'Electronic medical record EMR software', 'StataCorp Stata', 'HVAC tools software', 'Evernote']",PowerPoint Presentations,1 week,"Delivery operations information system DOIS, Electronic medical record EMR software, StataCorp Stata"
188,Support,Support Engineer,26,Male,14,142521,4,0.2922,LOW,3.02,2.99,2.94,400,"['Delivery operations information system DOIS', 'Electronic medical record EMR software', 'StataCorp Stata', 'HVAC tools software', 'Evernote']",PowerPoint Presentations,1 week,"Delivery operations information system DOIS, Electronic medical record EMR software, StataCorp Stata"
189,Finance,Accountant,55,Other,4,98836,2,0.8201,HIGH,3.02,2.99,2.94,1434,"['Microsoft Power BI', 'Brihzon Solutions SMART Dairy Resource Planning', 'TechHackers Swap @nalyst', 'Unger Software Methusaleh', 'Computer integrated manufacturing CIM software']",Git Version Control,1 week,"Microsoft Power BI, Brihzon Solutions SMART Dairy Resource Planning, TechHackers Swap @nalyst"
190,Finance,Auditor,23,Other,9,36596,5,0.3074,MEDIUM,3.02,2.99,2.94,1433,"['Microsoft Power BI', 'Brihzon Solutions SMART Dairy Resource Planning', 'TechHackers Swap @nalyst', 'Unger Software Methusaleh', 'Computer integrated manufacturing CIM software']",Git Version Control,1 week,"Microsoft Power BI, Brihzon Solutions SMART Dairy Resource Planning, TechHackers Swap @nalyst"
191,HR,HR Executive,25,Male,3,79311,4,0.0898,LOW,3.02,2.99,2.94,396,"['Bond International Software Bond StaffSuite', 'SAP ERP Human Capital Management', 'Google Calendar', 'Mentimeter', 'Cluen executive recruitment software']",PowerPoint Presentations,1 week,"Bond International Software Bond StaffSuite, SAP ERP Human Capital Management, Google Calendar"
192,IT,Engineer,51,Other,6,177547,3,0.6442,HIGH,3.02,2.99,2.94,2493,"['Oxford Reference Online', 'Microsoft Power BI', 'XML Path Language XPATH', 'Teradata Active Enterprise Data Warehouse', 'BitWizard B.V. mtr']",Advanced Excel,2 weeks,"Oxford Reference Online, Microsoft Power BI, XML Path Language XPATH"
193,Support,Support Engineer,51,Male,6,139711,5,0.4632,MEDIUM,3.02,2.99,2.94,400,"['Delivery operations information system DOIS', 'Electronic medical record EMR software', 'StataCorp Stata', 'HVAC tools software', 'Evernote']",PowerPoint Presentations,1 week,"Delivery operations information system DOIS, Electronic medical record EMR software, StataCorp Stata"
194,Finance,Auditor,23,Female,14,133661,4,0.4509,MEDIUM,3.02,2.99,2.94,1433,"['Microsoft Power BI', 'Brihzon Solutions SMART Dairy Resource Planning', 'TechHackers Swap @nalyst', 'Unger Software Methusaleh', 'Computer integrated manufacturing CIM software']",Git Version Control,1 week,"Microsoft Power BI, Brihzon Solutions SMART Dairy Resource Planning, TechHackers Swap @nalyst"
195,Support,Helpdesk,55,Other,8,119959,3,0.4558,MEDIUM,3.02,2.99,2.94,400,"['Delivery operations information system DOIS', 'Electronic medical record EMR software', 'StataCorp Stata', 'HVAC tools software', 'Evernote']",PowerPoint Presentations,1 week,"Delivery operations information system DOIS, Electronic medical record EMR software, StataCorp Stata"
196,HR,HR Manager,29,Male,13,41236,4,0.5668,MEDIUM,3.02,2.99,2.94,397,"['Bond International Software Bond StaffSuite', 'SAP ERP Human Capital Management', 'Google Calendar', 'Mentimeter', 'Cluen executive recruitment software']",PowerPoint Presentations,1 week,"Bond International Software Bond StaffSuite, SAP ERP Human Capital Management, Google Calendar"
197,HR,HR Executive,36,Male,5,60667,4,0.0414,LOW,3.02,2.99,2.94,397,"['Bond International Software Bond StaffSuite', 'SAP ERP Human Capital Management', 'Google Calendar', 'Mentimeter', 'Cluen executive recruitment software']",PowerPoint Presentations,1 week,"Bond International Software Bond StaffSuite, SAP ERP Human Capital Management, Google Calendar"
198,Finance,Accountant,57,Male,11,85219,4,0.0847,LOW,3.02,2.99,2.94,1432,"['Microsoft Power BI', 'Brihzon Solutions SMART Dairy Resource Planning', 'TechHackers Swap @nalyst', 'Unger Software Methusaleh', 'Computer integrated manufacturing CIM software']",Git Version Control,1 week,"Microsoft Power BI, Brihzon Solutions SMART Dairy Resource Planning, TechHackers Swap @nalyst"
199,IT,Tester,22,Male,8,113299,2,0.069,LOW,3.02,2.99,2.94,2495,"['Oxford Reference Online', 'Microsoft Power BI', 'XML Path Language XPATH', 'Teradata Active Enterprise Data Warehouse', 'BitWizard B.V. mtr']",Git Version Control,1 week,"Oxford Reference Online, Microsoft Power BI, XML Path Language XPATH"
200,IT,Engineer,35,Other,4,73218,2,0.7584,HIGH,3.02,2.99,2.94,2492,"['Oxford Reference Online', 'Microsoft Power BI', 'XML Path Language XPATH', 'Teradata Active Enterprise Data Warehouse', 'BitWizard B.V. mtr']",Advanced Excel,2 weeks,"Oxford Reference Online, Microsoft Power BI, XML Path Language XPATH"
201,Finance,Accountant,51,Other,10,166935,5,0.3272,MEDIUM,3.02,2.99,2.94,1433,"['Microsoft Power BI', 'Brihzon Solutions SMART Dairy Resource Planning', 'TechHackers Swap @nalyst', 'Unger Software Methusaleh', 'Computer integrated manufacturing CIM software']",Git Version Control,1 week,"Microsoft Power BI, Brihzon Solutions SMART Dairy Resource Planning, TechHackers Swap @nalyst"
202,Finance,Accountant,21,Female,10,149268,5,0.3248,MEDIUM,3.02,2.99,2.94,1435,"['Microsoft Power BI', 'Brihzon Solutions SMART Dairy Resource Planning', 'TechHackers Swap @nalyst', 'Unger Software Methusaleh', 'Computer integrated manufacturing CIM software']",Git Version Control,1 week,"Microsoft Power BI, Brihzon Solutions SMART Dairy Resource Planning, TechHackers Swap @nalyst"
203,Marketing,SEO Analyst,24,Female,2,167109,3,0.4517,MEDIUM,3.02,2.99,2.94,175,"['Oracle Java', 'Video production software', 'Mentimeter', 'JavaScript', 'Microsoft Excel']",PowerPoint Presentations,1 week,"Oracle Java, Video production software, Mentimeter"
204,HR,HR Executive,23,Female,5,44615,5,0.0762,LOW,3.02,2.99,2.94,396,"['Bond International Software Bond StaffSuite', 'SAP ERP Human Capital Management', 'Google Calendar', 'Mentimeter', 'Cluen executive recruitment software']",PowerPoint Presentations,1 week,"Bond International Software Bond StaffSuite, SAP ERP Human Capital Management, Google Calendar"
205,Marketing,Content Lead,40,Female,6,174938,3,0.3842,MEDIUM,3.02,2.99,2.94,174,"['Oracle Java', 'Video production software', 'Mentimeter', 'JavaScript', 'Marketo Marketing Automation']",PowerPoint Presentations,1 week,"Oracle Java, Video production software, Mentimeter"
206,Sales,Sales Executive,55,Male,9,141609,4,0.1074,LOW,3.02,2.99,2.94,670,"['Astute Solutions PowerCenter', 'MI-Assistant MI Management System', 'General Magic Portico', 'Sawtooth SSI Web', 'Electronic medical record EMR software']",PowerPoint Presentations,1 week,"Astute Solutions PowerCenter, MI-Assistant MI Management System, General Magic Portico"
207,Support,Helpdesk,48,Male,2,143395,2,0.4418,MEDIUM,3.02,2.99,2.94,399,"['Delivery operations information system DOIS', 'Electronic medical record EMR software', 'StataCorp Stata', 'HVAC tools software', 'Evernote']",PowerPoint Presentations,1 week,"Delivery operations information system DOIS, Electronic medical record EMR software, StataCorp Stata"
208,Support,Support Engineer,48,Male,6,91560,4,0.4682,MEDIUM,3.02,2.99,2.94,400,"['Delivery operations information system DOIS', 'Electronic medical record EMR software', 'StataCorp Stata', 'HVAC tools software', 'Evernote']",PowerPoint Presentations,1 week,"Delivery operations information system DOIS, Electronic medical record EMR software, StataCorp Stata"
209,Sales,Account Manager,42,Female,2,178594,3,0.072,LOW,3.02,2.99,2.94,669,"['Astute Solutions PowerCenter', 'MI-Assistant MI Management System', 'General Magic Portico', 'Sawtooth SSI Web', 'Electronic medical record EMR software']",PowerPoint Presentations,1 week,"Astute Solutions PowerCenter, MI-Assistant MI Management System, General Magic Portico"
210,Sales,Sales Executive,49,Other,12,136861,3,0.2108,LOW,3.02,2.99,2.94,670,"['Astute Solutions PowerCenter', 'MI-Assistant MI Management System', 'General Magic Portico', 'Sawtooth SSI Web', 'Electronic medical record EMR software']",PowerPoint Presentations,1 week,"Astute Solutions PowerCenter, MI-Assistant MI Management System, General Magic Portico"
211,Finance,Auditor,48,Female,7,70640,2,0.0962,LOW,3.02,2.99,2.94,1434,"['Microsoft Power BI', 'Brihzon Solutions SMART Dairy Resource Planning', 'TechHackers Swap @nalyst', 'Unger Software Methusaleh', 'Computer integrated manufacturing CIM software']",Git Version Control,1 week,"Microsoft Power BI, Brihzon Solutions SMART Dairy Resource Planning, TechHackers Swap @nalyst"
212,Sales,Account Manager,60,Male,15,86918,5,0.5709,MEDIUM,3.02,2.99,2.94,670,"['Astute Solutions PowerCenter', 'MI-Assistant MI Management System', 'General Magic Portico', 'Sawtooth SSI Web', 'Electronic medical record EMR software']",PowerPoint Presentations,1 week,"Astute Solutions PowerCenter, MI-Assistant MI Management System, General Magic Portico"
213,Sales,Sales Executive,27,Female,7,87099,3,0.1738,LOW,3.02,2.99,2.94,670,"['Astute Solutions PowerCenter', 'MI-Assistant MI Management System', 'General Magic Portico', 'Sawtooth SSI Web', 'Electronic medical record EMR software']",PowerPoint Presentations,1 week,"Astute Solutions PowerCenter, MI-Assistant MI Management System, General Magic Portico"
214,Sales,Account Manager,52,Other,8,33037,3,0.0627,LOW,3.02,2.99,2.94,670,"['Astute Solutions PowerCenter', 'MI-Assistant MI Management System', 'General Magic Portico', 'Sawtooth SSI Web', 'Electronic medical record EMR software']",PowerPoint Presentations,1 week,"Astute Solutions PowerCenter, MI-Assistant MI Management System, General Magic Portico"
215,HR,HR Manager,38,Female,8,143214,5,0.6208,HIGH,3.02,2.99,2.94,398,"['Bond International Software Bond StaffSuite', 'SAP ERP Human Capital Management', 'Google Calendar', 'Mentimeter', 'Cluen executive recruitment software']",PowerPoint Presentations,1 week,"Bond International Software Bond StaffSuite, SAP ERP Human Capital Management, Google Calendar"
216,Marketing,SEO Analyst,30,Female,3,168202,5,0.1273,LOW,3.02,2.99,2.94,175,"['Oracle Java', 'Video production software', 'Mentimeter', 'JavaScript', 'Marketo Marketing Automation']",PowerPoint Presentations,1 week,"Oracle Java, Video production software, Mentimeter"
217,IT,Engineer,25,Other,15,151301,4,0.5556,MEDIUM,3.02,2.99,2.94,2495,"['Oxford Reference Online', 'Microsoft Power BI', 'XML Path Language XPATH', 'Teradata Active Enterprise Data Warehouse', 'BitWizard B.V. mtr']",Git Version Control,1 week,"Oxford Reference Online, Microsoft Power BI, XML Path Language XPATH"
218,IT,Developer,35,Male,3,32158,4,0.1162,LOW,3.02,2.99,2.94,2493,"['Oxford Reference Online', 'Microsoft Power BI', 'XML Path Language XPATH', 'Teradata Active Enterprise Data Warehouse', 'BitWizard B.V. mtr']",Git Version Control,1 week,"Oxford Reference Online, Microsoft Power BI, XML Path Language XPATH"
219,Finance,Auditor,42,Other,2,122405,3,0.2669,LOW,3.02,2.99,2.94,1434,"['Microsoft Power BI', 'Brihzon Solutions SMART Dairy Resource Planning', 'TechHackers Swap @nalyst', 'Unger Software Methusaleh', 'Computer integrated manufacturing CIM software']",Git Version Control,1 week,"Microsoft Power BI, Brihzon Solutions SMART Dairy Resource Planning, TechHackers Swap @nalyst"
220,Support,Support Engineer,39,Female,2,33150,4,0.0496,LOW,3.02,2.99,2.94,399,"['Delivery operations information system DOIS', 'Electronic medical record EMR software', 'StataCorp Stata', 'HVAC tools software', 'Evernote']",PowerPoint Presentations,1 week,"Delivery operations information system DOIS, Electronic medical record EMR software, StataCorp Stata"
221,Sales,Sales Executive,55,Other,13,70445,2,0.7615,HIGH,3.02,2.99,2.94,669,"['Astute Solutions PowerCenter', 'MI-Assistant MI Management System', 'General Magic Portico', 'Sawtooth SSI Web', 'Electronic medical record EMR software']",PowerPoint Presentations,1 week,"Astute Solutions PowerCenter, MI-Assistant MI Management System, General Magic Portico"
222,Marketing,Content Lead,24,Female,6,173731,4,0.3934,MEDIUM,3.02,2.99,2.94,174,"['Oracle Java', 'Video production software', 'Mentimeter', 'JavaScript', 'Marketo Marketing Automation']",PowerPoint Presentations,1 week,"Oracle Java, Video production software, Mentimeter"
223,HR,HR Executive,26,Female,9,35989,3,0.047,LOW,3.02,2.99,2.94,396,"['Bond International Software Bond StaffSuite', 'SAP ERP Human Capital Management', 'Google Calendar', 'Mentimeter', 'Cluen executive recruitment software']",PowerPoint Presentations,1 week,"Bond International Software Bond StaffSuite, SAP ERP Human Capital Management, Google Calendar"
224,Sales,Account Manager,26,Other,14,87882,3,0.4054,MEDIUM,3.02,2.99,2.94,671,"['Astute Solutions PowerCenter', 'MI-Assistant MI Management System', 'General Magic Portico', 'Sawtooth SSI Web', 'Electronic medical record EMR software']",PowerPoint Presentations,1 week,"Astute Solutions PowerCenter, MI-Assistant MI Management System, General Magic Portico"
225,Sales,Sales Executive,44,Other,9,125274,1,0.8049,HIGH,3.02,2.99,2.94,669,"['Astute Solutions PowerCenter', 'MI-Assistant MI Management System', 'General Magic Portico', 'Sawtooth SSI Web', 'Electronic medical record EMR software']",PowerPoint Presentations,1 week,"Astute Solutions PowerCenter, MI-Assistant MI Management System, General Magic Portico"
226,Finance,Auditor,32,Female,6,69596,3,0.205,LOW,3.02,2.99,2.94,1433,"['Microsoft Power BI', 'Brihzon Solutions SMART Dairy Resource Planning', 'TechHackers Swap @nalyst', 'Unger Software Methusaleh', 'Computer integrated manufacturing CIM software']",Git Version Control,1 week,"Microsoft Power BI, Brihzon Solutions SMART Dairy Resource Planning, TechHackers Swap @nalyst"
227,Support,Helpdesk,21,Male,4,150477,3,0.6048,HIGH,3.02,2.99,2.94,400,"['Delivery operations information system DOIS', 'Electronic medical record EMR software', 'StataCorp Stata', 'HVAC tools software', 'Evernote']",PowerPoint Presentations,1 week,"Delivery operations information system DOIS, Electronic medical record EMR software, StataCorp Stata"
228,Support,Support Engineer,39,Other,2,147300,3,0.4621,MEDIUM,3.02,2.99,2.94,399,"['Delivery operations information system DOIS', 'Electronic medical record EMR software', 'StataCorp Stata', 'HVAC tools software', 'Evernote']",PowerPoint Presentations,1 week,"Delivery operations information system DOIS, Electronic medical record EMR software, StataCorp Stata"
229,HR,HR Manager,28,Male,6,137113,3,0.0433,LOW,3.02,2.99,2.94,396,"['Bond International Software Bond StaffSuite', 'SAP ERP Human Capital Management', 'Google Calendar', 'Mentimeter', 'Cluen executive recruitment software']",PowerPoint Presentations,1 week,"Bond International Software Bond StaffSuite, SAP ERP Human Capital Management, Google Calendar"
230,Finance,Auditor,54,Other,9,43249,4,0.1307,LOW,3.02,2.99,2.94,1433,"['Microsoft Power BI', 'Brihzon Solutions SMART Dairy Resource Planning', 'TechHackers Swap @nalyst', 'Unger Software Methusaleh', 'Computer integrated manufacturing CIM software']",Git Version Control,1 week,"Microsoft Power BI, Brihzon Solutions SMART Dairy Resource Planning, TechHackers Swap @nalyst"
231,Finance,Accountant,27,Female,11,35448,4,0.4814,MEDIUM,3.02,2.99,2.94,1432,"['Microsoft Power BI', 'Brihzon Solutions SMART Dairy Resource Planning', 'TechHackers Swap @nalyst', 'Unger Software Methusaleh', 'Computer integrated manufacturing CIM software']",Git Version Control,1 week,"Microsoft Power BI, Brihzon Solutions SMART Dairy Resource Planning, TechHackers Swap @nalyst"
232,HR,HR Manager,56,Other,12,122891,4,0.3403,MEDIUM,3.02,2.99,2.94,397,"['Bond International Software Bond StaffSuite', 'SAP ERP Human Capital Management', 'Google Calendar', 'Mentimeter', 'Cluen executive recruitment software']",PowerPoint Presentations,1 week,"Bond International Software Bond StaffSuite, SAP ERP Human Capital Management, Google Calendar"
233,IT,Developer,24,Female,6,42837,4,0.418,MEDIUM,3.02,2.99,2.94,2492,"['Oxford Reference Online', 'Microsoft Power BI', 'XML Path Language XPATH', 'Teradata Active Enterprise Data Warehouse', 'BitWizard B.V. mtr']",Google Analytics Certification,3 weeks,"Oxford Reference Online, Microsoft Power BI, XML Path Language XPATH"
234,Finance,Accountant,29,Female,13,74702,3,0.1065,LOW,3.02,2.99,2.94,1433,"['Microsoft Power BI', 'Brihzon Solutions SMART Dairy Resource Planning', 'TechHackers Swap @nalyst', 'Unger Software Methusaleh', 'Computer integrated manufacturing CIM software']",Git Version Control,1 week,"Microsoft Power BI, Brihzon Solutions SMART Dairy Resource Planning, TechHackers Swap @nalyst"
235,HR,HR Executive,38,Female,14,112040,3,0.5046,MEDIUM,3.02,2.99,2.94,398,"['Bond International Software Bond StaffSuite', 'SAP ERP Human Capital Management', 'Google Calendar', 'Mentimeter', 'Cluen executive recruitment software']",PowerPoint Presentations,1 week,"Bond International Software Bond StaffSuite, SAP ERP Human Capital Management, Google Calendar"
236,Finance,Accountant,35,Female,11,170493,3,0.0974,LOW,3.02,2.99,2.94,1434,"['Microsoft Power BI', 'Brihzon Solutions SMART Dairy Resource Planning', 'TechHackers Swap @nalyst', 'Unger Software Methusaleh', 'Computer integrated manufacturing CIM software']",Git Version Control,1 week,"Microsoft Power BI, Brihzon Solutions SMART Dairy Resource Planning, TechHackers Swap @nalyst"
237,Sales,Account Manager,42,Male,2,44817,3,0.1122,LOW,3.02,2.99,2.94,670,"['Astute Solutions PowerCenter', 'MI-Assistant MI Management System', 'General Magic Portico', 'Sawtooth SSI Web', 'Electronic medical record EMR software']",PowerPoint Presentations,1 week,"Astute Solutions PowerCenter, MI-Assistant MI Management System, General Magic Portico"
238,Support,Support Engineer,56,Female,2,39070,3,0.0622,LOW,3.02,2.99,2.94,399,"['Delivery operations information system DOIS', 'Electronic medical record EMR software', 'StataCorp Stata', 'HVAC tools software', 'Evernote']",PowerPoint Presentations,1 week,"Delivery operations information system DOIS, Electronic medical record EMR software, StataCorp Stata"
239,Finance,Auditor,32,Female,3,107827,3,0.3493,MEDIUM,3.02,2.99,2.94,1434,"['Microsoft Power BI', 'Brihzon Solutions SMART Dairy Resource Planning', 'TechHackers Swap @nalyst', 'Unger Software Methusaleh', 'Computer integrated manufacturing CIM software']",Git Version Control,1 week,"Microsoft Power BI, Brihzon Solutions SMART Dairy Resource Planning, TechHackers Swap @nalyst"
240,IT,Developer,44,Female,5,170873,2,0.1346,LOW,3.02,2.99,2.94,2491,"['Oxford Reference Online', 'Microsoft Power BI', 'XML Path Language XPATH', 'Teradata Active Enterprise Data Warehouse', 'BitWizard B.V. mtr']",Google Analytics Certification,3 weeks,"Oxford Reference Online, Microsoft Power BI, XML Path Language XPATH"
241,Support,Helpdesk,55,Other,10,162151,3,0.0767,LOW,3.02,2.99,2.94,400,"['Delivery operations information system DOIS', 'Electronic medical record EMR software', 'StataCorp Stata', 'HVAC tools software', 'Evernote']",PowerPoint Presentations,1 week,"Delivery operations information system DOIS, Electronic medical record EMR software, StataCorp Stata"
242,Marketing,Content Lead,42,Female,12,170095,5,0.036,LOW,3.02,2.99,2.94,176,"['Oracle Java', 'Video production software', 'Mentimeter', 'JavaScript', 'Marketo Marketing Automation']",PowerPoint Presentations,1 week,"Oracle Java, Video production software, Mentimeter"
243,Support,Support Engineer,50,Female,13,155425,3,0.0756,LOW,3.02,2.99,2.94,401,"['Delivery operations information system DOIS', 'Electronic medical record EMR software', 'StataCorp Stata', 'HVAC tools software', 'Evernote']",PowerPoint Presentations,1 week,"Delivery operations information system DOIS, Electronic medical record EMR software, StataCorp Stata"
244,Support,Helpdesk,56,Other,2,75142,3,0.0809,LOW,3.02,2.99,2.94,401,"['Delivery operations information system DOIS', 'Electronic medical record EMR software', 'StataCorp Stata', 'HVAC tools software', 'Evernote']",PowerPoint Presentations,1 week,"Delivery operations information system DOIS, Electronic medical record EMR software, StataCorp Stata"
245,Sales,Sales Executive,25,Other,8,156837,2,0.7788,HIGH,3.02,2.99,2.94,669,"['Astute Solutions PowerCenter', 'MI-Assistant MI Management System', 'General Magic Portico', 'Sawtooth SSI Web', 'Electronic medical record EMR software']",PowerPoint Presentations,1 week,"Astute Solutions PowerCenter, MI-Assistant MI Management System, General Magic Portico"
246,Finance,Accountant,26,Female,6,32981,3,0.4315,MEDIUM,3.02,2.99,2.94,1433,"['Microsoft Power BI', 'Brihzon Solutions SMART Dairy Resource Planning', 'TechHackers Swap @nalyst', 'Unger Software Methusaleh', 'Computer integrated manufacturing CIM software']",Git Version Control,1 week,"Microsoft Power BI, Brihzon Solutions SMART Dairy Resource Planning, TechHackers Swap @nalyst"
247,IT,Engineer,39,Male,13,171542,3,0.5517,MEDIUM,3.02,2.99,2.94,2493,"['Oxford Reference Online', 'Microsoft Power BI', 'XML Path Language XPATH', 'Teradata Active Enterprise Data Warehouse', 'BitWizard B.V. mtr']",Google Analytics Certification,3 weeks,"Oxford Reference Online, Microsoft Power BI, XML Path Language XPATH"
248,IT,Engineer,23,Female,12,164893,2,0.4713,MEDIUM,3.02,2.99,2.94,2493,"['Oxford Reference Online', 'Microsoft Power BI', 'XML Path Language XPATH', 'Teradata Active Enterprise Data Warehouse', 'BitWizard B.V. mtr']",Git Version Control,1 week,"Oxford Reference Online, Microsoft Power BI, XML Path Language XPATH"
249,HR,HR Executive,49,Other,13,123450,3,0.1421,LOW,3.02,2.99,2.94,397,"['Bond International Software Bond StaffSuite', 'SAP ERP Human Capital Management', 'Google Calendar', 'Mentimeter', 'Cluen executive recruitment software']",PowerPoint Presentations,1 week,"Bond International Software Bond StaffSuite, SAP ERP Human Capital Management, Google Calendar"
250,IT,Developer,24,Male,6,99973,5,0.0461,LOW,3.02,2.99,2.94,2493,"['Oxford Reference Online', 'Microsoft Power BI', 'XML Path Language XPATH', 'Teradata Active Enterprise Data Warehouse', 'BitWizard B.V. mtr']",Git Version Control,1 week,"Oxford Reference Online, Microsoft Power BI, XML Path Language XPATH"
251,Finance,Accountant,22,Other,11,71184,3,0.5325,MEDIUM,3.02,2.99,2.94,1432,"['Microsoft Power BI', 'Brihzon Solutions SMART Dairy Resource Planning', 'TechHackers Swap @nalyst', 'Unger Software Methusaleh', 'Computer integrated manufacturing CIM software']",Git Version Control,1 week,"Microsoft Power BI, Brihzon Solutions SMART Dairy Resource Planning, TechHackers Swap @nalyst"
252,Support,Helpdesk,56,Male,4,169664,4,0.5881,MEDIUM,3.02,2.99,2.94,400,"['Delivery operations information system DOIS', 'Electronic medical record EMR software', 'StataCorp Stata', 'HVAC tools software', 'Evernote']",PowerPoint Presentations,1 week,"Delivery operations information system DOIS, Electronic medical record EMR software, StataCorp Stata"
253,Marketing,SEO Analyst,50,Female,6,102015,3,0.0434,LOW,3.02,2.99,2.94,175,"['Oracle Java', 'Video production software', 'Mentimeter', 'JavaScript', 'Microsoft Excel']",PowerPoint Presentations,1 week,"Oracle Java, Video production software, Mentimeter"
254,IT,Engineer,42,Female,11,83883,2,0.1041,LOW,3.02,2.99,2.94,2495,"['Oxford Reference Online', 'Microsoft Power BI', 'XML Path Language XPATH', 'Teradata Active Enterprise Data Warehouse', 'BitWizard B.V. mtr']",Git Version Control,1 week,"Oxford Reference Online, Microsoft Power BI, XML Path Language XPATH"
255,Sales,Sales Executive,44,Male,11,59968,4,0.4472,MEDIUM,3.02,2.99,2.94,670,"['Astute Solutions PowerCenter', 'MI-Assistant MI Management System', 'General Magic Portico', 'Sawtooth SSI Web', 'Electronic medical record EMR software']",PowerPoint Presentations,1 week,"Astute Solutions PowerCenter, MI-Assistant MI Management System, General Magic Portico"
256,HR,HR Manager,56,Male,15,146542,4,0.5823,MEDIUM,3.02,2.99,2.94,398,"['Bond International Software Bond StaffSuite', 'SAP ERP Human Capital Management', 'Google Calendar', 'Mentimeter', 'Cluen executive recruitment software']",PowerPoint Presentations,1 week,"Bond International Software Bond StaffSuite, SAP ERP Human Capital Management, Google Calendar"
257,Finance,Accountant,54,Other,6,91897,1,0.8286,HIGH,3.02,2.99,2.94,1433,"['Microsoft Power BI', 'Brihzon Solutions SMART Dairy Resource Planning', 'TechHackers Swap @nalyst', 'Unger Software Methusaleh', 'Computer integrated manufacturing CIM software']",Git Version Control,1 week,"Microsoft Power BI, Brihzon Solutions SMART Dairy Resource Planning, TechHackers Swap @nalyst"
258,HR,HR Executive,58,Female,9,178781,4,0.5502,MEDIUM,3.02,2.99,2.94,396,"['Bond International Software Bond StaffSuite', 'SAP ERP Human Capital Management', 'Google Calendar', 'Mentimeter', 'Cluen executive recruitment software']",PowerPoint Presentations,1 week,"Bond International Software Bond StaffSuite, SAP ERP Human Capital Management, Google Calendar"
259,Finance,Auditor,26,Female,5,109535,3,0.0956,LOW,3.02,2.99,2.94,1433,"['Microsoft Power BI', 'Brihzon Solutions SMART Dairy Resource Planning', 'TechHackers Swap @nalyst', 'Unger Software Methusaleh', 'Computer integrated manufacturing CIM software']",Git Version Control,1 week,"Microsoft Power BI, Brihzon Solutions SMART Dairy Resource Planning, TechHackers Swap @nalyst"
260,HR,HR Manager,37,Female,4,165808,4,0.493,MEDIUM,3.02,2.99,2.94,397,"['Bond International Software Bond StaffSuite', 'SAP ERP Human Capital Management', 'Google Calendar', 'Mentimeter', 'Cluen executive recruitment software']",PowerPoint Presentations,1 week,"Bond International Software Bond StaffSuite, SAP ERP Human Capital Management, Google Calendar"
261,Marketing,SEO Analyst,32,Male,3,84858,3,0.109,LOW,3.02,2.99,2.94,176,"['Oracle Java', 'Video production software', 'Mentimeter', 'JavaScript', 'Microsoft Excel']",PowerPoint Presentations,1 week,"Oracle Java, Video production software, Mentimeter"
262,IT,Tester,60,Female,2,77093,2,0.7983,HIGH,3.02,2.99,2.94,2494,"['Oxford Reference Online', 'Microsoft Power BI', 'XML Path Language XPATH', 'Teradata Active Enterprise Data Warehouse', 'BitWizard B.V. mtr']",Git Version Control,1 week,"Oxford Reference Online, Microsoft Power BI, XML Path Language XPATH"
263,IT,Engineer,55,Female,7,131743,2,0.4201,MEDIUM,3.02,2.99,2.94,2492,"['Oxford Reference Online', 'Microsoft Power BI', 'XML Path Language XPATH', 'Teradata Active Enterprise Data Warehouse', 'BitWizard B.V. mtr']",Git Version Control,1 week,"Oxford Reference Online, Microsoft Power BI, XML Path Language XPATH"
264,Finance,Auditor,55,Male,11,134434,3,0.6604,HIGH,3.02,2.99,2.94,1434,"['Microsoft Power BI', 'Brihzon Solutions SMART Dairy Resource Planning', 'TechHackers Swap @nalyst', 'Unger Software Methusaleh', 'Computer integrated manufacturing CIM software']",Git Version Control,1 week,"Microsoft Power BI, Brihzon Solutions SMART Dairy Resource Planning, TechHackers Swap @nalyst"
265,HR,HR Executive,24,Male,9,136945,4,0.6632,HIGH,3.02,2.99,2.94,398,"['Bond International Software Bond StaffSuite', 'SAP ERP Human Capital Management', 'Google Calendar', 'Mentimeter', 'Cluen executive recruitment software']",PowerPoint Presentations,1 week,"Bond International Software Bond StaffSuite, SAP ERP Human Capital Management, Google Calendar"
266,Marketing,Content Lead,43,Female,7,135916,3,0.0348,LOW,3.02,2.99,2.94,176,"['Oracle Java', 'Video production software', 'Mentimeter', 'JavaScript', 'Marketo Marketing Automation']",PowerPoint Presentations,1 week,"Oracle Java, Video production software, Mentimeter"
267,Support,Support Engineer,57,Male,12,93082,3,0.2103,LOW,3.02,2.99,2.94,399,"['Delivery operations information system DOIS', 'Electronic medical record EMR software', 'StataCorp Stata', 'HVAC tools software', 'Evernote']",PowerPoint Presentations,1 week,"Delivery operations information system DOIS, Electronic medical record EMR software, StataCorp Stata"
268,Marketing,Content Lead,29,Male,2,65014,3,0.0405,LOW,3.02,2.99,2.94,175,"['Oracle Java', 'Video production software', 'Mentimeter', 'JavaScript', 'Microsoft Excel']",PowerPoint Presentations,1 week,"Oracle Java, Video production software, Mentimeter"
269,HR,HR Executive,30,Other,4,112960,2,0.0884,LOW,3.02,2.99,2.94,397,"['Bond International Software Bond StaffSuite', 'SAP ERP Human Capital Management', 'Google Calendar', 'Mentimeter', 'Cluen executive recruitment software']",PowerPoint Presentations,1 week,"Bond International Software Bond StaffSuite, SAP ERP Human Capital Management, Google Calendar"
270,HR,HR Executive,52,Other,8,132414,3,0.3349,MEDIUM,3.02,2.99,2.94,396,"['Bond International Software Bond StaffSuite', 'SAP ERP Human Capital Management', 'Google Calendar', 'Mentimeter', 'Cluen executive recruitment software']",PowerPoint Presentations,1 week,"Bond International Software Bond StaffSuite, SAP ERP Human Capital Management, Google Calendar"
271,Finance,Accountant,35,Other,5,143004,3,0.1026,LOW,3.02,2.99,2.94,1433,"['Microsoft Power BI', 'Brihzon Solutions SMART Dairy Resource Planning', 'TechHackers Swap @nalyst', 'Unger Software Methusaleh', 'Computer integrated manufacturing CIM software']",Git Version Control,1 week,"Microsoft Power BI, Brihzon Solutions SMART Dairy Resource Planning, TechHackers Swap @nalyst"
272,Marketing,Content Lead,56,Male,6,54712,1,0.1731,LOW,3.02,2.99,2.94,174,"['Oracle Java', 'Video production software', 'Mentimeter', 'JavaScript', 'Marketo Marketing Automation']",PowerPoint Presentations,1 week,"Oracle Java, Video production software, Mentimeter"
273,Sales,Account Manager,30,Male,7,153348,5,0.3071,MEDIUM,3.02,2.99,2.94,669,"['Astute Solutions PowerCenter', 'MI-Assistant MI Management System', 'General Magic Portico', 'Sawtooth SSI Web', 'Electronic medical record EMR software']",PowerPoint Presentations,1 week,"Astute Solutions PowerCenter, MI-Assistant MI Management System, General Magic Portico"
274,IT,Tester,55,Male,10,174508,3,0.0853,LOW,3.02,2.99,2.94,2493,"['Oxford Reference Online', 'Microsoft Power BI', 'XML Path Language XPATH', 'Teradata Active Enterprise Data Warehouse', 'BitWizard B.V. mtr']",Git Version Control,1 week,"Oxford Reference Online, Microsoft Power BI, XML Path Language XPATH"
275,HR,HR Manager,26,Female,6,144116,4,0.4564,MEDIUM,3.02,2.99,2.94,397,"['Bond International Software Bond StaffSuite', 'SAP ERP Human Capital Management', 'Google Calendar', 'Mentimeter', 'Cluen executive recruitment software']",PowerPoint Presentations,1 week,"Bond International Software Bond StaffSuite, SAP ERP Human Capital Management, Google Calendar"
276,IT,Engineer,56,Male,6,159885,1,0.0622,LOW,3.02,2.99,2.94,2494,"['Oxford Reference Online', 'Microsoft Power BI', 'XML Path Language XPATH', 'Teradata Active Enterprise Data Warehouse', 'BitWizard B.V. mtr']",Advanced Excel,2 weeks,"Oxford Reference Online, Microsoft Power BI, XML Path Language XPATH"
277,Sales,Account Manager,27,Female,15,169508,4,0.0711,LOW,3.02,2.99,2.94,669,"['Astute Solutions PowerCenter', 'MI-Assistant MI Management System', 'General Magic Portico', 'Sawtooth SSI Web', 'Electronic medical record EMR software']",PowerPoint Presentations,1 week,"Astute Solutions PowerCenter, MI-Assistant MI Management System, General Magic Portico"
278,Sales,Sales Executive,38,Male,2,177664,2,0.7917,HIGH,3.02,2.99,2.94,669,"['Astute Solutions PowerCenter', 'MI-Assistant MI Management System', 'General Magic Portico', 'Sawtooth SSI Web', 'Electronic medical record EMR software']",PowerPoint Presentations,1 week,"Astute Solutions PowerCenter, MI-Assistant MI Management System, General Magic Portico"
279,Sales,Account Manager,21,Male,10,47481,3,0.0994,LOW,3.02,2.99,2.94,670,"['Astute Solutions PowerCenter', 'MI-Assistant MI Management System', 'General Magic Portico', 'Sawtooth SSI Web', 'Electronic medical record EMR software']",PowerPoint Presentations,1 week,"Astute Solutions PowerCenter, MI-Assistant MI Management System, General Magic Portico"
280,Finance,Auditor,46,Other,3,30120,4,0.2616,LOW,3.02,2.99,2.94,1434,"['Microsoft Power BI', 'Brihzon Solutions SMART Dairy Resource Planning', 'TechHackers Swap @nalyst', 'Unger Software Methusaleh', 'Computer integrated manufacturing CIM software']",Git Version Control,1 week,"Microsoft Power BI, Brihzon Solutions SMART Dairy Resource Planning, TechHackers Swap @nalyst"
281,Sales,Account Manager,50,Other,7,142858,4,0.2592,LOW,3.02,2.99,2.94,669,"['Astute Solutions PowerCenter', 'MI-Assistant MI Management System', 'General Magic Portico', 'Sawtooth SSI Web', 'Electronic medical record EMR software']",PowerPoint Presentations,1 week,"Astute Solutions PowerCenter, MI-Assistant MI Management System, General Magic Portico"
282,Finance,Accountant,31,Female,15,105734,3,0.4439,MEDIUM,3.02,2.99,2.94,1433,"['Microsoft Power BI', 'Brihzon Solutions SMART Dairy Resource Planning', 'TechHackers Swap @nalyst', 'Unger Software Methusaleh', 'Computer integrated manufacturing CIM software']",Git Version Control,1 week,"Microsoft Power BI, Brihzon Solutions SMART Dairy Resource Planning, TechHackers Swap @nalyst"
283,HR,HR Manager,51,Other,13,162145,2,0.7888,HIGH,3.02,2.99,2.94,396,"['Bond International Software Bond StaffSuite', 'SAP ERP Human Capital Management', 'Google Calendar', 'Mentimeter', 'Cluen executive recruitment software']",PowerPoint Presentations,1 week,"Bond International Software Bond StaffSuite, SAP ERP Human Capital Management, Google Calendar"
284,Support,Helpdesk,24,Other,13,46636,2,0.727,HIGH,3.02,2.99,2.94,401,"['Delivery operations information system DOIS', 'Electronic medical record EMR software', 'StataCorp Stata', 'HVAC tools software', 'Evernote']",PowerPoint Presentations,1 week,"Delivery operations information system DOIS, Electronic medical record EMR software, StataCorp Stata"
285,Support,Helpdesk,32,Male,15,170728,3,0.5232,MEDIUM,3.02,2.99,2.94,400,"['Delivery operations information system DOIS', 'Electronic medical record EMR software', 'StataCorp Stata', 'HVAC tools software', 'Evernote']",PowerPoint Presentations,1 week,"Delivery operations information system DOIS, Electronic medical record EMR software, StataCorp Stata"
286,Sales,Sales Executive,27,Female,11,133923,4,0.1612,LOW,3.02,2.99,2.94,669,"['Astute Solutions PowerCenter', 'MI-Assistant MI Management System', 'General Magic Portico', 'Sawtooth SSI Web', 'Electronic medical record EMR software']",PowerPoint Presentations,1 week,"Astute Solutions PowerCenter, MI-Assistant MI Management System, General Magic Portico"
287,IT,Developer,57,Other,4,79891,5,0.3657,MEDIUM,3.02,2.99,2.94,2493,"['Oxford Reference Online', 'Microsoft Power BI', 'XML Path Language XPATH', 'Teradata Active Enterprise Data Warehouse', 'BitWizard B.V. mtr']",Advanced Excel,2 weeks,"Oxford Reference Online, Microsoft Power BI, XML Path Language XPATH"
288,Marketing,SEO Analyst,21,Female,13,58705,3,0.5104,MEDIUM,3.02,2.99,2.94,175,"['Oracle Java', 'Video production software', 'Mentimeter', 'JavaScript', 'Marketo Marketing Automation']",PowerPoint Presentations,1 week,"Oracle Java, Video production software, Mentimeter"
289,Marketing,Content Lead,22,Male,10,119161,4,0.0718,LOW,3.02,2.99,2.94,177,"['Oracle Java', 'Video production software', 'Mentimeter', 'JavaScript', 'Microsoft Excel']",PowerPoint Presentations,1 week,"Oracle Java, Video production software, Mentimeter"
290,Sales,Sales Executive,38,Female,3,122362,3,0.2436,LOW,3.02,2.99,2.94,670,"['Astute Solutions PowerCenter', 'MI-Assistant MI Management System', 'General Magic Portico', 'Sawtooth SSI Web', 'Electronic medical record EMR software']",PowerPoint Presentations,1 week,"Astute Solutions PowerCenter, MI-Assistant MI Management System, General Magic Portico"
291,IT,Developer,57,Other,8,122097,3,0.3795,MEDIUM,3.02,2.99,2.94,2493,"['Oxford Reference Online', 'Microsoft Power BI', 'XML Path Language XPATH', 'Teradata Active Enterprise Data Warehouse', 'BitWizard B.V. mtr']",Git Version Control,1 week,"Oxford Reference Online, Microsoft Power BI, XML Path Language XPATH"
292,Sales,Sales Executive,53,Other,9,99804,3,0.5301,MEDIUM,3.02,2.99,2.94,669,"['Astute Solutions PowerCenter', 'MI-Assistant MI Management System', 'General Magic Portico', 'Sawtooth SSI Web', 'Electronic medical record EMR software']",PowerPoint Presentations,1 week,"Astute Solutions PowerCenter, MI-Assistant MI Management System, General Magic Portico"
293,HR,HR Manager,21,Female,8,68709,4,0.5163,MEDIUM,3.02,2.99,2.94,397,"['Bond International Software Bond StaffSuite', 'SAP ERP Human Capital Management', 'Google Calendar', 'Mentimeter', 'Cluen executive recruitment software']",PowerPoint Presentations,1 week,"Bond International Software Bond StaffSuite, SAP ERP Human Capital Management, Google Calendar"
294,HR,HR Manager,29,Female,8,73431,5,0.5246,MEDIUM,3.02,2.99,2.94,397,"['Bond International Software Bond StaffSuite', 'SAP ERP Human Capital Management', 'Google Calendar', 'Mentimeter', 'Cluen executive recruitment software']",PowerPoint Presentations,1 week,"Bond International Software Bond StaffSuite, SAP ERP Human Capital Management, Google Calendar"
295,Support,Helpdesk,45,Male,2,152937,5,0.2602,LOW,3.02,2.99,2.94,400,"['Delivery operations information system DOIS', 'Electronic medical record EMR software', 'StataCorp Stata', 'HVAC tools software', 'Evernote']",PowerPoint Presentations,1 week,"Delivery operations information system DOIS, Electronic medical record EMR software, StataCorp Stata"
296,Support,Support Engineer,24,Male,8,50829,3,0.4309,MEDIUM,3.02,2.99,2.94,400,"['Delivery operations information system DOIS', 'Electronic medical record EMR software', 'StataCorp Stata', 'HVAC tools software', 'Evernote']",PowerPoint Presentations,1 week,"Delivery operations information system DOIS, Electronic medical record EMR software, StataCorp Stata"
297,Support,Helpdesk,22,Female,14,91538,3,0.1323,LOW,3.02,2.99,2.94,400,"['Delivery operations information system DOIS', 'Electronic medical record EMR software', 'StataCorp Stata', 'HVAC tools software', 'Evernote']",PowerPoint Presentations,1 week,"Delivery operations information system DOIS, Electronic medical record EMR software, StataCorp Stata"
298,Sales,Account Manager,53,Other,10,72612,4,0.0706,LOW,3.02,2.99,2.94,669,"['Astute Solutions PowerCenter', 'MI-Assistant MI Management System', 'General Magic Portico', 'Sawtooth SSI Web', 'Electronic medical record EMR software']",PowerPoint Presentations,1 week,"Astute Solutions PowerCenter, MI-Assistant MI Management System, General Magic Portico"
299,HR,HR Manager,26,Male,10,113808,3,0.0533,LOW,3.02,2.99,2.94,396,"['Bond International Software Bond StaffSuite', 'SAP ERP Human Capital Management', 'Google Calendar', 'Mentimeter', 'Cluen executive recruitment software']",PowerPoint Presentations,1 week,"Bond International Software Bond StaffSuite, SAP ERP Human Capital Management, Google Calendar"
300,Finance,Accountant,30,Female,8,78248,4,0.5847,MEDIUM,3.02,2.99,2.94,1434,"['Microsoft Power BI', 'Brihzon Solutions SMART Dairy Resource Planning', 'TechHackers Swap @nalyst', 'Unger Software Methusaleh', 'Computer integrated manufacturing CIM software']",Git Version Control,1 week,"Microsoft Power BI, Brihzon Solutions SMART Dairy Resource Planning, TechHackers Swap @nalyst"
301,Marketing,Content Lead,22,Male,6,36366,4,0.0421,LOW,3.02,2.99,2.94,174,"['Oracle Java', 'Video production software', 'Mentimeter', 'JavaScript', 'Marketo Marketing Automation']",PowerPoint Presentations,1 week,"Oracle Java, Video production software, Mentimeter"
302,Finance,Auditor,34,Other,4,124118,3,0.3243,MEDIUM,3.02,2.99,2.94,1434,"['Microsoft Power BI', 'Brihzon Solutions SMART Dairy Resource Planning', 'TechHackers Swap @nalyst', 'Unger Software Methusaleh', 'Computer integrated manufacturing CIM software']",Git Version Control,1 week,"Microsoft Power BI, Brihzon Solutions SMART Dairy Resource Planning, TechHackers Swap @nalyst"
303,Sales,Account Manager,42,Other,4,173076,4,0.5532,MEDIUM,3.02,2.99,2.94,670,"['Astute Solutions PowerCenter', 'MI-Assistant MI Management System', 'General Magic Portico', 'Sawtooth SSI Web', 'Electronic medical record EMR software']",PowerPoint Presentations,1 week,"Astute Solutions PowerCenter, MI-Assistant MI Management System, General Magic Portico"
304,Sales,Sales Executive,30,Male,6,60148,3,0.1042,LOW,3.02,2.99,2.94,670,"['Astute Solutions PowerCenter', 'MI-Assistant MI Management System', 'General Magic Portico', 'Sawtooth SSI Web', 'Electronic medical record EMR software']",PowerPoint Presentations,1 week,"Astute Solutions PowerCenter, MI-Assistant MI Management System, General Magic Portico"
305,IT,Developer,48,Female,3,179876,3,0.0647,LOW,3.02,2.99,2.94,2493,"['Oxford Reference Online', 'Microsoft Power BI', 'XML Path Language XPATH', 'Teradata Active Enterprise Data Warehouse', 'BitWizard B.V. mtr']",Advanced Excel,2 weeks,"Oxford Reference Online, Microsoft Power BI, XML Path Language XPATH"
306,IT,Engineer,50,Female,12,71648,3,0.078,LOW,3.02,2.99,2.94,2491,"['Oxford Reference Online', 'Microsoft Power BI', 'XML Path Language XPATH', 'Teradata Active Enterprise Data Warehouse', 'BitWizard B.V. mtr']",Google Analytics Certification,3 weeks,"Oxford Reference Online, Microsoft Power BI, XML Path Language XPATH"
307,Finance,Auditor,50,Female,15,129341,4,0.5531,MEDIUM,3.02,2.99,2.94,1434,"['Microsoft Power BI', 'Brihzon Solutions SMART Dairy Resource Planning', 'TechHackers Swap @nalyst', 'Unger Software Methusaleh', 'Computer integrated manufacturing CIM software']",Git Version Control,1 week,"Microsoft Power BI, Brihzon Solutions SMART Dairy Resource Planning, TechHackers Swap @nalyst"
308,HR,HR Manager,32,Male,8,154022,3,0.0768,LOW,3.02,2.99,2.94,396,"['Bond International Software Bond StaffSuite', 'SAP ERP Human Capital Management', 'Google Calendar', 'Mentimeter', 'Cluen executive recruitment software']",PowerPoint Presentations,1 week,"Bond International Software Bond StaffSuite, SAP ERP Human Capital Management, Google Calendar"
309,IT,Developer,49,Male,10,38841,3,0.2911,LOW,3.02,2.99,2.94,2493,"['Oxford Reference Online', 'Microsoft Power BI', 'XML Path Language XPATH', 'Teradata Active Enterprise Data Warehouse', 'BitWizard B.V. mtr']",Git Version Control,1 week,"Oxford Reference Online, Microsoft Power BI, XML Path Language XPATH"
310,HR,HR Manager,28,Other,15,54740,4,0.5315,MEDIUM,3.02,2.99,2.94,397,"['Bond International Software Bond StaffSuite', 'SAP ERP Human Capital Management', 'Google Calendar', 'Mentimeter', 'Cluen executive recruitment software']",PowerPoint Presentations,1 week,"Bond International Software Bond StaffSuite, SAP ERP Human Capital Management, Google Calendar"
311,HR,HR Executive,59,Female,14,53573,2,0.0323,LOW,3.02,2.99,2.94,397,"['Bond International Software Bond StaffSuite', 'SAP ERP Human Capital Management', 'Google Calendar', 'Mentimeter', 'Cluen executive recruitment software']",PowerPoint Presentations,1 week,"Bond International Software Bond StaffSuite, SAP ERP Human Capital Management, Google Calendar"
312,Support,Helpdesk,37,Male,14,176277,4,0.0625,LOW,3.02,2.99,2.94,399,"['Delivery operations information system DOIS', 'Electronic medical record EMR software', 'StataCorp Stata', 'HVAC tools software', 'Evernote']",PowerPoint Presentations,1 week,"Delivery operations information system DOIS, Electronic medical record EMR software, StataCorp Stata"
313,Support,Support Engineer,27,Other,12,107565,2,0.7482,HIGH,3.02,2.99,2.94,400,"['Delivery operations information system DOIS', 'Electronic medical record EMR software', 'StataCorp Stata', 'HVAC tools software', 'Evernote']",PowerPoint Presentations,1 week,"Delivery operations information system DOIS, Electronic medical record EMR software, StataCorp Stata"
314,HR,HR Manager,47,Other,3,46944,2,0.7189,HIGH,3.02,2.99,2.94,397,"['Bond International Software Bond StaffSuite', 'SAP ERP Human Capital Management', 'Google Calendar', 'Mentimeter', 'Cluen executive recruitment software']",PowerPoint Presentations,1 week,"Bond International Software Bond StaffSuite, SAP ERP Human Capital Management, Google Calendar"
315,Sales,Sales Executive,35,Male,15,45633,3,0.3933,MEDIUM,3.02,2.99,2.94,670,"['Astute Solutions PowerCenter', 'MI-Assistant MI Management System', 'General Magic Portico', 'Sawtooth SSI Web', 'Electronic medical record EMR software']",PowerPoint Presentations,1 week,"Astute Solutions PowerCenter, MI-Assistant MI Management System, General Magic Portico"
316,Finance,Accountant,35,Male,14,167197,3,0.0568,LOW,3.02,2.99,2.94,1433,"['Microsoft Power BI', 'Brihzon Solutions SMART Dairy Resource Planning', 'TechHackers Swap @nalyst', 'Unger Software Methusaleh', 'Computer integrated manufacturing CIM software']",Git Version Control,1 week,"Microsoft Power BI, Brihzon Solutions SMART Dairy Resource Planning, TechHackers Swap @nalyst"
317,Sales,Account Manager,55,Male,7,112507,5,0.0788,LOW,3.02,2.99,2.94,670,"['Astute Solutions PowerCenter', 'MI-Assistant MI Management System', 'General Magic Portico', 'Sawtooth SSI Web', 'Electronic medical record EMR software']",PowerPoint Presentations,1 week,"Astute Solutions PowerCenter, MI-Assistant MI Management System, General Magic Portico"
318,Sales,Account Manager,33,Female,2,90509,3,0.3842,MEDIUM,3.02,2.99,2.94,670,"['Astute Solutions PowerCenter', 'MI-Assistant MI Management System', 'General Magic Portico', 'Sawtooth SSI Web', 'Electronic medical record EMR software']",PowerPoint Presentations,1 week,"Astute Solutions PowerCenter, MI-Assistant MI Management System, General Magic Portico"
319,HR,HR Executive,45,Female,12,150675,1,0.7455,HIGH,3.02,2.99,2.94,397,"['Bond International Software Bond StaffSuite', 'SAP ERP Human Capital Management', 'Google Calendar', 'Mentimeter', 'Cluen executive recruitment software']",PowerPoint Presentations,1 week,"Bond International Software Bond StaffSuite, SAP ERP Human Capital Management, Google Calendar"
320,Marketing,SEO Analyst,46,Female,10,71300,3,0.4718,MEDIUM,3.02,2.99,2.94,174,"['Oracle Java', 'Video production software', 'Mentimeter', 'JavaScript', 'Marketo Marketing Automation']",PowerPoint Presentations,1 week,"Oracle Java, Video production software, Mentimeter"
321,Marketing,SEO Analyst,60,Male,9,77783,3,0.0366,LOW,3.02,2.99,2.94,174,"['Oracle Java', 'Video production software', 'Mentimeter', 'JavaScript', 'Marketo Marketing Automation']",PowerPoint Presentations,1 week,"Oracle Java, Video production software, Mentimeter"
322,IT,Tester,58,Other,10,109972,4,0.6471,HIGH,3.02,2.99,2.94,2491,"['Oxford Reference Online', 'Microsoft Power BI', 'XML Path Language XPATH', 'Teradata Active Enterprise Data Warehouse', 'BitWizard B.V. mtr']",Git Version Control,1 week,"Oxford Reference Online, Microsoft Power BI, XML Path Language XPATH"
323,Marketing,Content Lead,37,Male,5,148267,4,0.4336,MEDIUM,3.02,2.99,2.94,175,"['Oracle Java', 'Video production software', 'Mentimeter', 'JavaScript', 'Marketo Marketing Automation']",PowerPoint Presentations,1 week,"Oracle Java, Video production software, Mentimeter"
324,IT,Tester,56,Other,7,131748,3,0.6372,HIGH,3.02,2.99,2.94,2492,"['Oxford Reference Online', 'Microsoft Power BI', 'XML Path Language XPATH', 'Teradata Active Enterprise Data Warehouse', 'BitWizard B.V. mtr']",Advanced Excel,2 weeks,"Oxford Reference Online, Microsoft Power BI, XML Path Language XPATH"
325,IT,Engineer,51,Male,12,145326,3,0.0963,LOW,3.02,2.99,2.94,2492,"['Oxford Reference Online', 'Microsoft Power BI', 'XML Path Language XPATH', 'Teradata Active Enterprise Data Warehouse', 'BitWizard B.V. mtr']",Google Analytics Certification,3 weeks,"Oxford Reference Online, Microsoft Power BI, XML Path Language XPATH"
326,Marketing,Content Lead,32,Male,3,145172,5,0.5267,MEDIUM,3.02,2.99,2.94,175,"['Oracle Java', 'Video production software', 'Mentimeter', 'JavaScript', 'Marketo Marketing Automation']",PowerPoint Presentations,1 week,"Oracle Java, Video production software, Mentimeter"
327,Sales,Sales Executive,25,Other,13,140663,3,0.3448,MEDIUM,3.02,2.99,2.94,670,"['Astute Solutions PowerCenter', 'MI-Assistant MI Management System', 'General Magic Portico', 'Sawtooth SSI Web', 'Electronic medical record EMR software']",PowerPoint Presentations,1 week,"Astute Solutions PowerCenter, MI-Assistant MI Management System, General Magic Portico"
328,Finance,Accountant,25,Male,4,122261,1,0.7879,HIGH,3.02,2.99,2.94,1433,"['Microsoft Power BI', 'Brihzon Solutions SMART Dairy Resource Planning', 'TechHackers Swap @nalyst', 'Unger Software Methusaleh', 'Computer integrated manufacturing CIM software']",Git Version Control,1 week,"Microsoft Power BI, Brihzon Solutions SMART Dairy Resource Planning, TechHackers Swap @nalyst"
329,HR,HR Manager,31,Female,12,35923,4,0.2517,LOW,3.02,2.99,2.94,397,"['Bond International Software Bond StaffSuite', 'SAP ERP Human Capital Management', 'Google Calendar', 'Mentimeter', 'Cluen executive recruitment software']",PowerPoint Presentations,1 week,"Bond International Software Bond StaffSuite, SAP ERP Human Capital Management, Google Calendar"
330,IT,Developer,47,Female,14,121204,4,0.6715,HIGH,3.02,2.99,2.94,2493,"['Oxford Reference Online', 'Microsoft Power BI', 'XML Path Language XPATH', 'Teradata Active Enterprise Data Warehouse', 'BitWizard B.V. mtr']",Git Version Control,1 week,"Oxford Reference Online, Microsoft Power BI, XML Path Language XPATH"
331,Sales,Account Manager,56,Other,5,48764,3,0.0611,LOW,3.02,2.99,2.94,669,"['Astute Solutions PowerCenter', 'MI-Assistant MI Management System', 'General Magic Portico', 'Sawtooth SSI Web', 'Electronic medical record EMR software']",PowerPoint Presentations,1 week,"Astute Solutions PowerCenter, MI-Assistant MI Management System, General Magic Portico"
332,Sales,Sales Executive,43,Female,5,111995,4,0.0928,LOW,3.02,2.99,2.94,671,"['Astute Solutions PowerCenter', 'MI-Assistant MI Management System', 'General Magic Portico', 'Sawtooth SSI Web', 'Electronic medical record EMR software']",PowerPoint Presentations,1 week,"Astute Solutions PowerCenter, MI-Assistant MI Management System, General Magic Portico"
333,HR,HR Manager,23,Female,7,146939,3,0.0927,LOW,3.02,2.99,2.94,397,"['Bond International Software Bond StaffSuite', 'SAP ERP Human Capital Management', 'Google Calendar', 'Mentimeter', 'Cluen executive recruitment software']",PowerPoint Presentations,1 week,"Bond International Software Bond StaffSuite, SAP ERP Human Capital Management, Google Calendar"
334,Sales,Account Manager,38,Male,3,131509,5,0.3642,MEDIUM,3.02,2.99,2.94,670,"['Astute Solutions PowerCenter', 'MI-Assistant MI Management System', 'General Magic Portico', 'Sawtooth SSI Web', 'Electronic medical record EMR software']",PowerPoint Presentations,1 week,"Astute Solutions PowerCenter, MI-Assistant MI Management System, General Magic Portico"
335,Support,Support Engineer,36,Other,9,49565,2,0.4705,MEDIUM,3.02,2.99,2.94,399,"['Delivery operations information system DOIS', 'Electronic medical record EMR software', 'StataCorp Stata', 'HVAC tools software', 'Evernote']",PowerPoint Presentations,1 week,"Delivery operations information system DOIS, Electronic medical record EMR software, StataCorp Stata"
336,HR,HR Executive,35,Female,10,85186,3,0.619,HIGH,3.02,2.99,2.94,397,"['Bond International Software Bond StaffSuite', 'SAP ERP Human Capital Management', 'Google Calendar', 'Mentimeter', 'Cluen executive recruitment software']",PowerPoint Presentations,1 week,"Bond International Software Bond StaffSuite, SAP ERP Human Capital Management, Google Calendar"
337,Marketing,SEO Analyst,37,Female,11,170101,3,0.2133,LOW,3.02,2.99,2.94,176,"['Oracle Java', 'Video production software', 'Mentimeter', 'JavaScript', 'Microsoft Excel']",PowerPoint Presentations,1 week,"Oracle Java, Video production software, Mentimeter"
338,Marketing,SEO Analyst,42,Female,6,166547,3,0.4617,MEDIUM,3.02,2.99,2.94,175,"['Oracle Java', 'Video production software', 'Mentimeter', 'JavaScript', 'Microsoft Excel']",PowerPoint Presentations,1 week,"Oracle Java, Video production software, Mentimeter"
339,Marketing,Content Lead,46,Male,4,136830,3,0.0505,LOW,3.02,2.99,2.94,175,"['Oracle Java', 'Video production software', 'Mentimeter', 'JavaScript', 'Microsoft Excel']",PowerPoint Presentations,1 week,"Oracle Java, Video production software, Mentimeter"
340,Marketing,Content Lead,36,Other,13,89473,3,0.2175,LOW,3.02,2.99,2.94,176,"['Oracle Java', 'Video production software', 'Mentimeter', 'JavaScript', 'Microsoft Excel']",PowerPoint Presentations,1 week,"Oracle Java, Video production software, Mentimeter"
341,Finance,Auditor,28,Female,2,80131,3,0.5991,MEDIUM,3.02,2.99,2.94,1432,"['Microsoft Power BI', 'Brihzon Solutions SMART Dairy Resource Planning', 'TechHackers Swap @nalyst', 'Unger Software Methusaleh', 'Computer integrated manufacturing CIM software']",Git Version Control,1 week,"Microsoft Power BI, Brihzon Solutions SMART Dairy Resource Planning, TechHackers Swap @nalyst"
342,IT,Tester,36,Female,8,60436,4,0.6108,HIGH,3.02,2.99,2.94,2495,"['Oxford Reference Online', 'Microsoft Power BI', 'XML Path Language XPATH', 'Teradata Active Enterprise Data Warehouse', 'BitWizard B.V. mtr']",Git Version Control,1 week,"Oxford Reference Online, Microsoft Power BI, XML Path Language XPATH"
343,HR,HR Executive,42,Female,4,167857,3,0.0889,LOW,3.02,2.99,2.94,397,"['Bond International Software Bond StaffSuite', 'SAP ERP Human Capital Management', 'Google Calendar', 'Mentimeter', 'Cluen executive recruitment software']",PowerPoint Presentations,1 week,"Bond International Software Bond StaffSuite, SAP ERP Human Capital Management, Google Calendar"
344,Finance,Auditor,33,Female,4,153228,4,0.4568,MEDIUM,3.02,2.99,2.94,1435,"['Microsoft Power BI', 'Brihzon Solutions SMART Dairy Resource Planning', 'TechHackers Swap @nalyst', 'Unger Software Methusaleh', 'Computer integrated manufacturing CIM software']",Git Version Control,1 week,"Microsoft Power BI, Brihzon Solutions SMART Dairy Resource Planning, TechHackers Swap @nalyst"
345,Finance,Accountant,47,Male,4,109066,3,0.2494,LOW,3.02,2.99,2.94,1432,"['Microsoft Power BI', 'Brihzon Solutions SMART Dairy Resource Planning', 'TechHackers Swap @nalyst', 'Unger Software Methusaleh', 'Computer integrated manufacturing CIM software']",Git Version Control,1 week,"Microsoft Power BI, Brihzon Solutions SMART Dairy Resource Planning, TechHackers Swap @nalyst"
346,HR,HR Manager,55,Male,9,136921,3,0.7091,HIGH,3.02,2.99,2.94,396,"['Bond International Software Bond StaffSuite', 'SAP ERP Human Capital Management', 'Google Calendar', 'Mentimeter', 'Cluen executive recruitment software']",PowerPoint Presentations,1 week,"Bond International Software Bond StaffSuite, SAP ERP Human Capital Management, Google Calendar"
347,HR,HR Executive,32,Male,4,99855,4,0.0867,LOW,3.02,2.99,2.94,396,"['Bond International Software Bond StaffSuite', 'SAP ERP Human Capital Management', 'Google Calendar', 'Mentimeter', 'Cluen executive recruitment software']",PowerPoint Presentations,1 week,"Bond International Software Bond StaffSuite, SAP ERP Human Capital Management, Google Calendar"
348,IT,Developer,36,Male,15,40969,2,0.7707,HIGH,3.02,2.99,2.94,2491,"['Oxford Reference Online', 'Microsoft Power BI', 'XML Path Language XPATH', 'Teradata Active Enterprise Data Warehouse', 'BitWizard B.V. mtr']",Google Analytics Certification,3 weeks,"Oxford Reference Online, Microsoft Power BI, XML Path Language XPATH"
349,Sales,Sales Executive,21,Other,10,88812,5,0.0914,LOW,3.02,2.99,2.94,670,"['Astute Solutions PowerCenter', 'MI-Assistant MI Management System', 'General Magic Portico', 'Sawtooth SSI Web', 'Electronic medical record EMR software']",PowerPoint Presentations,1 week,"Astute Solutions PowerCenter, MI-Assistant MI Management System, General Magic Portico"
350,Marketing,Content Lead,33,Female,13,96146,3,0.0367,LOW,3.02,2.99,2.94,175,"['Oracle Java', 'Video production software', 'Mentimeter', 'JavaScript', 'Marketo Marketing Automation']",PowerPoint Presentations,1 week,"Oracle Java, Video production software, Mentimeter"
351,HR,HR Manager,33,Male,10,76013,3,0.0635,LOW,3.02,2.99,2.94,396,"['Bond International Software Bond StaffSuite', 'SAP ERP Human Capital Management', 'Google Calendar', 'Mentimeter', 'Cluen executive recruitment software']",PowerPoint Presentations,1 week,"Bond International Software Bond StaffSuite, SAP ERP Human Capital Management, Google Calendar"
352,Support,Helpdesk,53,Male,7,86146,2,0.7221,HIGH,3.02,2.99,2.94,401,"['Delivery operations information system DOIS', 'Electronic medical record EMR software', 'StataCorp Stata', 'HVAC tools software', 'Evernote']",PowerPoint Presentations,1 week,"Delivery operations information system DOIS, Electronic medical record EMR software, StataCorp Stata"
353,IT,Tester,36,Female,5,133790,4,0.088,LOW,3.02,2.99,2.94,2493,"['Oxford Reference Online', 'Microsoft Power BI', 'XML Path Language XPATH', 'Teradata Active Enterprise Data Warehouse', 'BitWizard B.V. mtr']",Git Version Control,1 week,"Oxford Reference Online, Microsoft Power BI, XML Path Language XPATH"
354,Support,Helpdesk,47,Female,5,82116,4,0.1208,LOW,3.02,2.99,2.94,400,"['Delivery operations information system DOIS', 'Electronic medical record EMR software', 'StataCorp Stata', 'HVAC tools software', 'Evernote']",PowerPoint Presentations,1 week,"Delivery operations information system DOIS, Electronic medical record EMR software, StataCorp Stata"
355,Sales,Account Manager,36,Female,5,174515,4,0.0456,LOW,3.02,2.99,2.94,669,"['Astute Solutions PowerCenter', 'MI-Assistant MI Management System', 'General Magic Portico', 'Sawtooth SSI Web', 'Electronic medical record EMR software']",PowerPoint Presentations,1 week,"Astute Solutions PowerCenter, MI-Assistant MI Management System, General Magic Portico"
356,IT,Tester,51,Female,11,32394,3,0.435,MEDIUM,3.02,2.99,2.94,2492,"['Oxford Reference Online', 'Microsoft Power BI', 'XML Path Language XPATH', 'Teradata Active Enterprise Data Warehouse', 'BitWizard B.V. mtr']",Git Version Control,1 week,"Oxford Reference Online, Microsoft Power BI, XML Path Language XPATH"
357,HR,HR Executive,28,Other,10,167537,3,0.0775,LOW,3.02,2.99,2.94,396,"['Bond International Software Bond StaffSuite', 'SAP ERP Human Capital Management', 'Google Calendar', 'Mentimeter', 'Cluen executive recruitment software']",PowerPoint Presentations,1 week,"Bond International Software Bond StaffSuite, SAP ERP Human Capital Management, Google Calendar"
358,IT,Engineer,55,Male,14,172995,3,0.257,LOW,3.02,2.99,2.94,2493,"['Oxford Reference Online', 'Microsoft Power BI', 'XML Path Language XPATH', 'Teradata Active Enterprise Data Warehouse', 'BitWizard B.V. mtr']",Advanced Excel,2 weeks,"Oxford Reference Online, Microsoft Power BI, XML Path Language XPATH"
359,HR,HR Executive,32,Male,12,92794,3,0.0898,LOW,3.02,2.99,2.94,397,"['Bond International Software Bond StaffSuite', 'SAP ERP Human Capital Management', 'Google Calendar', 'Mentimeter', 'Cluen executive recruitment software']",PowerPoint Presentations,1 week,"Bond International Software Bond StaffSuite, SAP ERP Human Capital Management, Google Calendar"
360,HR,HR Manager,48,Other,3,137935,3,0.6384,HIGH,3.02,2.99,2.94,396,"['Bond International Software Bond StaffSuite', 'SAP ERP Human Capital Management', 'Google Calendar', 'Mentimeter', 'Cluen executive recruitment software']",PowerPoint Presentations,1 week,"Bond International Software Bond StaffSuite, SAP ERP Human Capital Management, Google Calendar"
361,Marketing,SEO Analyst,44,Female,7,115462,4,0.1922,LOW,3.02,2.99,2.94,174,"['Oracle Java', 'Video production software', 'Mentimeter', 'JavaScript', 'Marketo Marketing Automation']",PowerPoint Presentations,1 week,"Oracle Java, Video production software, Mentimeter"
362,Support,Helpdesk,27,Other,8,87597,2,0.0696,LOW,3.02,2.99,2.94,400,"['Delivery operations information system DOIS', 'Electronic medical record EMR software', 'StataCorp Stata', 'HVAC tools software', 'Evernote']",PowerPoint Presentations,1 week,"Delivery operations information system DOIS, Electronic medical record EMR software, StataCorp Stata"
363,Support,Helpdesk,58,Female,5,55055,4,0.29,LOW,3.02,2.99,2.94,400,"['Delivery operations information system DOIS', 'Electronic medical record EMR software', 'StataCorp Stata', 'HVAC tools software', 'Evernote']",PowerPoint Presentations,1 week,"Delivery operations information system DOIS, Electronic medical record EMR software, StataCorp Stata"
364,IT,Tester,43,Male,13,137797,2,0.0488,LOW,3.02,2.99,2.94,2491,"['Oxford Reference Online', 'Microsoft Power BI', 'XML Path Language XPATH', 'Teradata Active Enterprise Data Warehouse', 'BitWizard B.V. mtr']",Google Analytics Certification,3 weeks,"Oxford Reference Online, Microsoft Power BI, XML Path Language XPATH"
365,Sales,Sales Executive,43,Female,12,53127,3,0.5127,MEDIUM,3.02,2.99,2.94,670,"['Astute Solutions PowerCenter', 'MI-Assistant MI Management System', 'General Magic Portico', 'Sawtooth SSI Web', 'Electronic medical record EMR software']",PowerPoint Presentations,1 week,"Astute Solutions PowerCenter, MI-Assistant MI Management System, General Magic Portico"
366,Support,Helpdesk,34,Male,8,140036,3,0.5985,MEDIUM,3.02,2.99,2.94,399,"['Delivery operations information system DOIS', 'Electronic medical record EMR software', 'StataCorp Stata', 'HVAC tools software', 'Evernote']",PowerPoint Presentations,1 week,"Delivery operations information system DOIS, Electronic medical record EMR software, StataCorp Stata"
367,Finance,Accountant,40,Other,14,124811,3,0.0659,LOW,3.02,2.99,2.94,1433,"['Microsoft Power BI', 'Brihzon Solutions SMART Dairy Resource Planning', 'TechHackers Swap @nalyst', 'Unger Software Methusaleh', 'Computer integrated manufacturing CIM software']",Git Version Control,1 week,"Microsoft Power BI, Brihzon Solutions SMART Dairy Resource Planning, TechHackers Swap @nalyst"
368,IT,Developer,39,Other,5,155312,2,0.7593,HIGH,3.02,2.99,2.94,2491,"['Oxford Reference Online', 'Microsoft Power BI', 'XML Path Language XPATH', 'Teradata Active Enterprise Data Warehouse', 'BitWizard B.V. mtr']",Git Version Control,1 week,"Oxford Reference Online, Microsoft Power BI, XML Path Language XPATH"
369,Sales,Account Manager,49,Male,3,105484,3,0.5128,MEDIUM,3.02,2.99,2.94,669,"['Astute Solutions PowerCenter', 'MI-Assistant MI Management System', 'General Magic Portico', 'Sawtooth SSI Web', 'Electronic medical record EMR software']",PowerPoint Presentations,1 week,"Astute Solutions PowerCenter, MI-Assistant MI Management System, General Magic Portico"
370,HR,HR Executive,25,Female,2,104217,5,0.0281,LOW,3.02,2.99,2.94,396,"['Bond International Software Bond StaffSuite', 'SAP ERP Human Capital Management', 'Google Calendar', 'Mentimeter', 'Cluen executive recruitment software']",PowerPoint Presentations,1 week,"Bond International Software Bond StaffSuite, SAP ERP Human Capital Management, Google Calendar"
371,Finance,Accountant,46,Male,4,167454,3,0.0787,LOW,3.02,2.99,2.94,1432,"['Microsoft Power BI', 'Brihzon Solutions SMART Dairy Resource Planning', 'TechHackers Swap @nalyst', 'Unger Software Methusaleh', 'Computer integrated manufacturing CIM software']",Git Version Control,1 week,"Microsoft Power BI, Brihzon Solutions SMART Dairy Resource Planning, TechHackers Swap @nalyst"
372,IT,Developer,33,Other,9,68529,2,0.7682,HIGH,3.02,2.99,2.94,2493,"['Oxford Reference Online', 'Microsoft Power BI', 'XML Path Language XPATH', 'Teradata Active Enterprise Data Warehouse', 'BitWizard B.V. mtr']",Git Version Control,1 week,"Oxford Reference Online, Microsoft Power BI, XML Path Language XPATH"
373,Finance,Auditor,31,Female,15,53142,3,0.3216,MEDIUM,3.02,2.99,2.94,1433,"['Microsoft Power BI', 'Brihzon Solutions SMART Dairy Resource Planning', 'TechHackers Swap @nalyst', 'Unger Software Methusaleh', 'Computer integrated manufacturing CIM software']",Git Version Control,1 week,"Microsoft Power BI, Brihzon Solutions SMART Dairy Resource Planning, TechHackers Swap @nalyst"
374,Finance,Accountant,58,Male,9,40979,3,0.3714,MEDIUM,3.02,2.99,2.94,1434,"['Microsoft Power BI', 'Brihzon Solutions SMART Dairy Resource Planning', 'TechHackers Swap @nalyst', 'Unger Software Methusaleh', 'Computer integrated manufacturing CIM software']",Git Version Control,1 week,"Microsoft Power BI, Brihzon Solutions SMART Dairy Resource Planning, TechHackers Swap @nalyst"
375,Marketing,SEO Analyst,46,Female,9,161498,4,0.2622,LOW,3.02,2.99,2.94,175,"['Oracle Java', 'Video production software', 'Mentimeter', 'JavaScript', 'Marketo Marketing Automation']",PowerPoint Presentations,1 week,"Oracle Java, Video production software, Mentimeter"
376,IT,Engineer,21,Female,14,147713,3,0.5594,MEDIUM,3.02,2.99,2.94,2494,"['Oxford Reference Online', 'Microsoft Power BI', 'XML Path Language XPATH', 'Teradata Active Enterprise Data Warehouse', 'BitWizard B.V. mtr']",Git Version Control,1 week,"Oxford Reference Online, Microsoft Power BI, XML Path Language XPATH"
377,Sales,Sales Executive,22,Other,2,93080,3,0.5271,MEDIUM,3.02,2.99,2.94,669,"['Astute Solutions PowerCenter', 'MI-Assistant MI Management System', 'General Magic Portico', 'Sawtooth SSI Web', 'Electronic medical record EMR software']",PowerPoint Presentations,1 week,"Astute Solutions PowerCenter, MI-Assistant MI Management System, General Magic Portico"
378,Sales,Sales Executive,56,Male,14,129210,1,0.7252,HIGH,3.02,2.99,2.94,670,"['Astute Solutions PowerCenter', 'MI-Assistant MI Management System', 'General Magic Portico', 'Sawtooth SSI Web', 'Electronic medical record EMR software']",PowerPoint Presentations,1 week,"Astute Solutions PowerCenter, MI-Assistant MI Management System, General Magic Portico"
379,Support,Support Engineer,51,Other,13,37689,2,0.0651,LOW,3.02,2.99,2.94,401,"['Delivery operations information system DOIS', 'Electronic medical record EMR software', 'StataCorp Stata', 'HVAC tools software', 'Evernote']",PowerPoint Presentations,1 week,"Delivery operations information system DOIS, Electronic medical record EMR software, StataCorp Stata"
380,Marketing,SEO Analyst,30,Female,14,173685,3,0.3056,MEDIUM,3.02,2.99,2.94,175,"['Oracle Java', 'Video production software', 'Mentimeter', 'JavaScript', 'Microsoft Excel']",PowerPoint Presentations,1 week,"Oracle Java, Video production software, Mentimeter"
381,IT,Tester,46,Female,11,68482,2,0.0185,LOW,3.02,2.99,2.94,2492,"['Oxford Reference Online', 'Microsoft Power BI', 'XML Path Language XPATH', 'Teradata Active Enterprise Data Warehouse', 'BitWizard B.V. mtr']",Git Version Control,1 week,"Oxford Reference Online, Microsoft Power BI, XML Path Language XPATH"
382,Support,Support Engineer,37,Male,7,51630,3,0.1524,LOW,3.02,2.99,2.94,399,"['Delivery operations information system DOIS', 'Electronic medical record EMR software', 'StataCorp Stata', 'HVAC tools software', 'Evernote']",PowerPoint Presentations,1 week,"Delivery operations information system DOIS, Electronic medical record EMR software, StataCorp Stata"
383,IT,Engineer,31,Male,2,41134,4,0.444,MEDIUM,3.02,2.99,2.94,2493,"['Oxford Reference Online', 'Microsoft Power BI', 'XML Path Language XPATH', 'Teradata Active Enterprise Data Warehouse', 'BitWizard B.V. mtr']",Advanced Excel,2 weeks,"Oxford Reference Online, Microsoft Power BI, XML Path Language XPATH"
384,Sales,Sales Executive,22,Male,4,46137,3,0.5253,MEDIUM,3.02,2.99,2.94,670,"['Astute Solutions PowerCenter', 'MI-Assistant MI Management System', 'General Magic Portico', 'Sawtooth SSI Web', 'Electronic medical record EMR software']",PowerPoint Presentations,1 week,"Astute Solutions PowerCenter, MI-Assistant MI Management System, General Magic Portico"
385,HR,HR Manager,54,Female,9,38595,3,0.0269,LOW,3.02,2.99,2.94,397,"['Bond International Software Bond StaffSuite', 'SAP ERP Human Capital Management', 'Google Calendar', 'Mentimeter', 'Cluen executive recruitment software']",PowerPoint Presentations,1 week,"Bond International Software Bond StaffSuite, SAP ERP Human Capital Management, Google Calendar"
386,Sales,Sales Executive,52,Male,14,175777,3,0.6798,HIGH,3.02,2.99,2.94,671,"['Astute Solutions PowerCenter', 'MI-Assistant MI Management System', 'General Magic Portico', 'Sawtooth SSI Web', 'Electronic medical record EMR software']",PowerPoint Presentations,1 week,"Astute Solutions PowerCenter, MI-Assistant MI Management System, General Magic Portico"
387,Sales,Account Manager,32,Other,7,102650,5,0.0784,LOW,3.02,2.99,2.94,671,"['Astute Solutions PowerCenter', 'MI-Assistant MI Management System', 'General Magic Portico', 'Sawtooth SSI Web', 'Electronic medical record EMR software']",PowerPoint Presentations,1 week,"Astute Solutions PowerCenter, MI-Assistant MI Management System, General Magic Portico"
388,Marketing,Content Lead,51,Female,13,107276,5,0.07,LOW,3.02,2.99,2.94,175,"['Oracle Java', 'Video production software', 'Mentimeter', 'JavaScript', 'Marketo Marketing Automation']",PowerPoint Presentations,1 week,"Oracle Java, Video production software, Mentimeter"
389,Support,Support Engineer,22,Other,7,131037,4,0.0924,LOW,3.02,2.99,2.94,400,"['Delivery operations information system DOIS', 'Electronic medical record EMR software', 'StataCorp Stata', 'HVAC tools software', 'Evernote']",PowerPoint Presentations,1 week,"Delivery operations information system DOIS, Electronic medical record EMR software, StataCorp Stata"
390,Sales,Account Manager,21,Female,5,131917,2,0.1415,LOW,3.02,2.99,2.94,669,"['Astute Solutions PowerCenter', 'MI-Assistant MI Management System', 'General Magic Portico', 'Sawtooth SSI Web', 'Electronic medical record EMR software']",PowerPoint Presentations,1 week,"Astute Solutions PowerCenter, MI-Assistant MI Management System, General Magic Portico"
391,Marketing,Content Lead,60,Other,12,133093,4,0.6202,HIGH,3.02,2.99,2.94,175,"['Oracle Java', 'Video production software', 'Mentimeter', 'JavaScript', 'Microsoft Excel']",PowerPoint Presentations,1 week,"Oracle Java, Video production software, Mentimeter"
392,IT,Tester,48,Female,2,72367,4,0.3276,MEDIUM,3.02,2.99,2.94,2492,"['Oxford Reference Online', 'Microsoft Power BI', 'XML Path Language XPATH', 'Teradata Active Enterprise Data Warehouse', 'BitWizard B.V. mtr']",Google Analytics Certification,3 weeks,"Oxford Reference Online, Microsoft Power BI, XML Path Language XPATH"
393,Support,Helpdesk,25,Male,10,32438,3,0.1768,LOW,3.02,2.99,2.94,400,"['Delivery operations information system DOIS', 'Electronic medical record EMR software', 'StataCorp Stata', 'HVAC tools software', 'Evernote']",PowerPoint Presentations,1 week,"Delivery operations information system DOIS, Electronic medical record EMR software, StataCorp Stata"
394,Finance,Accountant,49,Male,2,59217,3,0.1531,LOW,3.02,2.99,2.94,1433,"['Microsoft Power BI', 'Brihzon Solutions SMART Dairy Resource Planning', 'TechHackers Swap @nalyst', 'Unger Software Methusaleh', 'Computer integrated manufacturing CIM software']",Git Version Control,1 week,"Microsoft Power BI, Brihzon Solutions SMART Dairy Resource Planning, TechHackers Swap @nalyst"
395,Sales,Account Manager,59,Other,12,175726,4,0.3809,MEDIUM,3.02,2.99,2.94,669,"['Astute Solutions PowerCenter', 'MI-Assistant MI Management System', 'General Magic Portico', 'Sawtooth SSI Web', 'Electronic medical record EMR software']",PowerPoint Presentations,1 week,"Astute Solutions PowerCenter, MI-Assistant MI Management System, General Magic Portico"
396,Marketing,SEO Analyst,41,Female,12,32496,3,0.117,LOW,3.02,2.99,2.94,176,"['Oracle Java', 'Video production software', 'Mentimeter', 'JavaScript', 'Marketo Marketing Automation']",PowerPoint Presentations,1 week,"Oracle Java, Video production software, Mentimeter"
397,IT,Engineer,27,Female,9,30860,3,0.2395,LOW,3.02,2.99,2.94,2494,"['Oxford Reference Online', 'Microsoft Power BI', 'XML Path Language XPATH', 'Teradata Active Enterprise Data Warehouse', 'BitWizard B.V. mtr']",Advanced Excel,2 weeks,"Oxford Reference Online, Microsoft Power BI, XML Path Language XPATH"
398,Sales,Sales Executive,48,Female,7,84698,4,0.4886,MEDIUM,3.02,2.99,2.94,670,"['Astute Solutions PowerCenter', 'MI-Assistant MI Management System', 'General Magic Portico', 'Sawtooth SSI Web', 'Electronic medical record EMR software']",PowerPoint Presentations,1 week,"Astute Solutions PowerCenter, MI-Assistant MI Management System, General Magic Portico"
399,Sales,Sales Executive,39,Male,3,41440,3,0.097,LOW,3.02,2.99,2.94,670,"['Astute Solutions PowerCenter', 'MI-Assistant MI Management System', 'General Magic Portico', 'Sawtooth SSI Web', 'Electronic medical record EMR software']",PowerPoint Presentations,1 week,"Astute Solutions PowerCenter, MI-Assistant MI Management System, General Magic Portico"
400,Finance,Accountant,41,Other,6,69711,3,0.2809,LOW,3.02,2.99,2.94,1434,"['Microsoft Power BI', 'Brihzon Solutions SMART Dairy Resource Planning', 'TechHackers Swap @nalyst', 'Unger Software Methusaleh', 'Computer integrated manufacturing CIM software']",Git Version Control,1 week,"Microsoft Power BI, Brihzon Solutions SMART Dairy Resource Planning, TechHackers Swap @nalyst"
401,IT,Developer,60,Other,12,112591,1,0.821,HIGH,3.02,2.99,2.94,2493,"['Oxford Reference Online', 'Microsoft Power BI', 'XML Path Language XPATH', 'Teradata Active Enterprise Data Warehouse', 'BitWizard B.V. mtr']",Git Version Control,1 week,"Oxford Reference Online, Microsoft Power BI, XML Path Language XPATH"
402,Marketing,SEO Analyst,41,Male,4,63692,2,0.7627,HIGH,3.02,2.99,2.94,175,"['Oracle Java', 'Video production software', 'Mentimeter', 'JavaScript', 'Marketo Marketing Automation']",PowerPoint Presentations,1 week,"Oracle Java, Video production software, Mentimeter"
403,Sales,Account Manager,47,Female,11,34950,3,0.4938,MEDIUM,3.02,2.99,2.94,669,"['Astute Solutions PowerCenter', 'MI-Assistant MI Management System', 'General Magic Portico', 'Sawtooth SSI Web', 'Electronic medical record EMR software']",PowerPoint Presentations,1 week,"Astute Solutions PowerCenter, MI-Assistant MI Management System, General Magic Portico"
404,IT,Developer,55,Male,12,162717,5,0.3226,MEDIUM,3.02,2.99,2.94,2494,"['Oxford Reference Online', 'Microsoft Power BI', 'XML Path Language XPATH', 'Teradata Active Enterprise Data Warehouse', 'BitWizard B.V. mtr']",Git Version Control,1 week,"Oxford Reference Online, Microsoft Power BI, XML Path Language XPATH"
405,IT,Tester,49,Male,14,104563,3,0.3923,MEDIUM,3.02,2.99,2.94,2493,"['Oxford Reference Online', 'Microsoft Power BI', 'XML Path Language XPATH', 'Teradata Active Enterprise Data Warehouse', 'BitWizard B.V. mtr']",Advanced Excel,2 weeks,"Oxford Reference Online, Microsoft Power BI, XML Path Language XPATH"
406,Sales,Sales Executive,29,Male,2,83355,2,0.7747,HIGH,3.02,2.99,2.94,670,"['Astute Solutions PowerCenter', 'MI-Assistant MI Management System', 'General Magic Portico', 'Sawtooth SSI Web', 'Electronic medical record EMR software']",PowerPoint Presentations,1 week,"Astute Solutions PowerCenter, MI-Assistant MI Management System, General Magic Portico"
407,IT,Tester,43,Female,11,98962,4,0.0767,LOW,3.02,2.99,2.94,2494,"['Oxford Reference Online', 'Microsoft Power BI', 'XML Path Language XPATH', 'Teradata Active Enterprise Data Warehouse', 'BitWizard B.V. mtr']",Git Version Control,1 week,"Oxford Reference Online, Microsoft Power BI, XML Path Language XPATH"
408,Support,Support Engineer,37,Male,4,53289,5,0.3448,MEDIUM,3.02,2.99,2.94,400,"['Delivery operations information system DOIS', 'Electronic medical record EMR software', 'StataCorp Stata', 'HVAC tools software', 'Evernote']",PowerPoint Presentations,1 week,"Delivery operations information system DOIS, Electronic medical record EMR software, StataCorp Stata"
409,HR,HR Manager,29,Male,8,67267,3,0.5287,MEDIUM,3.02,2.99,2.94,397,"['Bond International Software Bond StaffSuite', 'SAP ERP Human Capital Management', 'Google Calendar', 'Mentimeter', 'Cluen executive recruitment software']",PowerPoint Presentations,1 week,"Bond International Software Bond StaffSuite, SAP ERP Human Capital Management, Google Calendar"
410,Marketing,Content Lead,23,Male,10,64955,2,0.0301,LOW,3.02,2.99,2.94,176,"['Oracle Java', 'Video production software', 'Mentimeter', 'JavaScript', 'Marketo Marketing Automation']",PowerPoint Presentations,1 week,"Oracle Java, Video production software, Mentimeter"
411,Marketing,SEO Analyst,47,Other,2,32693,4,0.5379,MEDIUM,3.02,2.99,2.94,174,"['Oracle Java', 'Video production software', 'Mentimeter', 'JavaScript', 'Marketo Marketing Automation']",PowerPoint Presentations,1 week,"Oracle Java, Video production software, Mentimeter"
412,Support,Support Engineer,48,Other,15,168715,2,0.061,LOW,3.02,2.99,2.94,400,"['Delivery operations information system DOIS', 'Electronic medical record EMR software', 'StataCorp Stata', 'HVAC tools software', 'Evernote']",PowerPoint Presentations,1 week,"Delivery operations information system DOIS, Electronic medical record EMR software, StataCorp Stata"
413,Finance,Auditor,60,Other,5,69898,2,0.814,HIGH,3.02,2.99,2.94,1434,"['Microsoft Power BI', 'Brihzon Solutions SMART Dairy Resource Planning', 'TechHackers Swap @nalyst', 'Unger Software Methusaleh', 'Computer integrated manufacturing CIM software']",Git Version Control,1 week,"Microsoft Power BI, Brihzon Solutions SMART Dairy Resource Planning, TechHackers Swap @nalyst"
414,Finance,Auditor,44,Female,13,76888,4,0.2552,LOW,3.02,2.99,2.94,1433,"['Microsoft Power BI', 'Brihzon Solutions SMART Dairy Resource Planning', 'TechHackers Swap @nalyst', 'Unger Software Methusaleh', 'Computer integrated manufacturing CIM software']",Git Version Control,1 week,"Microsoft Power BI, Brihzon Solutions SMART Dairy Resource Planning, TechHackers Swap @nalyst"
415,IT,Engineer,23,Female,5,77513,1,0.198,LOW,3.02,2.99,2.94,2492,"['Oxford Reference Online', 'Microsoft Power BI', 'XML Path Language XPATH', 'Teradata Active Enterprise Data Warehouse', 'BitWizard B.V. mtr']",Advanced Excel,2 weeks,"Oxford Reference Online, Microsoft Power BI, XML Path Language XPATH"
416,Finance,Auditor,31,Female,4,144517,4,0.5728,MEDIUM,3.02,2.99,2.94,1434,"['Microsoft Power BI', 'Brihzon Solutions SMART Dairy Resource Planning', 'TechHackers Swap @nalyst', 'Unger Software Methusaleh', 'Computer integrated manufacturing CIM software']",Git Version Control,1 week,"Microsoft Power BI, Brihzon Solutions SMART Dairy Resource Planning, TechHackers Swap @nalyst"
417,Finance,Auditor,56,Male,9,125280,3,0.051,LOW,3.02,2.99,2.94,1433,"['Microsoft Power BI', 'Brihzon Solutions SMART Dairy Resource Planning', 'TechHackers Swap @nalyst', 'Unger Software Methusaleh', 'Computer integrated manufacturing CIM software']",Git Version Control,1 week,"Microsoft Power BI, Brihzon Solutions SMART Dairy Resource Planning, TechHackers Swap @nalyst"
418,Sales,Account Manager,42,Other,2,127848,3,0.4326,MEDIUM,3.02,2.99,2.94,670,"['Astute Solutions PowerCenter', 'MI-Assistant MI Management System', 'General Magic Portico', 'Sawtooth SSI Web', 'Electronic medical record EMR software']",PowerPoint Presentations,1 week,"Astute Solutions PowerCenter, MI-Assistant MI Management System, General Magic Portico"
419,Marketing,Content Lead,42,Female,3,41729,3,0.0293,LOW,3.02,2.99,2.94,174,"['Oracle Java', 'Video production software', 'Mentimeter', 'JavaScript', 'Marketo Marketing Automation']",PowerPoint Presentations,1 week,"Oracle Java, Video production software, Mentimeter"
420,Sales,Account Manager,60,Female,5,115766,4,0.4104,MEDIUM,3.02,2.99,2.94,671,"['Astute Solutions PowerCenter', 'MI-Assistant MI Management System', 'General Magic Portico', 'Sawtooth SSI Web', 'Electronic medical record EMR software']",PowerPoint Presentations,1 week,"Astute Solutions PowerCenter, MI-Assistant MI Management System, General Magic Portico"
421,Finance,Auditor,45,Male,8,123401,4,0.6169,HIGH,3.02,2.99,2.94,1433,"['Microsoft Power BI', 'Brihzon Solutions SMART Dairy Resource Planning', 'TechHackers Swap @nalyst', 'Unger Software Methusaleh', 'Computer integrated manufacturing CIM software']",Git Version Control,1 week,"Microsoft Power BI, Brihzon Solutions SMART Dairy Resource Planning, TechHackers Swap @nalyst"
422,Marketing,Content Lead,60,Female,6,155850,3,0.0689,LOW,3.02,2.99,2.94,175,"['Oracle Java', 'Video production software', 'Mentimeter', 'JavaScript', 'Microsoft Excel']",PowerPoint Presentations,1 week,"Oracle Java, Video production software, Mentimeter"
423,Sales,Account Manager,33,Female,4,127997,4,0.3098,MEDIUM,3.02,2.99,2.94,669,"['Astute Solutions PowerCenter', 'MI-Assistant MI Management System', 'General Magic Portico', 'Sawtooth SSI Web', 'Electronic medical record EMR software']",PowerPoint Presentations,1 week,"Astute Solutions PowerCenter, MI-Assistant MI Management System, General Magic Portico"
424,Marketing,Content Lead,27,Male,9,156714,4,0.0638,LOW,3.02,2.99,2.94,175,"['Oracle Java', 'Video production software', 'Mentimeter', 'JavaScript', 'Microsoft Excel']",PowerPoint Presentations,1 week,"Oracle Java, Video production software, Mentimeter"
425,Marketing,SEO Analyst,58,Other,15,149436,3,0.2239,LOW,3.02,2.99,2.94,174,"['Oracle Java', 'Video production software', 'Mentimeter', 'JavaScript', 'Marketo Marketing Automation']",PowerPoint Presentations,1 week,"Oracle Java, Video production software, Mentimeter"
426,Sales,Account Manager,30,Male,3,36058,3,0.2914,LOW,3.02,2.99,2.94,670,"['Astute Solutions PowerCenter', 'MI-Assistant MI Management System', 'General Magic Portico', 'Sawtooth SSI Web', 'Electronic medical record EMR software']",PowerPoint Presentations,1 week,"Astute Solutions PowerCenter, MI-Assistant MI Management System, General Magic Portico"
427,Finance,Accountant,46,Other,3,159792,3,0.0804,LOW,3.02,2.99,2.94,1434,"['Microsoft Power BI', 'Brihzon Solutions SMART Dairy Resource Planning', 'TechHackers Swap @nalyst', 'Unger Software Methusaleh', 'Computer integrated manufacturing CIM software']",Git Version Control,1 week,"Microsoft Power BI, Brihzon Solutions SMART Dairy Resource Planning, TechHackers Swap @nalyst"
428,Sales,Account Manager,47,Female,5,74415,3,0.481,MEDIUM,3.02,2.99,2.94,670,"['Astute Solutions PowerCenter', 'MI-Assistant MI Management System', 'General Magic Portico', 'Sawtooth SSI Web', 'Electronic medical record EMR software']",PowerPoint Presentations,1 week,"Astute Solutions PowerCenter, MI-Assistant MI Management System, General Magic Portico"
429,Finance,Auditor,33,Other,8,43491,4,0.0923,LOW,3.02,2.99,2.94,1432,"['Microsoft Power BI', 'Brihzon Solutions SMART Dairy Resource Planning', 'TechHackers Swap @nalyst', 'Unger Software Methusaleh', 'Computer integrated manufacturing CIM software']",Git Version Control,1 week,"Microsoft Power BI, Brihzon Solutions SMART Dairy Resource Planning, TechHackers Swap @nalyst"
430,Sales,Sales Executive,29,Male,15,46600,5,0.4164,MEDIUM,3.02,2.99,2.94,670,"['Astute Solutions PowerCenter', 'MI-Assistant MI Management System', 'General Magic Portico', 'Sawtooth SSI Web', 'Electronic medical record EMR software']",PowerPoint Presentations,1 week,"Astute Solutions PowerCenter, MI-Assistant MI Management System, General Magic Portico"
431,IT,Developer,40,Female,10,57166,3,0.049,LOW,3.02,2.99,2.94,2492,"['Oxford Reference Online', 'Microsoft Power BI', 'XML Path Language XPATH', 'Teradata Active Enterprise Data Warehouse', 'BitWizard B.V. mtr']",Git Version Control,1 week,"Oxford Reference Online, Microsoft Power BI, XML Path Language XPATH"
432,Support,Support Engineer,40,Male,3,159746,4,0.0448,LOW,3.02,2.99,2.94,400,"['Delivery operations information system DOIS', 'Electronic medical record EMR software', 'StataCorp Stata', 'HVAC tools software', 'Evernote']",PowerPoint Presentations,1 week,"Delivery operations information system DOIS, Electronic medical record EMR software, StataCorp Stata"
433,Sales,Sales Executive,53,Female,4,175837,2,0.7121,HIGH,3.02,2.99,2.94,669,"['Astute Solutions PowerCenter', 'MI-Assistant MI Management System', 'General Magic Portico', 'Sawtooth SSI Web', 'Electronic medical record EMR software']",PowerPoint Presentations,1 week,"Astute Solutions PowerCenter, MI-Assistant MI Management System, General Magic Portico"
434,Support,Support Engineer,52,Female,8,80388,1,0.1731,LOW,3.02,2.99,2.94,399,"['Delivery operations information system DOIS', 'Electronic medical record EMR software', 'StataCorp Stata', 'HVAC tools software', 'Evernote']",PowerPoint Presentations,1 week,"Delivery operations information system DOIS, Electronic medical record EMR software, StataCorp Stata"
435,Support,Support Engineer,52,Other,9,171878,4,0.1827,LOW,3.02,2.99,2.94,401,"['Delivery operations information system DOIS', 'Electronic medical record EMR software', 'StataCorp Stata', 'HVAC tools software', 'Evernote']",PowerPoint Presentations,1 week,"Delivery operations information system DOIS, Electronic medical record EMR software, StataCorp Stata"
436,Marketing,SEO Analyst,59,Male,4,85221,4,0.1838,LOW,3.02,2.99,2.94,176,"['Oracle Java', 'Video production software', 'Mentimeter', 'JavaScript', 'Microsoft Excel']",PowerPoint Presentations,1 week,"Oracle Java, Video production software, Mentimeter"
437,HR,HR Executive,48,Other,5,59266,3,0.0956,LOW,3.02,2.99,2.94,397,"['Bond International Software Bond StaffSuite', 'SAP ERP Human Capital Management', 'Google Calendar', 'Mentimeter', 'Cluen executive recruitment software']",PowerPoint Presentations,1 week,"Bond International Software Bond StaffSuite, SAP ERP Human Capital Management, Google Calendar"
438,Marketing,SEO Analyst,37,Other,2,169877,3,0.0626,LOW,3.02,2.99,2.94,174,"['Oracle Java', 'Video production software', 'Mentimeter', 'JavaScript', 'Marketo Marketing Automation']",PowerPoint Presentations,1 week,"Oracle Java, Video production software, Mentimeter"
439,Marketing,SEO Analyst,55,Female,9,78917,3,0.4715,MEDIUM,3.02,2.99,2.94,175,"['Oracle Java', 'Video production software', 'Mentimeter', 'JavaScript', 'Marketo Marketing Automation']",PowerPoint Presentations,1 week,"Oracle Java, Video production software, Mentimeter"
440,Sales,Sales Executive,54,Male,3,135185,3,0.4764,MEDIUM,3.02,2.99,2.94,670,"['Astute Solutions PowerCenter', 'MI-Assistant MI Management System', 'General Magic Portico', 'Sawtooth SSI Web', 'Electronic medical record EMR software']",PowerPoint Presentations,1 week,"Astute Solutions PowerCenter, MI-Assistant MI Management System, General Magic Portico"
441,Sales,Sales Executive,25,Female,14,110287,3,0.1793,LOW,3.02,2.99,2.94,669,"['Astute Solutions PowerCenter', 'MI-Assistant MI Management System', 'General Magic Portico', 'Sawtooth SSI Web', 'Electronic medical record EMR software']",PowerPoint Presentations,1 week,"Astute Solutions PowerCenter, MI-Assistant MI Management System, General Magic Portico"
442,Support,Helpdesk,27,Other,11,50125,4,0.3309,MEDIUM,3.02,2.99,2.94,400,"['Delivery operations information system DOIS', 'Electronic medical record EMR software', 'StataCorp Stata', 'HVAC tools software', 'Evernote']",PowerPoint Presentations,1 week,"Delivery operations information system DOIS, Electronic medical record EMR software, StataCorp Stata"
443,HR,HR Manager,25,Female,9,110690,5,0.0565,LOW,3.02,2.99,2.94,396,"['Bond International Software Bond StaffSuite', 'SAP ERP Human Capital Management', 'Google Calendar', 'Mentimeter', 'Cluen executive recruitment software']",PowerPoint Presentations,1 week,"Bond International Software Bond StaffSuite, SAP ERP Human Capital Management, Google Calendar"
444,IT,Tester,49,Other,4,47150,3,0.0916,LOW,3.02,2.99,2.94,2495,"['Oxford Reference Online', 'Microsoft Power BI', 'XML Path Language XPATH', 'Teradata Active Enterprise Data Warehouse', 'BitWizard B.V. mtr']",Git Version Control,1 week,"Oxford Reference Online, Microsoft Power BI, XML Path Language XPATH"
445,Sales,Account Manager,34,Female,12,121514,4,0.1535,LOW,3.02,2.99,2.94,669,"['Astute Solutions PowerCenter', 'MI-Assistant MI Management System', 'General Magic Portico', 'Sawtooth SSI Web', 'Electronic medical record EMR software']",PowerPoint Presentations,1 week,"Astute Solutions PowerCenter, MI-Assistant MI Management System, General Magic Portico"
446,Support,Helpdesk,30,Female,14,179581,4,0.4974,MEDIUM,3.02,2.99,2.94,400,"['Delivery operations information system DOIS', 'Electronic medical record EMR software', 'StataCorp Stata', 'HVAC tools software', 'Evernote']",PowerPoint Presentations,1 week,"Delivery operations information system DOIS, Electronic medical record EMR software, StataCorp Stata"
447,Sales,Sales Executive,29,Female,9,161650,3,0.4304,MEDIUM,3.02,2.99,2.94,671,"['Astute Solutions PowerCenter', 'MI-Assistant MI Management System', 'General Magic Portico', 'Sawtooth SSI Web', 'Electronic medical record EMR software']",PowerPoint Presentations,1 week,"Astute Solutions PowerCenter, MI-Assistant MI Management System, General Magic Portico"
448,IT,Tester,58,Male,5,94497,4,0.6722,HIGH,3.02,2.99,2.94,2492,"['Oxford Reference Online', 'Microsoft Power BI', 'XML Path Language XPATH', 'Teradata Active Enterprise Data Warehouse', 'BitWizard B.V. mtr']",Git Version Control,1 week,"Oxford Reference Online, Microsoft Power BI, XML Path Language XPATH"
449,Finance,Accountant,57,Female,3,42163,3,0.0458,LOW,3.02,2.99,2.94,1432,"['Microsoft Power BI', 'Brihzon Solutions SMART Dairy Resource Planning', 'TechHackers Swap @nalyst', 'Unger Software Methusaleh', 'Computer integrated manufacturing CIM software']",Git Version Control,1 week,"Microsoft Power BI, Brihzon Solutions SMART Dairy Resource Planning, TechHackers Swap @nalyst"
450,IT,Developer,60,Male,5,46869,2,0.7587,HIGH,3.02,2.99,2.94,2494,"['Oxford Reference Online', 'Microsoft Power BI', 'XML Path Language XPATH', 'Teradata Active Enterprise Data Warehouse', 'BitWizard B.V. mtr']",Google Analytics Certification,3 weeks,"Oxford Reference Online, Microsoft Power BI, XML Path Language XPATH"
451,Support,Helpdesk,45,Female,9,77555,4,0.4143,MEDIUM,3.02,2.99,2.94,399,"['Delivery operations information system DOIS', 'Electronic medical record EMR software', 'StataCorp Stata', 'HVAC tools software', 'Evernote']",PowerPoint Presentations,1 week,"Delivery operations information system DOIS, Electronic medical record EMR software, StataCorp Stata"
452,Support,Support Engineer,34,Male,2,33685,3,0.27,LOW,3.02,2.99,2.94,401,"['Delivery operations information system DOIS', 'Electronic medical record EMR software', 'StataCorp Stata', 'HVAC tools software', 'Evernote']",PowerPoint Presentations,1 week,"Delivery operations information system DOIS, Electronic medical record EMR software, StataCorp Stata"
453,IT,Engineer,53,Male,3,152409,4,0.1066,LOW,3.02,2.99,2.94,2492,"['Oxford Reference Online', 'Microsoft Power BI', 'XML Path Language XPATH', 'Teradata Active Enterprise Data Warehouse', 'BitWizard B.V. mtr']",Advanced Excel,2 weeks,"Oxford Reference Online, Microsoft Power BI, XML Path Language XPATH"
454,IT,Engineer,43,Other,4,110233,4,0.1035,LOW,3.02,2.99,2.94,2491,"['Oxford Reference Online', 'Microsoft Power BI', 'XML Path Language XPATH', 'Teradata Active Enterprise Data Warehouse', 'BitWizard B.V. mtr']",Git Version Control,1 week,"Oxford Reference Online, Microsoft Power BI, XML Path Language XPATH"
455,IT,Developer,43,Female,4,111332,3,0.0695,LOW,3.02,2.99,2.94,2493,"['Oxford Reference Online', 'Microsoft Power BI', 'XML Path Language XPATH', 'Teradata Active Enterprise Data Warehouse', 'BitWizard B.V. mtr']",Git Version Control,1 week,"Oxford Reference Online, Microsoft Power BI, XML Path Language XPATH"
456,Marketing,Content Lead,46,Male,3,141468,3,0.5107,MEDIUM,3.02,2.99,2.94,175,"['Oracle Java', 'Video production software', 'Mentimeter', 'JavaScript', 'Marketo Marketing Automation']",PowerPoint Presentations,1 week,"Oracle Java, Video production software, Mentimeter"
457,Support,Helpdesk,48,Male,7,88349,3,0.4821,MEDIUM,3.02,2.99,2.94,400,"['Delivery operations information system DOIS', 'Electronic medical record EMR software', 'StataCorp Stata', 'HVAC tools software', 'Evernote']",PowerPoint Presentations,1 week,"Delivery operations information system DOIS, Electronic medical record EMR software, StataCorp Stata"
458,HR,HR Executive,47,Female,11,119643,4,0.0698,LOW,3.02,2.99,2.94,397,"['Bond International Software Bond StaffSuite', 'SAP ERP Human Capital Management', 'Google Calendar', 'Mentimeter', 'Cluen executive recruitment software']",PowerPoint Presentations,1 week,"Bond International Software Bond StaffSuite, SAP ERP Human Capital Management, Google Calendar"
459,Sales,Account Manager,32,Other,3,161632,1,0.0766,LOW,3.02,2.99,2.94,671,"['Astute Solutions PowerCenter', 'MI-Assistant MI Management System', 'General Magic Portico', 'Sawtooth SSI Web', 'Electronic medical record EMR software']",PowerPoint Presentations,1 week,"Astute Solutions PowerCenter, MI-Assistant MI Management System, General Magic Portico"
460,Marketing,SEO Analyst,34,Male,2,53266,4,0.2372,LOW,3.02,2.99,2.94,176,"['Oracle Java', 'Video production software', 'Mentimeter', 'JavaScript', 'Marketo Marketing Automation']",PowerPoint Presentations,1 week,"Oracle Java, Video production software, Mentimeter"
461,Finance,Accountant,60,Other,15,67827,2,0.8393,HIGH,3.02,2.99,2.94,1433,"['Microsoft Power BI', 'Brihzon Solutions SMART Dairy Resource Planning', 'TechHackers Swap @nalyst', 'Unger Software Methusaleh', 'Computer integrated manufacturing CIM software']",Git Version Control,1 week,"Microsoft Power BI, Brihzon Solutions SMART Dairy Resource Planning, TechHackers Swap @nalyst"
462,Support,Support Engineer,27,Female,4,116235,3,0.0665,LOW,3.02,2.99,2.94,401,"['Delivery operations information system DOIS', 'Electronic medical record EMR software', 'StataCorp Stata', 'HVAC tools software', 'Evernote']",PowerPoint Presentations,1 week,"Delivery operations information system DOIS, Electronic medical record EMR software, StataCorp Stata"
463,Finance,Accountant,58,Female,13,35093,4,0.1175,LOW,3.02,2.99,2.94,1433,"['Microsoft Power BI', 'Brihzon Solutions SMART Dairy Resource Planning', 'TechHackers Swap @nalyst', 'Unger Software Methusaleh', 'Computer integrated manufacturing CIM software']",Git Version Control,1 week,"Microsoft Power BI, Brihzon Solutions SMART Dairy Resource Planning, TechHackers Swap @nalyst"
464,Sales,Account Manager,60,Female,14,155870,3,0.0898,LOW,3.02,2.99,2.94,670,"['Astute Solutions PowerCenter', 'MI-Assistant MI Management System', 'General Magic Portico', 'Sawtooth SSI Web', 'Electronic medical record EMR software']",PowerPoint Presentations,1 week,"Astute Solutions PowerCenter, MI-Assistant MI Management System, General Magic Portico"
465,Support,Helpdesk,32,Other,2,140627,4,0.3868,MEDIUM,3.02,2.99,2.94,400,"['Delivery operations information system DOIS', 'Electronic medical record EMR software', 'StataCorp Stata', 'HVAC tools software', 'Evernote']",PowerPoint Presentations,1 week,"Delivery operations information system DOIS, Electronic medical record EMR software, StataCorp Stata"
466,IT,Developer,28,Female,2,93057,4,0.0511,LOW,3.02,2.99,2.94,2490,"['Oxford Reference Online', 'Microsoft Power BI', 'XML Path Language XPATH', 'Teradata Active Enterprise Data Warehouse', 'BitWizard B.V. mtr']",Google Analytics Certification,3 weeks,"Oxford Reference Online, Microsoft Power BI, XML Path Language XPATH"
467,Finance,Auditor,25,Female,11,107898,3,0.0541,LOW,3.02,2.99,2.94,1433,"['Microsoft Power BI', 'Brihzon Solutions SMART Dairy Resource Planning', 'TechHackers Swap @nalyst', 'Unger Software Methusaleh', 'Computer integrated manufacturing CIM software']",Git Version Control,1 week,"Microsoft Power BI, Brihzon Solutions SMART Dairy Resource Planning, TechHackers Swap @nalyst"
468,HR,HR Executive,59,Male,9,169457,2,0.7543,HIGH,3.02,2.99,2.94,396,"['Bond International Software Bond StaffSuite', 'SAP ERP Human Capital Management', 'Google Calendar', 'Mentimeter', 'Cluen executive recruitment software']",PowerPoint Presentations,1 week,"Bond International Software Bond StaffSuite, SAP ERP Human Capital Management, Google Calendar"
469,Finance,Auditor,40,Female,5,173633,3,0.5077,MEDIUM,3.02,2.99,2.94,1432,"['Microsoft Power BI', 'Brihzon Solutions SMART Dairy Resource Planning', 'TechHackers Swap @nalyst', 'Unger Software Methusaleh', 'Computer integrated manufacturing CIM software']",Git Version Control,1 week,"Microsoft Power BI, Brihzon Solutions SMART Dairy Resource Planning, TechHackers Swap @nalyst"
470,HR,HR Executive,60,Male,14,92312,1,0.8409,HIGH,3.02,2.99,2.94,397,"['Bond International Software Bond StaffSuite', 'SAP ERP Human Capital Management', 'Google Calendar', 'Mentimeter', 'Cluen executive recruitment software']",PowerPoint Presentations,1 week,"Bond International Software Bond StaffSuite, SAP ERP Human Capital Management, Google Calendar"
471,HR,HR Manager,22,Female,8,35152,3,0.0404,LOW,3.02,2.99,2.94,396,"['Bond International Software Bond StaffSuite', 'SAP ERP Human Capital Management', 'Google Calendar', 'Mentimeter', 'Cluen executive recruitment software']",PowerPoint Presentations,1 week,"Bond International Software Bond StaffSuite, SAP ERP Human Capital Management, Google Calendar"
472,Finance,Accountant,37,Male,5,162437,2,0.7863,HIGH,3.02,2.99,2.94,1433,"['Microsoft Power BI', 'Brihzon Solutions SMART Dairy Resource Planning', 'TechHackers Swap @nalyst', 'Unger Software Methusaleh', 'Computer integrated manufacturing CIM software']",Git Version Control,1 week,"Microsoft Power BI, Brihzon Solutions SMART Dairy Resource Planning, TechHackers Swap @nalyst"
473,IT,Engineer,44,Other,13,129971,4,0.7061,HIGH,3.02,2.99,2.94,2491,"['Oxford Reference Online', 'Microsoft Power BI', 'XML Path Language XPATH', 'Teradata Active Enterprise Data Warehouse', 'BitWizard B.V. mtr']",Git Version Control,1 week,"Oxford Reference Online, Microsoft Power BI, XML Path Language XPATH"
474,Finance,Auditor,54,Male,9,175948,2,0.661,HIGH,3.02,2.99,2.94,1434,"['Microsoft Power BI', 'Brihzon Solutions SMART Dairy Resource Planning', 'TechHackers Swap @nalyst', 'Unger Software Methusaleh', 'Computer integrated manufacturing CIM software']",Git Version Control,1 week,"Microsoft Power BI, Brihzon Solutions SMART Dairy Resource Planning, TechHackers Swap @nalyst"
475,Sales,Account Manager,35,Male,4,162702,3,0.0812,LOW,3.02,2.99,2.94,670,"['Astute Solutions PowerCenter', 'MI-Assistant MI Management System', 'General Magic Portico', 'Sawtooth SSI Web', 'Electronic medical record EMR software']",PowerPoint Presentations,1 week,"Astute Solutions PowerCenter, MI-Assistant MI Management System, General Magic Portico"
476,HR,HR Manager,24,Male,5,76735,4,0.2267,LOW,3.02,2.99,2.94,396,"['Bond International Software Bond StaffSuite', 'SAP ERP Human Capital Management', 'Google Calendar', 'Mentimeter', 'Cluen executive recruitment software']",PowerPoint Presentations,1 week,"Bond International Software Bond StaffSuite, SAP ERP Human Capital Management, Google Calendar"
477,Sales,Sales Executive,49,Other,14,64651,4,0.0922,LOW,3.02,2.99,2.94,670,"['Astute Solutions PowerCenter', 'MI-Assistant MI Management System', 'General Magic Portico', 'Sawtooth SSI Web', 'Electronic medical record EMR software']",PowerPoint Presentations,1 week,"Astute Solutions PowerCenter, MI-Assistant MI Management System, General Magic Portico"
478,Marketing,Content Lead,55,Other,15,94382,4,0.0721,LOW,3.02,2.99,2.94,174,"['Oracle Java', 'Video production software', 'Mentimeter', 'JavaScript', 'Marketo Marketing Automation']",PowerPoint Presentations,1 week,"Oracle Java, Video production software, Mentimeter"
479,IT,Tester,56,Other,5,140237,3,0.2777,LOW,3.02,2.99,2.94,2493,"['Oxford Reference Online', 'Microsoft Power BI', 'XML Path Language XPATH', 'Teradata Active Enterprise Data Warehouse', 'BitWizard B.V. mtr']",Git Version Control,1 week,"Oxford Reference Online, Microsoft Power BI, XML Path Language XPATH"
480,Support,Helpdesk,51,Other,14,77476,4,0.0737,LOW,3.02,2.99,2.94,400,"['Delivery operations information system DOIS', 'Electronic medical record EMR software', 'StataCorp Stata', 'HVAC tools software', 'Evernote']",PowerPoint Presentations,1 week,"Delivery operations information system DOIS, Electronic medical record EMR software, StataCorp Stata"
481,IT,Developer,21,Female,2,36213,3,0.0892,LOW,3.02,2.99,2.94,2492,"['Oxford Reference Online', 'Microsoft Power BI', 'XML Path Language XPATH', 'Teradata Active Enterprise Data Warehouse', 'BitWizard B.V. mtr']",Google Analytics Certification,3 weeks,"Oxford Reference Online, Microsoft Power BI, XML Path Language XPATH"
482,Support,Support Engineer,43,Other,8,60868,3,0.3783,MEDIUM,3.02,2.99,2.94,399,"['Delivery operations information system DOIS', 'Electronic medical record EMR software', 'StataCorp Stata', 'HVAC tools software', 'Evernote']",PowerPoint Presentations,1 week,"Delivery operations information system DOIS, Electronic medical record EMR software, StataCorp Stata"
483,IT,Tester,52,Other,6,42425,2,0.6539,HIGH,3.02,2.99,2.94,2495,"['Oxford Reference Online', 'Microsoft Power BI', 'XML Path Language XPATH', 'Teradata Active Enterprise Data Warehouse', 'BitWizard B.V. mtr']",Git Version Control,1 week,"Oxford Reference Online, Microsoft Power BI, XML Path Language XPATH"
484,Sales,Sales Executive,31,Other,4,171672,3,0.0549,LOW,3.02,2.99,2.94,669,"['Astute Solutions PowerCenter', 'MI-Assistant MI Management System', 'General Magic Portico', 'Sawtooth SSI Web', 'Electronic medical record EMR software']",PowerPoint Presentations,1 week,"Astute Solutions PowerCenter, MI-Assistant MI Management System, General Magic Portico"
485,Sales,Sales Executive,47,Female,7,64927,5,0.6382,HIGH,3.02,2.99,2.94,671,"['Astute Solutions PowerCenter', 'MI-Assistant MI Management System', 'General Magic Portico', 'Sawtooth SSI Web', 'Electronic medical record EMR software']",PowerPoint Presentations,1 week,"Astute Solutions PowerCenter, MI-Assistant MI Management System, General Magic Portico"
486,Sales,Sales Executive,59,Female,7,51461,3,0.1814,LOW,3.02,2.99,2.94,670,"['Astute Solutions PowerCenter', 'MI-Assistant MI Management System', 'General Magic Portico', 'Sawtooth SSI Web', 'Electronic medical record EMR software']",PowerPoint Presentations,1 week,"Astute Solutions PowerCenter, MI-Assistant MI Management System, General Magic Portico"
487,IT,Developer,33,Male,11,31689,4,0.0757,LOW,3.02,2.99,2.94,2492,"['Oxford Reference Online', 'Microsoft Power BI', 'XML Path Language XPATH', 'Teradata Active Enterprise Data Warehouse', 'BitWizard B.V. mtr']",Google Analytics Certification,3 weeks,"Oxford Reference Online, Microsoft Power BI, XML Path Language XPATH"
488,Finance,Auditor,39,Other,15,151142,4,0.5359,MEDIUM,3.02,2.99,2.94,1433,"['Microsoft Power BI', 'Brihzon Solutions SMART Dairy Resource Planning', 'TechHackers Swap @nalyst', 'Unger Software Methusaleh', 'Computer integrated manufacturing CIM software']",Git Version Control,1 week,"Microsoft Power BI, Brihzon Solutions SMART Dairy Resource Planning, TechHackers Swap @nalyst"
489,Finance,Accountant,47,Male,15,44069,3,0.2849,LOW,3.02,2.99,2.94,1434,"['Microsoft Power BI', 'Brihzon Solutions SMART Dairy Resource Planning', 'TechHackers Swap @nalyst', 'Unger Software Methusaleh', 'Computer integrated manufacturing CIM software']",Git Version Control,1 week,"Microsoft Power BI, Brihzon Solutions SMART Dairy Resource Planning, TechHackers Swap @nalyst"
490,HR,HR Manager,57,Other,7,178046,4,0.5268,MEDIUM,3.02,2.99,2.94,396,"['Bond International Software Bond StaffSuite', 'SAP ERP Human Capital Management', 'Google Calendar', 'Mentimeter', 'Cluen executive recruitment software']",PowerPoint Presentations,1 week,"Bond International Software Bond StaffSuite, SAP ERP Human Capital Management, Google Calendar"
491,Sales,Account Manager,51,Female,4,109973,3,0.0798,LOW,3.02,2.99,2.94,670,"['Astute Solutions PowerCenter', 'MI-Assistant MI Management System', 'General Magic Portico', 'Sawtooth SSI Web', 'Electronic medical record EMR software']",PowerPoint Presentations,1 week,"Astute Solutions PowerCenter, MI-Assistant MI Management System, General Magic Portico"
492,Marketing,SEO Analyst,34,Male,3,56917,3,0.039,LOW,3.02,2.99,2.94,176,"['Oracle Java', 'Video production software', 'Mentimeter', 'JavaScript', 'Microsoft Excel']",PowerPoint Presentations,1 week,"Oracle Java, Video production software, Mentimeter"
493,IT,Tester,59,Other,10,89449,5,0.084,LOW,3.02,2.99,2.94,2490,"['Oxford Reference Online', 'Microsoft Power BI', 'XML Path Language XPATH', 'Teradata Active Enterprise Data Warehouse', 'BitWizard B.V. mtr']",Git Version Control,1 week,"Oxford Reference Online, Microsoft Power BI, XML Path Language XPATH"
494,HR,HR Manager,53,Female,6,152708,3,0.5521,MEDIUM,3.02,2.99,2.94,397,"['Bond International Software Bond StaffSuite', 'SAP ERP Human Capital Management', 'Google Calendar', 'Mentimeter', 'Cluen executive recruitment software']",PowerPoint Presentations,1 week,"Bond International Software Bond StaffSuite, SAP ERP Human Capital Management, Google Calendar"
495,IT,Developer,38,Male,4,56333,4,0.2023,LOW,3.02,2.99,2.94,2494,"['Oxford Reference Online', 'Microsoft Power BI', 'XML Path Language XPATH', 'Teradata Active Enterprise Data Warehouse', 'BitWizard B.V. mtr']",Advanced Excel,2 weeks,"Oxford Reference Online, Microsoft Power BI, XML Path Language XPATH"
496,IT,Developer,25,Other,12,127673,3,0.1546,LOW,3.02,2.99,2.94,2496,"['Oxford Reference Online', 'Microsoft Power BI', 'XML Path Language XPATH', 'Teradata Active Enterprise Data Warehouse', 'BitWizard B.V. mtr']",Git Version Control,1 week,"Oxford Reference Online, Microsoft Power BI, XML Path Language XPATH"
497,Finance,Auditor,47,Other,6,107623,3,0.0881,LOW,3.02,2.99,2.94,1433,"['Microsoft Power BI', 'Brihzon Solutions SMART Dairy Resource Planning', 'TechHackers Swap @nalyst', 'Unger Software Methusaleh', 'Computer integrated manufacturing CIM software']",Git Version Control,1 week,"Microsoft Power BI, Brihzon Solutions SMART Dairy Resource Planning, TechHackers Swap @nalyst"
498,Finance,Accountant,44,Male,4,90850,2,0.7934,HIGH,3.02,2.99,2.94,1433,"['Microsoft Power BI', 'Brihzon Solutions SMART Dairy Resource Planning', 'TechHackers Swap @nalyst', 'Unger Software Methusaleh', 'Computer integrated manufacturing CIM software']",Git Version Control,1 week,"Microsoft Power BI, Brihzon Solutions SMART Dairy Resource Planning, TechHackers Swap @nalyst"
499,Sales,Account Manager,52,Other,7,138568,3,0.2926,LOW,3.02,2.99,2.94,670,"['Astute Solutions PowerCenter', 'MI-Assistant MI Management System', 'General Magic Portico', 'Sawtooth SSI Web', 'Electronic medical record EMR software']",PowerPoint Presentations,1 week,"Astute Solutions PowerCenter, MI-Assistant MI Management System, General Magic Portico"
500,Marketing,Content Lead,40,Male,8,77261,4,0.1949,LOW,3.02,2.99,2.94,175,"['Oracle Java', 'Video production software', 'Mentimeter', 'JavaScript', 'Marketo Marketing Automation']",PowerPoint Presentations,1 week,"Oracle Java, Video production software, Mentimeter"
